Date,GLD,SPY,TLT,VIX,SPY_vol21,TLT_vol21,GLD_vol21,state,regime
2005-02-02,0.0014241961696689,0.0030228713607495,0.0022991017882603,11.65999984741211,0.1004474424917854,0.0774819999548204,0.1091342630021935,1,Bull
2005-02-03,-0.0114504958468622,-0.002602431252194,-0.000546411339825,11.789999961853027,0.0911816612078953,0.0643878644932049,0.1135398949801674,1,Bull
2005-02-04,-0.0050511010728856,0.0106192500392458,0.0138010153445772,11.210000038146973,0.0944627545529254,0.0755032289835841,0.1143202313203538,1,Bull
2005-02-07,-0.0048344488376878,-0.0013313525207786,0.0074199242110694,11.729999542236328,0.0934887516820846,0.0770719569097533,0.1081223711632277,1,Bull
2005-02-08,-0.0002423878935509,0.0011652179892309,0.0056621001833135,11.600000381469728,0.0932154484353268,0.0776699111737377,0.1056161076522582,1,Bull
2005-02-09,0.0012111676893591,-0.0075152574955521,0.0026602539332228,12.0,0.0961684465094633,0.0775175409858412,0.1051736075064966,1,Bull
2005-02-10,0.0105948166446427,0.0035977136877904,-0.0135854588837149,11.510000228881836,0.0933266094140316,0.0956733431581797,0.1098389261360381,1,Bull
2005-02-11,0.0078731606462459,0.0085649790927233,-0.0006451249082161,11.43000030517578,0.0969421474079195,0.0961156752631642,0.1084498706677997,1,Bull
2005-02-14,0.0111072251458506,-0.0007452722083044,0.0031186486845737,11.520000457763672,0.0916314823806759,0.0922154792660294,0.1157821977778039,1,Bull
2005-02-15,0.0007048653790649,0.003721750158545,-0.0050614456645975,11.270000457763672,0.0909314965751779,0.0949843804209823,0.11332327639713,1,Bull
2005-02-16,-0.0014101382284351,0.0006601657690431,-0.0037866201310257,11.100000381469728,0.0845512718393087,0.0964014115844656,0.1134741875294484,1,Bull
2005-02-17,0.0049266747034087,-0.0081179444726975,-0.0063065600341144,11.770000457763672,0.0808716402323994,0.0994852776908113,0.1144412329985978,1,Bull
2005-02-18,0.0004679564397698,0.0013297697294369,-0.008984620847076,11.18000030517578,0.076867091172817,0.1047827696238004,0.114408043176188,1,Bull
2005-02-22,0.0189996377423175,-0.0149796850487561,-0.0044116622598892,13.140000343322754,0.092035668124448,0.1058890206917534,0.1257910535022069,1,Bull
2005-02-23,-0.0034487108457084,0.0071411596536822,0.00331126047087,12.390000343322754,0.094049126256575,0.1054379428095389,0.1266984669220945,1,Bull
2005-02-24,-0.0020748442692022,0.0065920470641128,-0.0022059527416628,11.56999969482422,0.09577319804198,0.1002460381590645,0.1178757995764546,1,Bull
2005-02-25,0.0039156600844623,0.0098479810493297,0.0048462211707507,11.489999771118164,0.1001019055109478,0.1013969608000206,0.1133598047235146,1,Bull
2005-02-28,0.0006893894267664,-0.0066096903487634,-0.0108268335084235,12.079999923706056,0.1041343668840592,0.1083544543003311,0.1129897217603578,1,Bull
2005-03-01,-0.0071469481987244,0.0049614985385668,-0.0003125189521169,12.039999961853027,0.1047821205726597,0.1019482122618995,0.116416471152474,1,Bull
2005-03-02,0.0006938540552079,-0.0004951180356534,-0.0013381076535236,12.5,0.1035730596810864,0.1012041064880228,0.1084315326524773,1,Bull
2005-03-03,-0.0064950071827204,0.0004125068447111,-0.0005585952561337,12.93000030517578,0.1018952691937908,0.1011640159592172,0.1108349764470292,1,Bull
2005-03-04,0.0094963038258569,0.0123799931560226,0.0107755226486197,11.9399995803833,0.109224846376633,0.1083726122541242,0.1147077661682211,1,Bull
2005-03-07,0.0020725430611827,0.0004884587368556,0.0039682099717156,12.260000228881836,0.1083325275843882,0.1093838542584233,0.1048203983498922,1,Bull
2005-03-08,0.0128001189611045,-0.0037534817977832,-0.0095091526123635,12.399999618530272,0.104475642764981,0.1015353783247767,0.1078809601038495,1,Bull
2005-03-09,-0.0002271055460036,-0.0111794877264927,-0.0164659302893014,12.699999809265137,0.1123121749496653,0.1093204178101808,0.1048834983373382,1,Bull
2005-03-10,0.0040807198474174,0.0022294541319166,0.0060805046615231,12.489999771118164,0.1124692364400746,0.109716390046078,0.1042293711437145,1,Bull
2005-03-11,0.0051901174717784,-0.007035636217749,-0.0073232673897245,12.800000190734863,0.1120551045855704,0.1094283941174862,0.1041467128356526,1,Bull
2005-03-14,-0.0090437317731922,0.0062104953481855,0.0059751789436263,12.390000343322754,0.1133441395863462,0.1061104800804178,0.1093032067854946,1,Bull
2005-03-15,0.0006811804995411,-0.0082888858225607,-0.0063152779901523,13.149999618530272,0.1133707262048634,0.1070867052947249,0.1077026600406619,1,Bull
2005-03-16,0.0056580436613455,-0.008526767373489,0.0060906184507777,13.489999771118164,0.1169480602755854,0.1094019537200004,0.1035934901470504,1,Bull
2005-03-17,-0.0111200890011817,0.0020128379317358,0.0032548826006294,13.289999961853027,0.1162967553018269,0.1102756299280753,0.1130249991322956,1,Bull
2005-03-18,0.0015961625907332,-0.0029732048071295,-0.0062956829781506,13.140000343322754,0.1164419391174519,0.1112348095356947,0.1125731625198847,1,Bull
2005-03-21,-0.0183955346248596,-0.0037184935864602,-0.0028233579936289,13.609999656677246,0.1139643685200597,0.1100817280428682,0.1311176160492727,1,Bull
2005-03-22,-0.0102636454544409,-0.0102131181933204,-0.0085185649983692,14.270000457763672,0.1183496733756148,0.1096976146368014,0.1362179366407202,1,Bull
2005-03-23,-0.0054074037428054,0.0008546884279209,0.0047798698527763,14.0600004196167,0.1073432076617861,0.1112884531806593,0.1181072034075366,1,Bull
2005-03-24,-0.0007074350055783,0.0011960859051592,0.0020413951946687,13.420000076293944,0.1039610363699893,0.1107376793507751,0.1178526222630112,1,Bull
2005-03-28,0.0035323603275894,0.0014504625028912,-0.0061369027926255,13.75,0.1008697728302934,0.1120283920393784,0.1188902424379384,1,Bull
2005-03-29,0.0004700460069094,-0.0066717246531987,0.0059099721664887,14.489999771118164,0.0945436889529578,0.1128289535060099,0.117733942043367,1,Bull
2005-03-30,0.001174104535395,0.0140599559584622,0.0049737860187999,13.640000343322754,0.1074565262617031,0.1092594979787324,0.1178355981910926,1,Bull
2005-03-31,0.0049162941986322,-0.00186270695453,0.0071894799542714,14.020000457763672,0.105435191875532,0.1125152028364402,0.1173374928531257,1,Bull
2005-04-01,-0.0046816744254826,-0.0045031474950721,0.0033654026419453,14.09000015258789,0.1060504595918007,0.1130951156722148,0.1181561359864172,1,Bull
2005-04-04,-0.0051752033834876,0.001701419232784,-0.0002232307326168,14.109999656677246,0.1064070603003452,0.1130793954528651,0.1174265592959472,1,Bull
2005-04-05,0.0011785325043955,0.0047491250167144,-0.0025809079617766,13.68000030517578,0.0969597190602257,0.1063651742783115,0.1117829685287006,1,Bull
2005-04-06,0.0042313251025844,0.0034635634506988,0.0034764025741536,13.149999618530272,0.0983086943677316,0.1061124795768786,0.1127840693334222,1,Bull
2005-04-07,-0.0014084831613397,0.0053813681703105,-0.0080905954428061,12.329999923706056,0.1006951275554421,0.1047200981247761,0.1011285798542791,1,Bull
2005-04-08,0.0028148959296926,-0.0104530759909285,0.0034913497794146,12.619999885559082,0.0998001902601127,0.0879965089194786,0.1021945307334914,1,Bull
2005-04-11,0.0021060065188699,0.0007618747091352,0.0053819985400138,11.979999542236328,0.0993307553242366,0.0874596140144104,0.1010680385229959,1,Bull
2005-04-12,0.0014015740215325,0.0051523702346354,0.0092384865180902,11.300000190734863,0.0990754482888983,0.0879362384329086,0.098706757613926,1,Bull
2005-04-13,0.0013996123608867,-0.0118648255937525,-0.0024409853082269,13.3100004196167,0.1033734705139931,0.0869468282817037,0.0955427960168638,1,Bull
2005-04-14,-0.0138483643124325,-0.0131292374407897,-0.0015560885227372,14.529999732971191,0.1086919578189216,0.0835709043839034,0.1046852296213643,1,Bull
2005-04-15,0.0021249010358104,-0.0140921598407582,0.0131504116449449,17.739999771118164,0.1147179635965637,0.0921512027186749,0.1021430188028682,1,Bull
2005-04-18,0.0068162703753329,0.00306176781012,-0.000768814268066,16.559999465942383,0.1152186154410642,0.0921373572373469,0.101073676946183,1,Bull
2005-04-19,0.0137259377324856,0.0079163183254504,0.0096217680178056,14.960000038146973,0.1198932473184073,0.0924892918225945,0.113356266258058,1,Bull
2005-04-20,0.0027688699314186,-0.0140485661760588,-0.0025060026701894,16.920000076293945,0.1276369568679741,0.0922922690256883,0.0936437678766534,1,Bull
2005-04-21,-0.0048505210887536,0.0192337987200514,-0.0105277441486531,14.40999984741211,0.1429282394365318,0.0953601845933952,0.0876021798892665,1,Bull
2005-04-22,0.0046200305675129,-0.0038002292340846,0.0083433550605794,15.380000114440918,0.1433371946103065,0.0975376058002735,0.0858075586227261,1,Bull
2005-04-25,0.0011516582685481,0.0065551827097645,0.002947589679079,14.619999885559082,0.1453643885971519,0.0975965582646201,0.0855618504685268,1,Bull
2005-04-26,0.0045935029666459,-0.0097618269058035,-0.001527231189065,14.90999984741211,0.1487824170684763,0.0939863443406667,0.0860095552573999,1,Bull
2005-04-27,-0.0101336340681121,0.0038987671448155,0.0034871468867921,14.869999885559082,0.1480880688675532,0.0931627829952587,0.0945840542798173,1,Bull
2005-04-28,-0.0046403972171374,-0.0126171864203399,0.0073718791814952,16.860000610351562,0.1441369121383156,0.0944509839038143,0.0963532587114816,1,Bull
2005-04-29,0.0081065523339357,0.0134814971708303,-0.0017296962389791,15.3100004196167,0.1533339739437667,0.0936004612012424,0.0988253318934357,1,Bull
2005-05-02,-0.0109011263555482,0.0055995945371376,-0.0002170347825326,15.119999885559082,0.1543338274834143,0.0936710590620168,0.1051484399638234,1,Bull
2005-05-03,-0.0028024947683054,0.0017171372312888,0.0027107354957802,14.529999732971191,0.1543365587633546,0.0934887709968832,0.1039086015868361,1,Bull
2005-05-04,0.003268814598599,0.0076884465205969,-0.0088106909202073,13.850000381469728,0.1559045905848025,0.0994470542524925,0.1043566051647011,1,Bull
2005-05-05,0.0002330339451914,-0.0003399314977542,0.0022912109197506,13.979999542236328,0.1553098164747904,0.0992315399470747,0.1034717145615929,1,Bull
2005-05-06,-0.0091303312078441,-0.0031546773712604,-0.0074399323866419,14.050000190734863,0.1540746313503332,0.0984682911037841,0.1084281286900604,1,Bull
2005-05-09,0.0007052728493703,0.0062147715161139,0.0009883551813105,13.75,0.1518094850505003,0.0981967942845444,0.1079696401776382,1,Bull
2005-05-10,0.0021129284545669,-0.010408609167696,0.0071051054495342,14.90999984741211,0.1559119659305771,0.0992674361735564,0.1079714703821748,1,Bull
2005-05-11,0.0011719030574265,0.005473613610456,0.003046068899223,14.449999809265137,0.1560653211452145,0.0953596071590854,0.1079326460860456,1,Bull
2005-05-12,-0.0124927679871048,-0.0110637679891469,0.0039024644864184,16.1200008392334,0.1553591667393038,0.0949048899988947,0.1158316581487608,1,Bull
2005-05-13,-0.0049934495137584,-0.0019853456407231,0.0038863223544153,16.31999969482422,0.1486420768558599,0.0946245150171217,0.1070168213814345,1,Bull
2005-05-16,-0.0016700395935711,0.0092892128575057,-0.0011859984209739,15.68000030517578,0.1427010317013353,0.0853051429255932,0.1066925293239367,1,Bull
2005-05-17,-0.0004776799078837,0.0066562565411176,0.0028010275647834,14.56999969482422,0.14386443238049,0.0852690907522216,0.103251274590123,1,Bull
2005-05-18,0.004528636676695,0.0102381389069721,0.0066482892681022,13.630000114440918,0.1454334561923845,0.0821192509507998,0.0909831134513589,1,Bull
2005-05-19,-0.001666064787172,0.004200210867543,-0.0025687272160112,13.31999969482422,0.1343669334674008,0.0821535418069319,0.0897277170566452,1,Bull
2005-05-20,-0.0078918982395601,-0.001426464734511,0.0011780317543979,13.140000343322754,0.1197115832689245,0.0706091302354102,0.091719190944797,1,Bull
2005-05-23,-0.0007206099466198,0.0055256428352224,0.0077822764001025,12.949999809265137,0.1191023495695165,0.0699559230843927,0.0888831240963578,1,Bull
2005-05-24,0.0026394883318275,-0.0023406921316932,0.0027573058165432,12.6899995803833,0.1185219564443181,0.0699113064742547,0.0896900853701366,1,Bull
2005-05-25,0.0033492708869692,-0.0007528819294024,-0.007012988998327,12.579999923706056,0.1118684949210392,0.075323514906107,0.0886504288448904,1,Bull
2005-05-26,-0.0043082955686088,0.0053451488305565,-0.0003206473206455,12.239999771118164,0.112336417097145,0.075075571558287,0.0840710752347934,1,Bull
2005-05-27,0.0045471525543527,0.0016647852938381,0.0010661817519971,12.149999618530272,0.0994294800248117,0.0715366340088109,0.0860160924175974,1,Bull
2005-05-31,-0.0055070062579208,-0.0064240178050712,0.0122861182262647,13.289999961853027,0.0954540624814407,0.0811172949608139,0.0800657632026178,1,Bull
2005-06-01,-0.0028853769992222,0.0085008764797141,0.0121703023750325,12.359999656677246,0.0975267352673136,0.0888504011513823,0.0732418345474504,1,Bull
2005-06-02,0.0136316761948036,0.0021550694871892,0.0023972179965704,11.84000015258789,0.0975424180592872,0.0888281481587862,0.0898642704342526,1,Bull
2005-06-03,0.0016613198934977,-0.0050641613615026,-0.0082598193343945,12.149999618530272,0.0976305868906878,0.0879964111336899,0.0891300927870273,1,Bull
2005-06-06,0.0073243418200242,-0.000916116825277,0.0052359197595969,12.279999732971191,0.0977551637954181,0.0886773320577976,0.0934628533316615,1,Bull
2005-06-07,-0.0023567881142642,0.0007495870395999,0.0079063269803485,12.390000343322754,0.0965754482511565,0.0834080957704203,0.0883699794886455,1,Bull
2005-06-08,-0.0009443087328481,-0.00183300452545,-0.0047777747609954,12.699999809265137,0.0953476107774567,0.0874068331311225,0.0883519130650022,1,Bull
2005-06-09,-0.0016546439023746,0.0047427666656491,-0.0008330794882229,12.079999923706056,0.0869027086079941,0.0866525599829437,0.0880535063651645,1,Bull
2005-06-10,0.0082459762008939,-0.0023270759065976,-0.0113178353384623,11.960000038146973,0.0866759862299107,0.0985449539749385,0.0929345101887248,1,Bull
2005-06-13,0.0037470735107151,0.0031562848732369,-0.0060261732710123,11.649999618530272,0.0744923996694153,0.101585631674288,0.0819817235365624,1,Bull
2005-06-14,-0.0042164576632538,0.0023195651774677,-0.0065940499920092,11.789999961853027,0.0731700788548312,0.1044546513394343,0.0813441031796659,1,Bull
2005-06-15,0.0032810717059978,0.0019014562864236,0.0018129431630162,11.460000038146973,0.0682986091154894,0.1043124643831552,0.0813099323251121,1,Bull
2005-06-16,0.0167056645997383,0.0025564371767389,0.0049935030767062,11.149999618530272,0.0660012988356722,0.1051216699040355,0.0976141765230304,1,Bull
2005-06-17,0.0039040578544222,0.0036983615304328,-0.0001055175811013,11.479999542236328,0.0585920657246229,0.1030366152985003,0.0974168588542431,1,Bull
2005-06-20,0.0006873360101561,0.0003298067028955,-0.0016972735654379,11.470000267028809,0.0576302340036415,0.1027469634273397,0.0967136554538158,1,Bull
2005-06-21,0.003429785545441,0.0005763014240743,0.0073000804810665,11.079999923706056,0.056969857074367,0.1053354997406059,0.0900388008177243,1,Bull
2005-06-22,-0.0020564419430571,0.0008227383378332,0.0120507544965105,11.050000190734863,0.0546726132731663,0.1097961954874916,0.0907397688572688,1,Bull
2005-06-23,0.0068383952680395,-0.0141656988831449,-0.0010425363462105,12.130000114440918,0.0750480404784453,0.1098610975904634,0.092068112380091,1,Bull
2005-06-24,-0.0027297316581218,-0.0073689647079368,0.0049919916014803,12.18000030517578,0.0796169967499843,0.1067718907651908,0.0937903353200168,1,Bull
2005-06-27,0.0002277262594248,0.0014279450357857,0.0026943884638171,12.520000457763672,0.0774424716320009,0.1066393174981122,0.0910678477698864,1,Bull
2005-06-28,-0.0105312118281897,0.0083576982250748,-0.0068529350906714,11.579999923706056,0.0827269548113577,0.1106219482955438,0.1011561564772895,1,Bull
2005-06-29,0.0041341423463071,-0.0026670617375936,-0.0015637973171244,11.770000457763672,0.0799407398650163,0.103385815660246,0.0978991418626094,1,Bull
2005-06-30,-0.0043643676045626,-0.0054393878480285,0.0089331769473913,12.039999961853027,0.0765015674492123,0.0993481999955716,0.0989972633506717,1,Bull
2005-07-01,-0.017181705910153,0.0029328507239438,-0.012193566721995,11.399999618530272,0.0768668351657099,0.1081906104351265,0.1107776503786491,1,Bull
2005-07-05,-0.0098848059718576,0.0079990514453736,-0.0094992436213443,11.68000030517578,0.0799158078329799,0.1094242897339703,0.1165509880988216,1,Bull
2005-07-06,-0.0007097783269727,-0.0084177312749887,0.005499045340255,12.270000457763672,0.0854207554681464,0.1095960915325917,0.1135822546928847,1,Bull
2005-07-07,0.0026001813386998,0.0039261872112389,0.0021067377412063,12.489999771118164,0.0864885542801577,0.1059028996898965,0.1137263434764183,1,Bull
2005-07-08,-0.002363562671597,0.011356903165444,-0.0041116703689223,11.449999809265137,0.0944387014287187,0.1055946889583774,0.1139772873555136,1,Bull
2005-07-11,0.0066038588233694,0.0050971840605317,0.0,11.279999732971191,0.0946353515512049,0.1056055340468025,0.1161190964941805,1,Bull
2005-07-12,0.0023479342498727,0.002620514828097,-0.0056160001645531,10.949999809265137,0.0941489733450344,0.0999455869822374,0.1127854039851466,1,Bull
2005-07-13,-0.0068243804756637,0.0013897545146305,-0.0014898079762137,10.84000015258789,0.0938377838260982,0.0978465977390599,0.1143212313420694,1,Bull
2005-07-14,-0.0106825217226152,0.0039135120025476,-0.002558039468774,10.8100004196167,0.0942993163257707,0.0953971900328032,0.1190786596917471,1,Bull
2005-07-15,0.0035735049300823,-0.0005700938541974,0.0026637676946666,10.329999923706056,0.0943878545696569,0.0956266318323129,0.1192088370182076,1,Bull
2005-07-18,-0.0009517230480238,-0.0039965826024031,-0.0074759597861965,10.770000457763672,0.0956384662156528,0.0975119112051785,0.1008653707647488,1,Bull
2005-07-19,-0.0028605248387047,0.0054603619759221,0.0035313522874743,10.449999809265137,0.096556661962591,0.0984499438175372,0.0989038393712734,1,Bull
2005-07-20,0.0073731187324969,0.0034086258542753,0.0054342580857647,10.229999542236328,0.0970171891163066,0.1001734644923305,0.1037337264137665,1,Bull
2005-07-21,0.0061421955918961,-0.0058498145405473,-0.0136947687853151,10.970000267028809,0.0997148534470557,0.1073893163830931,0.1058022351975717,1,Bull
2005-07-22,-0.0002355039829792,0.0066596997317944,0.0077259173446834,10.520000457763672,0.1019862768102554,0.1017307045050782,0.1058675175101997,1,Bull
2005-07-25,0.0014123721566349,-0.0028372453948299,-0.0036411040422417,11.100000381469728,0.087628192439431,0.1021186552465211,0.1021481068602574,1,Bull
2005-07-26,-0.006134949083469,0.0012169092781401,0.0016081262070135,10.989999771118164,0.0817715683963084,0.1001895908281154,0.1032714581190135,1,Bull
2005-07-27,0.0044869275841866,0.0036415062476005,-0.0016081262070133,10.359999656677246,0.0820331855286215,0.09910001203678,0.1053704413380015,1,Bull
2005-07-28,0.0072779139953994,0.0062817365259807,0.0088653281998625,10.520000457763672,0.0802440122899217,0.1033917278887417,0.1044524063022477,1,Bull
2005-07-29,0.0016360806518225,-0.0066853726191305,-0.0099381560828953,11.56999969482422,0.0841257197098137,0.1081190887315936,0.1033259534222317,1,Bull
2005-08-01,0.0072135593901779,-0.0007274986899038,-0.0037264905508603,12.079999923706056,0.0807226009956749,0.1018640768199033,0.1061688740527462,1,Bull
2005-08-02,0.0002317913880819,0.0059665998610895,-0.0032510299818029,11.75,0.0819558107553172,0.0948531718136903,0.0867211887767519,1,Bull
2005-08-03,0.0089997007085532,0.0026494383884132,0.0048729114291602,11.829999923706056,0.0789788998752782,0.0924045148746376,0.0828472446478076,1,Bull
2005-08-04,0.0034400109018697,-0.0080502204918553,-0.0020547097325935,12.520000457763672,0.0783971397830163,0.0896791386963164,0.0827707630881821,1,Bull
2005-08-05,-0.0018332230655092,-0.0068128561040168,-0.0078236031594894,12.479999542236328,0.0831679490019214,0.0918262900780318,0.0835071702218604,1,Bull
2005-08-08,-0.0057504473302672,-0.0018732176354208,-0.0018573509543873,13.210000038146973,0.0749272996355646,0.0913609117215012,0.0861979851327642,1,Bull
2005-08-09,-0.0002306683985678,0.0060152827585426,0.0037102058013161,12.399999618530272,0.0756976354760277,0.0929823650529724,0.0840362648116711,1,Bull
2005-08-10,0.0071273176138144,-0.0004864976150185,-0.001090190272224,12.380000114440918,0.0753980793906815,0.0916186091799693,0.0866725767200685,1,Bull
2005-08-11,0.0181616618811608,0.003965251256997,0.0069529035037085,12.420000076293944,0.0763396070536502,0.0956723141615959,0.1000243946296668,1,Bull
2005-08-12,0.0008995034208769,-0.0061566968537138,0.0101255824745505,12.739999771118164,0.0786634684348696,0.1023197329638157,0.0884538670061811,1,Bull
2005-08-15,-0.0081246350594922,0.0061566968537138,-0.0025759119843772,12.260000228881836,0.0813907599023075,0.1021901909606338,0.0962016922104015,1,Bull
2005-08-16,0.009472289306063,-0.0130879671931019,0.0069592319724311,13.520000457763672,0.092836485514352,0.1016179834988467,0.0985126942983943,1,Bull
2005-08-17,-0.014470055692742,-8.212394687174705e-05,-0.0066375987567871,13.300000190734863,0.0906475225104575,0.1037602542435359,0.1139159295254876,1,Bull
2005-08-18,-0.0018235248916069,-8.167286542621783e-05,0.0073847753446082,13.420000076293944,0.0896400653665673,0.1052748981311915,0.1131492664917001,1,Bull
2005-08-19,-0.0052614408492391,0.0022891644416154,-0.0001070451827637,13.420000076293944,0.0879195863926792,0.0927582666575493,0.1145285691092787,1,Bull
2005-08-22,0.0022910042023477,0.0,-0.0010674309641007,13.420000076293944,0.0844281760995847,0.0892556639203795,0.1144468049508598,1,Bull
2005-08-23,0.0013720001974238,-0.00187985999666,0.0045806897484405,13.34000015258789,0.0841466456084488,0.089291826652102,0.1144467552317654,1,Bull
2005-08-24,-0.0038923500067104,-0.0089564424412441,0.0009563820189433,14.170000076293944,0.0889726849405294,0.0892307956514139,0.1128437527811119,1,Bull
2005-08-25,0.0032065852060479,0.0036248570280437,0.0031788058425163,13.729999542236328,0.0889621056426947,0.0892767580205222,0.1125014969104538,1,Bull
2005-08-26,-0.0027478591065202,-0.0068497845394728,-0.0003176545347929,13.720000267028809,0.0873053371189673,0.0843984700492764,0.1112845994479093,1,Bull
2005-08-29,-0.0009176627252673,0.0076714353642498,0.001268991128171,13.520000457763672,0.0906205439098946,0.0755796971809131,0.1114372866990851,1,Bull
2005-08-30,-0.0129362253544784,-0.0052727460756594,0.006323802904554,13.649999618530272,0.0919358582806409,0.075799997014829,0.1185218082784472,1,Bull
2005-08-31,0.0090268684942504,0.012559892146267,0.0083685087763216,12.600000381469728,0.1006645722976467,0.0774731400811732,0.1227046821461721,1,Bull
2005-09-01,0.0187177267696679,-0.0007342945354907,-0.0060388033678362,13.149999618530272,0.0999265496205503,0.0814234686864256,0.1353647716952431,1,Bull
2005-09-02,0.000678168419412,-0.0017976525838857,0.0008410147347627,13.56999969482422,0.096547340801293,0.0804697986656351,0.1350105830166584,1,Bull
2005-09-06,0.0004518856303791,0.0116277968018466,-0.0070666055287298,12.93000030517578,0.1024548582277998,0.0793909271209044,0.1347197116380938,1,Bull
2005-09-07,0.0013544329777345,0.0016958987111225,-0.0094642357538503,12.520000457763672,0.1022393906584058,0.0875369383492484,0.1326482371846366,1,Bull
2005-09-08,0.0060721347514338,-0.0033143182845638,0.001068898636175,12.93000030517578,0.1009830974003283,0.0870792298163925,0.1336657861443125,1,Bull
2005-09-09,0.0053667767934143,0.0088676760431881,0.0031970195986599,11.979999542236328,0.1054652181625901,0.0869708682944667,0.1328460478596087,1,Bull
2005-09-12,0.0011144375903359,-0.0020087365371917,-0.0069391255239259,11.649999618530272,0.1050127271143797,0.0889457948305364,0.1178283763664265,1,Bull
2005-09-13,-0.0073784127592896,-0.0055641029446198,0.005235209874257,12.390000343322754,0.1045796797048105,0.083862278986003,0.1208967288545783,1,Bull
2005-09-14,0.008936558784336,-0.0036458848879733,-0.0038436858550066,12.90999984741211,0.1030841921229703,0.0845481066537857,0.1207630794322609,1,Bull
2005-09-15,0.0101793111412872,-0.0004869360939694,-0.0082717817612416,12.489999771118164,0.091926235837134,0.0860530645072147,0.1214194309317666,1,Bull
2005-09-16,0.0087681740014612,0.007086231132188,-0.0066011122822522,11.220000267028809,0.0947961570374182,0.0860195599281,0.1104980793291901,1,Bull
2005-09-19,0.0093407935934029,-0.0033257008326634,0.0021703715346059,12.140000343322754,0.0957966881489753,0.0819115462227948,0.1123479617344675,1,Bull
2005-09-20,-0.000432535860175,-0.0084853207615271,0.0025961931758302,12.640000343322754,0.1004904915705238,0.0826470688900334,0.1093169921074112,1,Bull
2005-09-21,0.0177944843826613,-0.0093840214798291,0.0092503519988887,13.789999961853027,0.1056607830361137,0.0891746492540059,0.1209953981523398,1,Bull
2005-09-22,-0.0149863808438915,0.0035500173365522,-0.0009643177029186,13.329999923706056,0.1063796557665089,0.0876600615576101,0.1368925377349447,1,Bull
2005-09-23,-0.0017271556880254,0.0008236159240069,-0.0075295657335497,12.960000038146973,0.1014589564999699,0.0910629499682678,0.1357699664774477,1,Bull
2005-09-26,0.0062466744922271,0.0011520521530434,-0.004546695471878,13.039999961853027,0.1008023429552411,0.0909081965783354,0.1362776227655791,1,Bull
2005-09-27,-0.0068950864827964,-0.0002465274694031,0.0014099049750178,12.760000228881836,0.0975270527169816,0.09127083319499,0.1392059865799957,1,Bull
2005-09-28,0.0118217226630415,0.0009865695341575,0.0066933982139548,12.630000114440918,0.0940310477158396,0.0947844046940807,0.1418897531431026,1,Bull
2005-09-29,0.0063897820043158,0.0081041574713803,-0.0045298759827869,12.239999771118164,0.095635531585067,0.0921101526979685,0.1290580942394119,1,Bull
2005-09-30,-0.008528787613907,0.0030929827716575,-0.0034642717390322,11.920000076293944,0.0861603971765554,0.0855254250956662,0.135183613996637,1,Bull
2005-10-03,-0.0060138196109777,-0.0035823006880666,-0.0078482493383274,12.460000038146973,0.0871835219450325,0.0868869661821226,0.126979498974848,1,Bull
2005-10-04,0.0006461202839017,-0.0113198953432951,0.0032866156769464,13.199999809265137,0.095808169880047,0.0882397230615368,0.1269847433083835,1,Bull
2005-10-05,-0.0019394500477797,-0.0132036183868549,0.0043659009159339,14.550000190734863,0.0957698564088073,0.0884018820094796,0.1276939771705973,1,Bull
2005-10-06,0.0181686835285091,-0.0036008533314793,-0.003819906570734,14.960000038146973,0.0953756619050373,0.0837766283490674,0.1390737721541145,1,Bull
2005-10-07,0.0031722882977028,0.0034336741445726,0.0040373403823876,14.59000015258789,0.0967406353249045,0.0852772194540475,0.1386280235446278,1,Bull
2005-10-10,0.0002110909240715,-0.0084795235935488,-0.0006531671521596,15.550000190734863,0.0922797332294451,0.0840561758245604,0.1386034469858969,1,Bull
2005-10-11,0.0004221287128521,-0.0014348832638351,-0.0020723905970379,15.630000114440918,0.0923120365309637,0.0813341350267213,0.1387185066290924,1,Bull
2005-10-12,-0.0114602469851875,-0.0078838343770163,-0.0097645937687848,16.219999313354492,0.0937410799821155,0.0840505547923157,0.1430635672353664,1,Bull
2005-10-13,0.0036220767324562,-0.0005951503532531,-0.0036451342837623,16.469999313354492,0.0937565781559002,0.0839815963497411,0.1411696812714027,1,Bull
2005-10-14,-0.0046898662259573,0.0105033367488344,-0.0015505231338868,14.869999885559082,0.1033562230441468,0.0802193248164954,0.1398825635418433,1,Bull
2005-10-17,0.009781049621695,0.0037009046729136,-0.0002221321975516,14.670000076293944,0.1004102738705618,0.077715774261511,0.1405946878921426,1,Bull
2005-10-18,-0.0055166345331122,-0.0108890959817853,0.0011082879836932,15.329999923706056,0.1052333149922524,0.0772902086274564,0.1395357094322531,1,Bull
2005-10-19,-0.0141420794130383,0.0164987977116483,0.000442987837173,13.5,0.1205573144371019,0.0764354996442936,0.1487941741177863,1,Bull
2005-10-20,-0.0077990129176975,-0.0177730340484575,0.0026526731601879,16.110000610351562,0.1310472949654129,0.0683248804411274,0.1363684718363563,1,Bull
2005-10-21,0.0116758281112886,0.0039015997896487,0.0092302192270954,16.1299991607666,0.1312165745477328,0.0774162399969125,0.1334184882672253,1,Bull
2005-10-24,-0.0027984318839231,0.0153726302832918,-0.0077964228623232,14.739999771118164,0.1432757153909774,0.0777142567322747,0.1336612143603354,1,Bull
2005-10-25,0.0143395068742323,-0.0020021889731942,-0.0086345164883851,14.529999732971191,0.143210808353784,0.081403604265324,0.141074927627543,1,Bull
2005-10-26,-0.0027662761718075,-0.002927798581609,-0.007365547952175,14.59000015258789,0.1433968667685889,0.0837860448108371,0.139059106029285,1,Bull
2005-10-27,0.0053129441387453,-0.0106963709548509,0.0035776858149322,16.020000457763672,0.1471610675177831,0.0806261381765724,0.1342415434321427,1,Bull
2005-10-28,0.0008474770609084,0.0142918253855677,0.0001118695579057,14.25,0.1536249575996952,0.080069984631552,0.1324792282443027,1,Bull
2005-10-31,-0.0175180653912366,0.0027510359267277,0.0018952660410982,15.31999969482422,0.1535112286800632,0.0804253852057406,0.1431080174818458,1,Bull
2005-11-01,-0.0145449644577058,0.0029919689264144,-0.0011522854460761,14.850000381469728,0.1538820595855161,0.0765772830863489,0.1502670066076217,1,Bull
2005-11-02,0.0087089930643643,0.0104028677533592,-0.0047160791883322,13.479999542236328,0.1536167485846586,0.0762656580868754,0.1537415745124407,1,Bull
2005-11-03,-0.0036920876637241,0.004261886828294,-0.0067748126724737,13.0,0.1461365326973136,0.0758924877757129,0.1540923494425952,1,Bull
2005-11-04,-0.009839387913189,-0.0013091214928542,-0.0015880996385613,13.170000076293944,0.1454335837088867,0.0754893204046285,0.1415736920778761,1,Bull
2005-11-07,0.0056968195196661,0.0009823207687605,0.0033981949113233,13.100000381469728,0.1451959892796719,0.0749219236848377,0.1429423142485017,1,Bull
2005-11-08,0.003054090270558,0.0,0.0096807965880439,13.079999923706056,0.1411108845240909,0.0845005576296696,0.1437397767895702,1,Bull
2005-11-09,0.014058877980764,0.0013079280153255,-0.0103588137560041,12.800000190734863,0.1407272293894647,0.0903688755094914,0.1534601389475985,1,Bull
2005-11-10,-0.0017197302232241,0.0077324519565085,0.0121489864452327,11.899999618530272,0.1378828928812454,0.0967695106580228,0.14860024594471,1,Bull
2005-11-11,0.0068610839264361,0.0033994522328001,0.0005585670862708,11.630000114440918,0.1375163470329332,0.0961169193824264,0.1501145889681446,1,Bull
2005-11-14,-0.0038535759249596,-0.0005660286614205,-0.0075153127568119,12.18000030517578,0.1347168126790877,0.0992982863257849,0.1498287430614688,1,Bull
2005-11-15,0.0008576526265601,-0.0036446178248557,0.0065083520233804,12.229999542236328,0.1359273480664587,0.1022618302546819,0.1454766347951784,1,Bull
2005-11-16,0.0237198530261748,0.0020266178229844,0.0104602992934651,12.260000228881836,0.1280843109943226,0.1087183645071256,0.1667469624160492,1,Bull
2005-11-17,0.0145442159694879,0.0092694026719757,0.0024319892390158,11.25,0.1201447222938341,0.1089861888772071,0.1639803754480951,1,Bull
2005-11-18,-0.0004126358227933,0.0039235287484634,-0.0046479660773472,11.119999885559082,0.0965953284103215,0.1099486899199282,0.1602885741690161,1,Bull
2005-11-21,0.0108775334159536,0.0050219336206613,0.0029904222610341,10.81999969482422,0.0968154498764753,0.1053586655080345,0.1597357654387512,1,Bull
2005-11-22,0.0067134421965761,0.004284885218089,0.0013265632448053,10.600000381469728,0.0859417152044845,0.1018877277438216,0.1591852325411743,1,Bull
2005-11-23,-0.0034527944699515,0.0057628859850789,-0.003873168945175,10.960000038146973,0.0850755363728178,0.0979989235113739,0.1549742772647157,1,Bull
2005-11-25,0.0054782858710551,0.0007871769558758,0.0036523460966468,10.880000114440918,0.0828562355940075,0.0944544021764219,0.1543634178503508,1,Bull
2005-11-28,0.0064543086104876,-0.0071044404083759,0.0049591814353008,11.84000015258789,0.0760283315709139,0.0950739621317077,0.1546793545308076,1,Bull
2005-11-29,0.0012054965904707,-0.0011097661477181,-0.009499357713878,11.890000343322754,0.0656527577805308,0.1017120023019644,0.1546356551026493,1,Bull
2005-11-30,-0.0141559649870268,-0.005407906453528,-0.0011107748618447,12.0600004196167,0.0710245864857747,0.1017145715661896,0.1494957776863556,1,Bull
2005-12-01,0.0215581982756461,0.0101551738352617,-0.0015635885697276,11.239999771118164,0.0763582460152918,0.1017999145551847,0.1493548487440753,1,Bull
2005-12-02,0.0029854043283266,0.0012618248302161,0.000335412397262,11.010000228881836,0.0706211065089786,0.1001492981418027,0.1485943585822158,1,Bull
2005-12-05,0.0090999459099952,-0.0021307710138832,-0.0044796080034533,11.600000381469728,0.0714559779496046,0.0983337240400972,0.1466941888417192,1,Bull
2005-12-06,0.0021638763697162,0.0018942232399898,0.0101614653255391,11.520000457763672,0.0706416873783226,0.1032528623952647,0.1372419987180223,1,Bull
2005-12-07,0.0084141051937133,-0.00585171542596,-0.0037848323600111,12.18000030517578,0.0754446482387814,0.1043337974782125,0.1376580035845554,1,Bull
2005-12-08,0.0112382857712984,-0.0006350083748271,0.0064478754067795,12.210000038146973,0.075633097341321,0.1014572861713865,0.138778044628005,1,Bull
2005-12-09,0.0095878008746157,0.0026155799008873,-0.007898376315731,11.6899995803833,0.0757384801100734,0.0983830433350218,0.1362834526724041,1,Bull
2005-12-12,0.0030487798575956,0.0009496986606358,-0.0019002724517232,11.470000267028809,0.0722814419831953,0.0896851342011919,0.1340269595027211,1,Bull
2005-12-13,-0.0174651751961011,0.0067779236847276,0.0036853563590415,11.109999656677246,0.0744985847241107,0.0905063681353251,0.1563555040084493,1,Bull
2005-12-14,-0.0254916362491863,0.0039196814772427,0.0102053531754959,10.479999542236328,0.0746678254465051,0.0919861195746862,0.1863523115911173,1,Bull
2005-12-15,-0.0021870332902152,-0.002899132566408,-0.0024311619309901,10.729999542236328,0.0740551979989586,0.090642549324047,0.1872266986610855,1,Bull
2005-12-16,-0.0029901651531156,-0.0032233315230762,0.0033121733205448,10.68000030517578,0.0758809547692671,0.084128775678101,0.1732590730476465,1,Bull
2005-12-19,0.00259198762075,-0.0051575112597481,0.0009923466278457,11.380000114440918,0.0733134318172887,0.0838371238927691,0.1674201080118186,1,Bull
2005-12-20,-0.0237770677396026,0.00095375368401,-0.0012127687904276,11.1899995803833,0.0723627505917696,0.0820947714055566,0.1892402154721796,1,Bull
2005-12-21,0.0067066203389196,0.0015883622148555,-0.0017659369128358,10.8100004196167,0.0706263431976516,0.08192353757681,0.1869140471707804,1,Bull
2005-12-22,0.0154761499213334,0.0052231809951842,0.0079220321168184,10.289999961853027,0.0713554051921998,0.086081125217504,0.1930271931280679,1,Bull
2005-12-23,-0.0003989718404908,0.0005525133550926,0.0061196250426453,10.270000457763672,0.0686514890613784,0.0865283584153534,0.1924714680485617,1,Bull
2005-12-27,0.0103216570664553,-0.0102289341544878,0.0081376235846419,11.56999969482422,0.0774114007344246,0.089566682419846,0.1946325249652311,1,Bull
2005-12-28,0.0162573715982871,0.0022292310112254,-0.0027928182379643,11.350000381469728,0.0738573370837871,0.0895671473726712,0.2008546700202207,1,Bull
2005-12-29,0.0,-0.0044630885065487,0.0021727162456816,11.609999656677246,0.0754292156458856,0.0812316242689936,0.2009300240581851,1,Bull
2005-12-30,0.0021348985710616,-0.0054464827675389,-0.0022810994486746,12.06999969482422,0.0754635986864713,0.0817965681053828,0.1926170494834828,1,Bull
2006-01-03,0.0294194491080737,0.0174357477203325,-0.0013076288040883,11.140000343322754,0.0906131309267802,0.0816844827251229,0.2040804690461643,1,Bull
2006-01-04,0.0033828317971504,0.0047245975008416,0.0023940215323135,11.369999885559082,0.0918827611697861,0.0816541179224684,0.2040916057403383,1,Bull
2006-01-05,-0.0181754168404171,0.0006281703531582,-0.0011955806630907,11.3100004196167,0.091413409914757,0.0793799906590535,0.2149629802408532,1,Bull
2006-01-06,0.0260244943611547,0.0082868649143382,-0.0018519834181963,11.0,0.0952001136144874,0.0738990227050632,0.2312482745530605,1,Bull
2006-01-09,0.0162484604258835,0.0025662121000606,0.0006535425489736,11.130000114440918,0.0921435764581071,0.071776122035955,0.235296974794521,1,Bull
2006-01-10,-0.0099392885529681,0.0010089964103788,-0.0080954061301244,10.859999656677246,0.0918938834183896,0.0761910811612456,0.2373254658467546,1,Bull
2006-01-11,0.0086564203006792,0.003175600071767,-0.0016486372520724,10.9399995803833,0.092012590164705,0.0702380966579507,0.2369690410103055,1,Bull
2006-01-12,-0.0018355084992043,-0.0039515681183212,0.0066887652757091,11.199999809265137,0.0938376799927539,0.0721828768945001,0.237273848317719,1,Bull
2006-01-13,0.0183858520580203,-0.0009328700563329,0.0057760405069015,11.229999542236328,0.0917674048762693,0.0733995057479939,0.2333228806272196,1,Bull
2006-01-17,-0.0032520409896079,-0.0027230960340925,0.0044463047995075,11.90999984741211,0.0917719415662406,0.0671586725118428,0.2102344235895696,1,Bull
2006-01-18,-0.0217697913714515,-0.0039818046037823,-0.0003259218852282,12.25,0.0923439081485649,0.0661345704987657,0.2281802407716324,1,Bull
2006-01-19,0.0277238339604318,0.0038258317904082,-0.0029260662565989,11.979999542236328,0.0920933600133881,0.0671992933658,0.2415869610956175,1,Bull
2006-01-20,-0.0070403646058418,-0.0184046683924734,0.0026019311798145,14.5600004196167,0.112036566537089,0.067443680203239,0.2450565241707762,1,Bull
2006-01-23,0.0102731315051087,0.0035653238271851,-0.0003247924979632,13.93000030517578,0.1126513538449402,0.0671420492263064,0.2229352011636736,1,Bull
2006-01-24,-0.0007175052420346,0.0010279180694538,-0.004884588935857,13.3100004196167,0.1125824592875229,0.0696230481237077,0.2241706422137096,1,Bull
2006-01-25,0.0073299666942905,0.0008690330681433,-0.0109413631316278,12.869999885559082,0.111133780116495,0.0760781385793443,0.221486659401335,1,Bull
2006-01-26,-0.0046420065585744,0.0055111778473437,-0.0042996631704506,12.420000076293944,0.1127662431097841,0.0740877923346924,0.2233619168022558,1,Bull
2006-01-27,-0.0044839102156593,0.0092224012483495,0.0,11.970000267028809,0.1101467268270391,0.0672100321182266,0.2249505823057205,1,Bull
2006-01-30,0.0186987769191203,-0.0007784872280875,-0.0009952452011317,12.390000343322754,0.1102685041208795,0.066847487540842,0.2267138383656145,1,Bull
2006-01-31,0.0003528039827608,-0.0073452617176162,0.002760824276894,12.949999809265137,0.1124997237160232,0.0672047044904981,0.2266270865447991,1,Bull
2006-02-01,0.0,0.0069561359860456,-0.0034253287555935,12.359999656677246,0.1119271769352692,0.0676485258697983,0.227040964356738,1,Bull
2006-02-02,0.0049260968465731,-0.0116733925805163,0.0018859500419918,13.229999542236328,0.1047745175509252,0.0682513264338588,0.2082539754092456,1,Bull
2006-02-03,-0.0084596828836064,-0.0049768174335532,0.0070695955013352,12.960000038146973,0.1047397735527207,0.0726605572789951,0.2122262352198422,1,Bull
2006-02-06,0.0038862655930409,0.0026102558021775,0.0019797106747537,13.039999961853027,0.1052058172644983,0.0730704642133981,0.1980715433282443,1,Bull
2006-02-07,-0.0380930489410772,-0.0088862939552639,-0.0047351457233939,13.59000015258789,0.104376441831708,0.0745207331282627,0.2295628498316934,1,Bull
2006-02-08,0.0042036680067223,0.0090441982470349,-0.0023212217170725,12.829999923706056,0.1095362004306898,0.074694983840162,0.2230313931374672,1,Bull
2006-02-09,0.0243233042971235,-0.0016597659570995,0.0045264806867,13.119999885559082,0.1093703199500192,0.0713694180117699,0.2346817359531279,1,Bull
2006-02-10,-0.0250531148481279,0.0018177328284057,-0.005522091738375,12.869999885559082,0.1088280520871237,0.0737480957743529,0.2508267681999675,1,Bull
2006-02-13,-0.0197223178816015,-0.0018177328284058,0.0001107974798486,13.350000381469728,0.1083472294192245,0.06946830113956,0.2601591306560465,1,Bull
2006-02-14,0.0142318350197392,0.0105443945218428,-0.0035490405423621,12.25,0.115360338005987,0.0663717633079226,0.2567094444083702,1,Bull
2006-02-15,-0.0134875644048013,0.0035164274930368,0.0024409153785657,12.3100004196167,0.1157640895164878,0.0646789381877092,0.2603525528070167,1,Bull
2006-02-16,0.0140379502311711,0.0074601860284242,0.0002214818756077,11.479999542236328,0.1176357185622637,0.0647779042788863,0.2543780665621273,1,Bull
2006-02-17,0.0080380160314431,-0.0027133913419781,0.0079481173751004,12.010000228881836,0.1174848103767472,0.0712640770298383,0.2362224713351634,1,Bull
2006-02-21,0.002906976071378,-0.0024872694737896,-0.0016501798283855,12.40999984741211,0.0968829250603306,0.0704875606604002,0.2352863658646701,1,Bull
2006-02-22,0.0039833697886547,0.0060522263338426,0.006805583815055,11.880000114440918,0.0981063046105215,0.07508333544667,0.2327985147058437,1,Bull
2006-02-23,-0.0127297730239421,-0.0014709904614468,-0.0025199550760423,11.869999885559082,0.0984982374992544,0.0737034179012635,0.2367114426523182,1,Bull
2006-02-24,0.0181361519934698,0.0025532473522331,-0.001537052573584,11.460000038146973,0.0986550507816291,0.0628332392011462,0.2443067633111443,1,Bull
2006-02-27,-0.0075771274774022,0.0003864017292913,-0.0016479673868046,11.59000015258789,0.097305351563159,0.0610618489959875,0.2451550738262211,1,Bull
2006-02-28,0.0152756760846314,-0.0095468643821574,0.0049378436873427,12.34000015258789,0.0984989396565143,0.0630447846055533,0.2506697109654312,1,Bull
2006-03-01,0.0005348806365655,0.0088509253469956,-0.0060595637681109,11.539999961853027,0.1032169862588934,0.0669859529334781,0.2416757224008323,1,Bull
2006-03-02,0.0113436736330422,-7.667111005923458e-05,-0.0069878025176736,11.720000267028809,0.0993951151500297,0.0709902528025218,0.2451328602244684,1,Bull
2006-03-03,-0.0081402484060578,-0.0046494434125762,-0.0058038404450057,11.960000038146973,0.0983003886348784,0.0728493103480138,0.2467633924119637,1,Bull
2006-03-06,-0.0188329349315865,-0.0045923892731821,-0.0087707604082541,12.739999771118164,0.0903171578861175,0.0781471412688843,0.2539777594801731,1,Bull
2006-03-07,-0.0050825808909017,-0.0015615613071957,0.0006781340905272,12.65999984741211,0.0884760825293049,0.073095717765276,0.2530771237232221,1,Bull
2006-03-08,-0.0179953354851484,0.0021076099604115,-0.000339254611714,12.31999969482422,0.0883518669076404,0.0723333902283897,0.2586896183703406,1,Bull
2006-03-09,0.0049903153285937,-0.0067287613092398,0.000339254611714,12.68000030517578,0.0857055544460073,0.071276765544485,0.224513246016965,1,Bull
2006-03-10,-0.0075877079889526,0.0094542824261454,-0.003730441618454,11.850000381469728,0.0862179122262296,0.0717984472906966,0.2252375292042059,1,Bull
2006-03-13,0.0088774307445361,0.0018643669174205,-0.0007942687457203,11.369999885559082,0.0858479621943482,0.0689885629228745,0.2092514570351362,1,Bull
2006-03-14,0.0102583342716882,0.0104243944840001,0.0066662000205935,10.739999771118164,0.0919628479268785,0.0722352540243351,0.1946533597094329,1,Bull
2006-03-15,0.0045458757228096,0.0044455388155703,-0.0054188731555992,11.350000381469728,0.0918357116220543,0.0740375059835191,0.1812551600827319,1,Bull
2006-03-16,0.0039833697886547,0.0020631101377152,0.0090162927845031,11.979999542236328,0.0859516213720502,0.0808421692649595,0.1753700952727587,1,Bull
2006-03-17,-0.0039833697886549,0.0008347692598126,-0.0030339753362295,12.119999885559082,0.0855448700114713,0.0807317136948449,0.1686171481501799,1,Bull
2006-03-20,0.0009066867676153,-0.0016092064915394,0.0015742822527717,11.789999961853027,0.0827446449589959,0.0810313728337768,0.1620163724770151,1,Bull
2006-03-21,-0.0061817712839393,-0.0063078952636726,-0.0051828978713847,11.619999885559082,0.0854761284089074,0.0764354457330977,0.1612378226527169,1,Bull
2006-03-22,-0.001460154114471,0.0060776398543833,0.0021442392258606,11.210000038146973,0.0868722065553697,0.0772280820087824,0.1609166540750251,1,Bull
2006-03-23,-0.00091364532097,-0.0020730760319612,-0.0031618786545314,11.170000076293944,0.0853279475234772,0.0721924052335711,0.1601586484977712,1,Bull
2006-03-24,0.0182959242232775,0.0007686776139024,0.0073241357086759,11.1899995803833,0.0850291518965463,0.0780995028625593,0.1663798539208708,1,Bull
2006-03-27,0.0121321793964176,-0.0014601780088484,-0.0037112819565764,11.460000038146973,0.0850065253039102,0.078669223599421,0.1597202288271615,1,Bull
2006-03-28,-0.0058692567618861,-0.0061722480076484,-0.0093950336196561,11.579999923706056,0.0880152578876362,0.0838248419879153,0.1587198959767529,1,Bull
2006-03-29,0.0178560089677734,0.0062490767057942,-0.0047882050945476,10.949999809265137,0.0830696760705211,0.0812696833654383,0.1619211131711068,1,Bull
2006-03-30,0.0264560913428548,-0.0017704260455745,-0.0069956581076605,11.56999969482422,0.0781893069958921,0.0819385183659079,0.1846100663188979,1,Bull
2006-03-31,-0.0085690329491882,0.0002310290372619,-0.0003450155797139,11.390000343322754,0.0781755619842548,0.079971936477402,0.1849016376166834,1,Bull
2006-04-03,0.0063481854701162,-0.0007706731574511,0.0003235336531739,11.56999969482422,0.0761718080769715,0.0787266174551998,0.1825478218679815,1,Bull
2006-04-04,-0.0023972509081568,0.0063777103008368,-0.0010400105904831,11.140000343322754,0.0763260454472627,0.0739082913527367,0.1673683545658554,1,Bull
2006-04-05,0.0056414887912309,0.0034410864635556,0.0013869122324457,11.130000114440918,0.0761208625831108,0.0741449724767766,0.1652752571466675,1,Bull
2006-04-06,0.0105138994475938,-0.0010696030287467,-0.007649960473433,11.449999809265137,0.0764945736706794,0.0776738693736901,0.1480055105805301,1,Bull
2006-04-07,-0.0117079242346426,-0.0102147787272865,-0.0098229034355891,12.260000228881836,0.0817916778386919,0.0828417881479681,0.1582154550572037,1,Bull
2006-04-10,0.017091512308278,0.0015427556121349,0.0018777829001207,12.1899995803833,0.0758511492434002,0.0834237522685988,0.1591769853839613,1,Bull
2006-04-11,-0.0099486558440004,-0.0085148047895154,0.0035133681132959,13.0,0.0819683493471815,0.0851842295046291,0.1663704112281021,1,Bull
2006-04-12,0.0070922618883069,0.0018643194924043,-0.0060969713317223,12.760000228881836,0.0733145926697428,0.0815956529145457,0.1652158453361054,1,Bull
2006-04-13,0.0011771580379689,-0.0013203613156453,-0.0070804467290317,12.380000114440918,0.0713166014597935,0.0826991822462841,0.165436595338388,1,Bull
2006-04-17,0.0263718766078471,-0.0003883152583649,0.0036644644166874,12.579999923706056,0.0706817619325802,0.0755157914346971,0.1832410952475645,1,Bull
2006-04-18,0.0123638850084283,0.0157315049546714,0.0017686282100956,11.399999618530272,0.090706040110677,0.0766823676779848,0.1822196055559646,1,Bull
2006-04-19,0.0302571098706761,0.0019109977590295,-0.0061438340877659,11.31999969482422,0.090724584356523,0.0768288746133631,0.2003860831186513,1,Bull
2006-04-20,-0.0447512876786379,0.001373131991884,-0.0008303360611726,11.640000343322754,0.0876348709686136,0.0762863496082961,0.2659032163675372,2,Bear
2006-04-21,0.0360864168647408,0.0001526876908405,0.0057958856490181,11.59000015258789,0.0853093153655478,0.0798397307763623,0.2854204995830382,2,Bear
2006-04-24,-0.0248310588636138,-0.0018315161524563,0.004000938998551,11.75,0.0852294147209165,0.0823118031400838,0.3049580246593522,2,Bear
2006-04-25,0.0181632776086424,-0.0041336195701589,-0.011934117640701,11.75,0.0865652601472683,0.0829455215393194,0.3048893064968573,2,Bear
2006-04-26,0.0137628170067081,0.0002301884012057,-0.0016650165698377,11.760000228881836,0.0863894803460504,0.0828867070625479,0.3053754166610958,2,Bear
2006-04-27,-0.0108997594086402,0.0048199876426138,0.0013085279548879,11.84000015258789,0.084645504805032,0.0798235289994531,0.3082741190718749,2,Bear
2006-04-28,0.0332712817543166,0.0033521106740894,0.0007140492704344,11.59000015258789,0.0828113709270052,0.0796257023936458,0.3204273734991315,2,Bear
2006-05-01,0.0010749686135923,-0.0081720983167031,-0.0075443837816251,12.539999961853027,0.087861903431707,0.0801086114955393,0.3122300356974808,2,Bear
2006-05-02,0.0211077507620916,0.0074874177729546,0.0026412555584736,11.989999771118164,0.0913983857247245,0.081404704344869,0.3128400446190593,2,Bear
2006-05-03,-0.0013533415469022,-0.0037367012247331,-0.0021598337293614,11.989999771118164,0.0925152817027686,0.0811338477411516,0.3140120046323228,2,Bear
2006-05-04,0.0152310582740222,0.0035843649314426,-0.001683485731073,11.859999656677246,0.0907392359450306,0.0811004304639234,0.3139397251423225,2,Bear
2006-05-05,0.0075292966937375,0.0087922864679927,0.0059978971706292,11.619999885559082,0.0948790670792742,0.0848081862722216,0.3139095416191287,2,Bear
2006-05-08,-0.0063445483158543,-0.0012085110308097,0.0005985196712443,12.0,0.0949100800555532,0.0820294989339023,0.3169685425202105,2,Bear
2006-05-09,0.0308972811211839,0.0019627981235467,-0.0005985196712442,11.989999771118164,0.0865294675412836,0.075643972670844,0.320931172958829,2,Bear
2006-05-10,0.0099957559444796,-0.0005281660655538,0.0017929422618682,11.779999732971191,0.0866988915000988,0.0756086746501493,0.3194070796646885,2,Bear
2006-05-11,0.0091932129555758,-0.0121443613361552,-0.0049075689980517,12.489999771118164,0.0924495254389539,0.0753736308658516,0.312729832598291,2,Bear
2006-05-12,0.0012663240006524,-0.0131444882283216,-0.0083129002731422,14.1899995803833,0.1042377793154086,0.0775958133708848,0.3137867566867527,2,Bear
2006-05-15,-0.053575200633378,0.0020098787375069,0.0039838761018893,13.56999969482422,0.1042911606852121,0.0764348233482472,0.3802762231612325,2,Bear
2006-05-16,0.017644876407503,-0.0014685307541791,0.0074436509074362,13.350000381469728,0.104446884279174,0.0801494738201297,0.3755414135731861,2,Bear
2006-05-17,-0.0067271250662083,-0.0192071108395467,-0.0062388118456582,16.260000228881836,0.1091698838947426,0.082115459203355,0.3769831591112601,2,Bear
2006-05-18,-0.0101763644704536,-0.0050582743356335,0.0135103208741333,16.989999771118164,0.1091569563389181,0.0935620583120437,0.3682545635427719,2,Bear
2006-05-19,-0.0282640167246604,0.0070270415037209,0.0026087650671937,17.18000030517578,0.1128920936639036,0.0938931948722045,0.345197072512851,2,Bear
2006-05-22,-0.0042787163206261,-0.0076614130442246,0.0021300185350802,17.719999313354492,0.1146934319101375,0.0920071496997502,0.3248761958168782,2,Bear
2006-05-23,0.0164036818983705,-0.007639869973458,-0.0005922357700911,18.26000022888184,0.1164279857377015,0.0909102609215675,0.3138923467824561,2,Bear
2006-05-24,-0.0355756588454095,0.0079570623033881,0.0004739354887056,17.360000610351562,0.1212467368263173,0.0801491295041808,0.3366790902407462,2,Bear
2006-05-25,0.0099410482692678,0.0122886120211784,-0.0039087992110779,15.5,0.1303435070013179,0.0812651529076589,0.3351047118269066,2,Bear
2006-05-26,0.0061633714364872,0.0050760469225288,-0.0007116841098107,14.260000228881836,0.1304901350018222,0.0812648583732893,0.3328169998964683,2,Bear
2006-05-30,0.0001536308474075,-0.0179193082323973,-0.0004757896788987,18.65999984741211,0.1419117723834556,0.0812836590624193,0.3122335772845259,2,Bear
2006-05-31,-0.0136077130889682,0.0111194470040448,-0.0059575831528799,16.440000534057617,0.146960882809321,0.0795478591512346,0.3157284472139229,2,Bear
2006-06-01,-0.0263443253453243,0.0095223634924366,0.0044534216696416,14.520000457763672,0.1486131916979834,0.0804713287176697,0.3172472058323104,2,Bear
2006-06-02,0.0149137877100078,0.0020951902080747,0.0128193471078657,14.31999969482422,0.148618489806859,0.0906587923279863,0.3232233787656475,2,Bear
2006-06-05,-0.0033125526458396,-0.0146803416377803,-0.0012977805068538,16.649999618530273,0.1553128483021909,0.0905210432865837,0.3169675953322179,2,Bear
2006-06-06,-0.0117611285371596,-0.0024421348613127,0.0047120445380432,17.34000015258789,0.1506822786615007,0.0897482336162127,0.3158953299370295,2,Bear
2006-06-07,-0.0043258973500921,-0.0075195452052275,0.0002349069462028,17.799999237060547,0.1517950652188305,0.089778839033131,0.3157816091379667,2,Bear
2006-06-08,-0.0222429650222982,-0.000874341639856,0.001995532584801,18.350000381469727,0.1510846277604928,0.089643688585431,0.2950251792331337,2,Bear
2006-06-09,-0.0075807726614546,-0.0031858520233443,0.0052634350759873,18.1200008392334,0.1509206929941229,0.0907656028171303,0.2889333394226036,2,Bear
2006-06-12,-0.0069721727529347,-0.0109093946992163,0.0008165076253693,20.959999084472656,0.1500005934720453,0.0879582932986792,0.2827064413812424,2,Bear
2006-06-13,-0.0709223517474951,-0.0116821707082825,0.0006991430408065,23.809999465942383,0.1487860751035631,0.0804178939191062,0.3543701097525929,0,Crisis
2006-06-14,-0.0053792355793509,0.0077227604321207,-0.0100680893051942,21.459999084472656,0.1522585876405003,0.0901852758229239,0.3198273255860174,2,Bear
2006-06-15,0.0301067680338787,0.0209926222828581,-0.0057819150744682,15.899999618530272,0.1722909199324942,0.0905233347475494,0.3355134298613195,2,Bear
2006-06-16,0.0062609006316362,-0.0073139479556745,-0.0022518044722631,17.25,0.1611877771301271,0.0876820491809292,0.3394022267770585,2,Bear
2006-06-19,-0.0231508004075397,-0.0078930576489983,-0.0014234099699967,17.829999923706055,0.1624646539271129,0.0749306611842777,0.3434299796412921,2,Bear
2006-06-20,0.0165409125458729,0.003390598188529,-0.0016650107549434,16.690000534057617,0.1607483441662358,0.0746457928978052,0.3461029466736088,2,Bear
2006-06-21,0.0178159617509793,0.007386568427979,0.0002387211499898,15.520000457763672,0.1612612770804625,0.0742440856580808,0.3561482358093688,2,Bear
2006-06-22,-0.010339611013396,-0.0044093728811653,-0.0057265299941212,15.880000114440918,0.1597684594936995,0.0767475612957892,0.3474862092226847,2,Bear
2006-06-23,0.0044936496889695,-0.0001610706539374,-0.0020355087045618,15.890000343322754,0.1570876386615036,0.0768961329373414,0.3328726099768281,2,Bear
2006-06-26,0.0049883495490925,0.0044100815950479,-0.0019205201199686,15.619999885559082,0.1513035943681781,0.0760830712869206,0.3305543167915583,2,Bear
2006-06-27,-0.0103484621139785,-0.0086781786059743,0.0049133432388387,16.399999618530273,0.1520473898382776,0.0782432156927749,0.32848538616321,2,Bear
2006-06-28,-0.0024301242329881,0.0067564076905372,-0.0052732126880325,15.789999961853027,0.1421308191817719,0.080259309805242,0.3280206558672372,2,Bear
2006-06-29,0.0338320241812105,0.0199991403258108,0.0033590366995932,13.029999732971191,0.1539585522329056,0.0785209869826628,0.3540794582167478,2,Bear
2006-06-30,0.0283248597979711,7.822968810295107e-05,0.0096522604004574,13.079999923706056,0.1501196806824002,0.0840265711769705,0.3604711968562912,2,Bear
2006-07-03,0.0153961515248195,0.0040775059877064,-0.0009882194298187,13.050000190734863,0.1506791069104507,0.0707675818287226,0.3607436762607529,2,Bear
2006-07-05,0.0051331472038068,-0.0057287077786778,-0.0080172737929581,14.149999618530272,0.1428537099103073,0.0756097407710264,0.3612476153411361,2,Bear
2006-07-06,0.0082855868505566,0.0029075642317435,0.0061079064000946,13.649999618530272,0.1428131700081707,0.0769947112791015,0.3601152567013261,2,Bear
2006-07-07,-0.0062077300012205,-0.0065338105971706,0.0064272856746771,13.970000267028809,0.1421597466533357,0.0807043890717205,0.3604823738123838,2,Bear
2006-07-10,-0.009787492538485,0.0018937382759067,0.0009480520514247,14.020000457763672,0.142147689914353,0.0804148766566693,0.3531909826414139,2,Bear
2006-07-11,0.0284530183486126,0.0044050558390584,0.0031959493508985,13.140000343322754,0.1420158294176662,0.0789109080862335,0.3642258116563819,2,Bear
2006-07-12,0.0172457750397848,-0.0107318330324251,0.000235717218694,14.489999771118164,0.1418296393037791,0.07882195390151,0.3658844772335132,2,Bear
2006-07-13,0.0096575423242865,-0.0163967308501738,0.0038909308280213,17.790000915527344,0.1479475182530701,0.0801703737191614,0.2453581677006878,2,Bear
2006-07-14,0.0045661482513575,-0.0038790831843255,0.0005878941242658,18.049999237060547,0.1465298505984409,0.0718703749129786,0.2411288326402435,2,Bear
2006-07-17,-0.0292778650621476,-0.0014578761133275,0.0015271099245649,18.63999938964844,0.1255620592365513,0.0685727269129343,0.2596892897238036,2,Bear
2006-07-18,-0.0165553519899003,0.0050946245080318,-0.0086079594657326,17.739999771118164,0.1248706549055448,0.0750838311700823,0.2703375968696261,2,Bear
2006-07-19,0.0178055165009602,0.0137794856326131,0.009429728076818,15.550000190734863,0.130616061899519,0.0811855490809044,0.2550678306731258,2,Bear
2006-07-20,-0.0235453377973972,-0.0068664489133244,0.0029285065858167,16.209999084472656,0.1328385182382925,0.0810050915103882,0.2716080233035986,2,Bear
2006-07-21,-0.0133603891717523,-0.0070743007816495,-0.001873463013035,17.399999618530273,0.1325400822957045,0.0815816155077101,0.2733335408959388,2,Bear
2006-07-24,-0.0092796710171748,0.018068943686908,-0.0005860628611168,14.979999542236328,0.1461580105020471,0.0781991742804709,0.2727212555884221,2,Bear
2006-07-25,0.0066835337551839,0.0035594592729413,-0.0029355612272946,14.850000381469728,0.1464610257167076,0.0787198523323091,0.2730047647049333,2,Bear
2006-07-26,0.0072845448100711,0.0013405816277819,0.0036396635877035,14.619999885559082,0.1459037442194228,0.0783915513818943,0.273348406818941,2,Bear
2006-07-27,0.014411802920109,-0.0009462236653585,-0.00152464949383,14.9399995803833,0.1420521260421247,0.0778854011390837,0.2716260759937669,2,Bear
2006-07-28,0.0033330573021811,0.0099729399718146,0.0057328163402061,14.329999923706056,0.1440984389783897,0.075927597031218,0.2706052612588345,2,Bear
2006-07-31,0.0007919417041651,-0.0010164511560399,0.0012838519009824,14.949999809265137,0.1269545799832506,0.0756539307806325,0.2486393518873206,1,Bull
2006-08-01,0.0181994331545157,-0.004939371434159,-9.373061338775462e-05,15.050000190734863,0.1282071199239085,0.0696845186731544,0.2377933254890539,1,Bull
2006-08-02,0.0066630804535846,0.0067370254530909,0.0037371777307202,14.34000015258789,0.1296021569789137,0.0698954805298649,0.2336418859650549,1,Bull
2006-08-03,-0.0097773300032672,0.002650986417361,0.0002336428801966,14.460000038146973,0.1280922377707599,0.0614619324960895,0.2367536775830696,1,Bull
2006-08-04,0.0024921513025285,-0.0017147935968784,0.0060419881562826,14.34000015258789,0.1279998167251032,0.0614018500999706,0.235421586481511,1,Bull
2006-08-07,0.0034167019228184,-0.0023427289320616,0.0005780932886346,15.229999542236328,0.125995083975437,0.058936810203224,0.2340953842788466,1,Bull
2006-08-08,-0.0082509812572495,-0.0038382049108195,-0.0022023218925562,15.229999542236328,0.1267486013180622,0.0602049062949445,0.2332289868765681,1,Bull
2006-08-09,0.0102644142333117,-0.0033809422361745,-0.0032529238671012,15.199999809265137,0.1263705779744423,0.0616398484779418,0.2144757035435121,1,Bull
2006-08-10,-0.0215835291701592,0.0030671846177859,-0.0015142036958184,14.460000038146973,0.1207419788901469,0.0621710471133627,0.2186604716593445,1,Bull
2006-08-11,-0.0085742176520838,-0.0028311127282995,-0.0043226768396566,14.300000190734863,0.1049383779207849,0.0635389882862717,0.2163190829592802,1,Bull
2006-08-14,-0.0073623746107288,0.0007869075192975,-0.0017595011778232,14.260000228881836,0.1033581997578184,0.0639793536493332,0.2156266037449625,1,Bull
2006-08-15,-0.0038629000507101,0.0118877186354543,0.0084113892911006,13.420000076293944,0.1089544075156741,0.0698114833819329,0.1928970767959135,1,Bull
2006-08-16,0.0077109355066493,0.0082837058357276,0.0067236120187756,12.40999984741211,0.1106427715362036,0.0642113470479299,0.1872132420761651,1,Bull
2006-08-17,-0.0236410442460426,0.0025413494720764,-0.0003475700856273,12.239999771118164,0.102295417280768,0.0573002094766415,0.1916776517937573,1,Bull
2006-08-18,0.0001638754202975,0.0050630688951365,0.0028857004917586,11.640000343322754,0.0980914896202292,0.0572813033899116,0.1754520361308674,1,Bull
2006-08-21,0.0226766716784497,-0.0042940085837481,0.0035664684986404,12.220000267028809,0.0952155122081654,0.0570644394806131,0.1878410919186749,1,Bull
2006-08-22,-0.0062655742984039,-7.74452918442787e-05,0.0003438689708191,12.1899995803833,0.0762514217349277,0.0567968494795526,0.1861341405185516,1,Bull
2006-08-23,-0.0035517861702392,-0.0027705204024539,0.0004589594193831,12.399999618530272,0.0771949782517311,0.0548661017791266,0.1853662255819282,1,Bull
2006-08-24,-0.001294737676731,-0.0008477939353608,0.0018351156517818,12.399999618530272,0.0774990348611847,0.0542754844810923,0.1836183856366873,1,Bull
2006-08-25,0.0003238416104977,0.001233748545692,0.0014875160798519,12.3100004196167,0.0771596927721479,0.0533108726734597,0.1758198634892646,1,Bull
2006-08-28,-0.0125439529452731,0.0047643857880692,0.0009143271011948,12.18000030517578,0.0715628363626045,0.0509609412102919,0.1796068769117006,1,Bull
2006-08-29,-0.0009841131508817,0.0011494550323066,0.0013703703492798,12.279999732971191,0.0712233729474629,0.0509638109468239,0.1794117152624876,1,Bull
2006-08-30,0.0078457341782195,0.00061233464966,0.002621352799922,12.220000267028809,0.0679031182174716,0.0509665978688718,0.1681722798269966,1,Bull
2006-08-31,0.0140654287632272,-0.0001530064530239,0.0023870374061505,12.3100004196167,0.0650488752922895,0.0503723550204072,0.1749062273922653,1,Bull
2006-09-01,-0.0024110198211758,0.0059528151439422,0.0003416565640597,11.960000038146973,0.0671144267598634,0.0503460071363895,0.1725420071909004,1,Bull
2006-09-05,0.0194428629965439,0.0019006126778406,-0.006287026378866,12.630000114440918,0.0663685433349758,0.0536158168380011,0.1868722207569939,1,Bull
2006-09-06,-0.0079227160601256,-0.0088492565670093,-0.0013770926874134,13.739999771118164,0.0741987508164959,0.0540874683505263,0.1878609115056857,1,Bull
2006-09-07,-0.0259461916542823,-0.004607823326338,0.0019500116229056,13.880000114440918,0.0748709453856793,0.0532982117797393,0.2053814681860863,1,Bull
2006-09-08,-0.0100091181558844,0.0028440910428362,0.0008017135061133,13.15999984741211,0.0734516611558627,0.0512409456231636,0.2020214141390915,1,Bull
2006-09-11,-0.035927977031141,0.0009974172528002,-0.0009160766412651,12.989999771118164,0.0731457346269808,0.0509155850537482,0.2235775582082106,1,Bull
2006-09-12,-0.0030816717701889,0.0097672143197372,0.0050305261312014,11.920000076293944,0.077456532162595,0.0488531090358475,0.222882745522295,1,Bull
2006-09-13,0.0051308345941207,0.004016866874823,0.000456126772957,11.18000030517578,0.0777721361577789,0.0476062594596108,0.2243208404673023,1,Bull
2006-09-14,-0.0246968831473002,7.521794402814001e-05,-0.0022827979716827,11.550000190734863,0.0688691298151524,0.0423205563192275,0.2367582546848464,1,Bull
2006-09-15,0.0036652959943343,0.0023445427799057,-0.0008002847463379,11.760000228881836,0.0642118889214493,0.0373340350103471,0.2346740622722235,1,Bull
2006-09-18,0.014356348078949,0.0013632043872243,-0.0016022506257856,11.779999732971191,0.0639921805986574,0.0380190907418697,0.2315911036049247,1,Bull
2006-09-19,-0.0227539369349902,-0.0025003802892957,0.0111606937812338,11.979999542236328,0.0632643555572185,0.052325738525885,0.2419729572827156,1,Bull
2006-09-20,0.005955529304156,0.005296947928094,0.001471964387757,11.390000343322754,0.0626072731226841,0.0515395083776471,0.2257177826679254,1,Bull
2006-09-21,0.0119783125943472,-0.0048419887532881,0.0091186025237792,12.25,0.065803454312063,0.0587570846573891,0.232288626290573,1,Bull
2006-09-22,0.009446171286572,-0.0030380047056547,0.0049177531272693,12.59000015258789,0.0659948858368642,0.0599330258002685,0.236406923526434,1,Bull
2006-09-25,0.0,0.0076531429926024,0.0070010898988268,12.119999885559082,0.069732179411526,0.0628412834381404,0.2365420063869426,1,Bull
2006-09-26,0.004094200107174,0.0082692847949631,-0.0042171342733015,11.529999732971191,0.0738643846145583,0.0662134956388195,0.237482842677946,1,Bull
2006-09-27,0.0180519396723734,0.0011966497531002,-0.0028961782273695,11.579999923706056,0.0729499572125868,0.067950487355511,0.2445535985869618,1,Bull
2006-09-28,-0.000334455812163,-0.0003743619167666,-0.0016738787115288,11.720000267028809,0.0732070465572457,0.0687499116114968,0.24456241456529,1,Bull
2006-09-29,-0.0053664339603248,-0.0008222878363336,-0.0012292889841211,11.979999542236328,0.0735520702709313,0.0690404508594597,0.2428811426872547,1,Bull
2006-10-02,-0.0053953880237056,-0.0037506572159147,0.0027364655140703,12.56999969482422,0.0754550317743521,0.0691383671278986,0.236399277646709,1,Bull
2006-10-03,-0.0350973728570958,0.0021018350596927,-0.0013444062970605,12.239999771118164,0.0734814736512979,0.0695961586999928,0.26203534837267,1,Bull
2006-10-04,-0.0130421602188778,0.0116300805953307,0.0072618770026659,11.859999656677246,0.0823355895707455,0.0676345283907343,0.2492367940125794,1,Bull
2006-10-05,0.0097096579075441,0.0019252507696464,-0.0070385254819606,11.979999542236328,0.0734676739372313,0.0733727894090812,0.2545639765336012,1,Bull
2006-10-06,0.0012291022461254,-0.0012587754302012,-0.0104806092689231,11.5600004196167,0.0705994332396004,0.0839239693150245,0.2431735694555967,1,Bull
2006-10-09,0.0036780684249936,0.0005924908262509,0.0027157070685618,11.68000030517578,0.070708142521339,0.0842040266407951,0.2431319727259205,1,Bull
2006-10-10,-0.0035026438893042,0.0013317211330862,-0.0079406154119693,11.520000457763672,0.0706617323265225,0.089393473187741,0.2112935664325101,1,Bull
2006-10-11,-0.0021074635611676,-0.0011835925239775,-0.0029652180270699,11.619999885559082,0.0653853903218147,0.0885675509451874,0.2112133320780221,1,Bull
2006-10-12,0.0106672445576211,0.0086218969620086,0.0005714892610668,11.09000015258789,0.0694977550091243,0.0885740867252811,0.214151432021116,1,Bull
2006-10-13,0.018611566060242,0.0025651085404034,-0.0050355850740544,10.75,0.0693222595071822,0.0900159326018852,0.2059766480508276,1,Bull
2006-10-16,0.0101920108516968,0.0015356728811349,0.0044640958129875,11.09000015258789,0.0692940777991871,0.0912740926700663,0.2082154036883087,1,Bull
2006-10-17,-0.0088270246267677,-0.0031473387744046,0.0007999935488465,11.729999542236328,0.0713260861244174,0.0910429157856826,0.2055745672971627,1,Bull
2006-10-18,-0.0010235649551442,0.0013188434294518,0.0020512259749916,11.34000015258789,0.0698286945106863,0.0824829779469544,0.1878292414871451,1,Bull
2006-10-19,0.0138985236382321,0.0016094634912561,-0.0018239786686595,10.899999618530272,0.0685902805801689,0.0824910573418947,0.1922325916882336,1,Bull
2006-10-20,-0.0106609195758125,0.0002190318536967,-0.0010272408551787,10.630000114440918,0.0648113612565849,0.075150977749744,0.1930581330355228,1,Bull
2006-10-23,-0.017505174698208,0.0045940336925631,-0.0040055596382664,11.079999923706056,0.0630585152423164,0.0730415996545905,0.200080689040997,1,Bull
2006-10-24,0.0070732609197812,0.0029775777956618,0.0,10.779999732971191,0.0598946741226435,0.0669761274906163,0.2018432757165062,1,Bull
2006-10-25,0.0100915962958672,0.0034029373330942,0.0078817375185006,10.65999984741211,0.0555947248005524,0.0735379263592659,0.2045282875785021,1,Bull
2006-10-26,0.0089793504198991,0.0031035097036979,0.0064645209587608,10.5600004196167,0.0557819443391445,0.0773905863809017,0.196713159556461,1,Bull
2006-10-27,0.001853578896006,-0.0062888767516865,0.0046244019835765,10.800000190734863,0.0620463617743979,0.0791981133215738,0.1968705244386592,1,Bull
2006-10-30,0.0083822785383787,-0.0007254978432845,0.0028094017539426,11.199999809265137,0.0620020011107778,0.0797436537773025,0.1981792174895244,1,Bull
2006-10-31,0.0056600807594575,-0.0001450674623809,0.0077117196968404,11.100000381469728,0.0593681702819502,0.0836354151513677,0.1978457993490086,1,Bull
2006-11-01,0.0184215556514276,-0.0067723020905775,0.0055178419695946,11.510000228881836,0.0661054301431251,0.0853263721375078,0.1581345721161692,1,Bull
2006-11-02,0.0090850327041144,-0.0005843460758483,-0.0041214164707534,11.420000076293944,0.0544074369164805,0.0832101624383193,0.1473214119782023,1,Bull
2006-11-03,0.0061182138370136,-0.0017566924808109,-0.0119021809184854,11.15999984741211,0.0548152350022059,0.0898738664028203,0.1462337980098438,1,Bull
2006-11-06,-0.0066028076577951,0.0112159108940315,0.0029319335753065,11.15999984741211,0.0657766628962775,0.0821769903872618,0.1507534821883257,1,Bull
2006-11-07,0.0024207471759942,0.0038307692929483,0.0046079160234716,11.09000015258789,0.0664333012242504,0.0830869555641062,0.1508426124353258,1,Bull
2006-11-08,-0.0151038241708106,0.0021622197784806,0.0035806704232373,10.75,0.0665123747674474,0.077654982206079,0.1628597941811528,1,Bull
2006-11-09,0.0296652437155482,-0.0052692262241256,-0.0005580205568756,11.010000228881836,0.0698301467377855,0.0765057279807223,0.1851901796494898,1,Bull
2006-11-10,-0.0073342018093687,0.0004343071693402,0.0043484917155567,10.789999961853027,0.0642067237768125,0.0772200685080628,0.1885081617945326,1,Bull
2006-11-13,-0.0048123777671425,0.0024564647009746,-0.0002229664592216,10.859999656677246,0.0641676236750821,0.0738975096391892,0.182968699560414,1,Bull
2006-11-14,-0.0090454107283696,0.0074765816839633,0.0038892724459138,10.5,0.0683366264563398,0.0736456812468599,0.1853699276738472,1,Bull
2006-11-15,0.0034016244413848,0.0028605307845044,-0.0037762611810368,10.3100004196167,0.0669442169434698,0.0759408832891842,0.1812142013092633,1,Bull
2006-11-16,-0.008607422572897,0.0025683107810875,-0.0045740315009487,10.15999984741211,0.0671015984019245,0.0786237410827023,0.1849496611273211,1,Bull
2006-11-17,0.0076366835578312,0.0002845282245514,0.005685434744837,10.050000190734863,0.0671823502916172,0.079446615320753,0.1811759568157586,1,Bull
2006-11-20,-0.0001618506129789,0.0005699818374748,0.001555246609629,9.970000267028809,0.0671261113086851,0.0789454929275531,0.1755962176949252,1,Bull
2006-11-21,0.0080619591170475,0.0009956952108746,0.0024388384559418,9.899999618530272,0.0660203719652521,0.0763500181560043,0.160864786383435,1,Bull
2006-11-22,0.0036867805067237,0.0019888869857482,0.0016597507745451,10.140000343322754,0.0657516589092351,0.0760586629811,0.1603652065855668,1,Bull
2006-11-24,0.0158733491562901,-0.0040532237114683,0.0017672716949015,10.729999542236328,0.0674251233485301,0.0729153853888857,0.1645914850746147,1,Bull
2006-11-27,0.0031446686565431,-0.0138465189046401,0.0036348408467698,12.300000190734863,0.0834271127569672,0.0711948348299932,0.1634679940346222,1,Bull
2006-11-28,-0.0020429184074974,0.0043253752927577,0.0020866438499214,11.619999885559082,0.0816270379489535,0.0703314030929279,0.1644914318383852,1,Bull
2006-11-29,-0.0064704691761446,0.0103759923783164,-0.0023065521863514,10.829999923706056,0.0884993233092156,0.0712520571762869,0.166662978167884,1,Bull
2006-11-30,0.0192871450995645,0.0004273840803275,0.0065769170507111,10.90999984741211,0.088435495405674,0.0700314001115137,0.1763008795937033,1,Bull
2006-12-01,-0.0042019614947316,-0.0022087412413382,0.002541205458173,11.65999984741211,0.0847590240385197,0.0683983343616267,0.1689087980890412,1,Bull
2006-12-04,0.0,0.0076019013788479,0.0017483033817273,11.229999542236328,0.0873467812746689,0.065896742795243,0.167093844889676,1,Bull
2006-12-05,-0.0048464311745602,0.0043083340441952,-0.004706965459363,11.270000457763672,0.086984376072505,0.0508284099011503,0.167725636183755,1,Bull
2006-12-06,-0.0177080160220044,-0.0008463073378158,-0.0019762406532412,11.329999923706056,0.0803761387987071,0.0519979972456349,0.1782659386765571,1,Bull
2006-12-07,0.0006378714314723,-0.0043823680530108,-0.0007693805230295,12.670000076293944,0.0820825877944728,0.0510592037425469,0.1781449012082048,1,Bull
2006-12-08,-0.0108992954562305,0.001839759074327,-0.0072876570212156,12.06999969482422,0.0820261114731361,0.057782784794072,0.1740448947254217,1,Bull
2006-12-11,0.0083454257778654,0.0028953047963205,0.0043128152769234,10.710000038146973,0.0791746520672176,0.0590453508628564,0.1421219381223527,1,Bull
2006-12-12,-0.0007994122577706,-0.0007758480066734,0.0020944946169461,10.649999618530272,0.0794406464168214,0.057838474945688,0.1398241590262377,1,Bull
2006-12-13,-0.0006400146702843,0.0010575449285677,-0.0089591257034595,10.18000030517578,0.0793059820467867,0.0667898036128335,0.1387490732921996,1,Bull
2006-12-14,-0.0057785171187666,0.0087724531956113,-0.0036729868987501,9.970000267028809,0.0807295419914629,0.0667614479073043,0.1364421790391868,1,Bull
2006-12-15,-0.0181941169127892,9.104840176788864e-05,0.00055782697978,10.050000190734863,0.0805725984468125,0.0654223787596895,0.1502231631876187,1,Bull
2006-12-18,0.0006555378016999,-0.0027432664856099,0.0003339398251235,10.600000381469728,0.0814056732888611,0.0631605215450027,0.1474430361355326,1,Bull
2006-12-19,0.0123739501433352,0.0019004271341057,-0.0013379875690993,10.300000190734863,0.0814706301577532,0.060304020998084,0.1514777203653708,1,Bull
2006-12-20,-0.0029168762837298,-0.000562798154759,-0.0001121513843785,10.260000228881836,0.0816177589267535,0.0600430776576873,0.1518186043288487,1,Bull
2006-12-21,-0.0039024092413447,-0.0036651606018286,0.005008887144653,10.529999732971191,0.0830733150486795,0.0620211994608506,0.149335317737606,1,Bull
2006-12-22,0.0043891877677526,-0.006162138819161,-0.007689686402381,11.359999656677246,0.086094044222745,0.0672154754274712,0.1496140036083373,1,Bull
2006-12-26,0.0053384906129101,0.0058794333637409,0.0030158911251291,11.260000228881836,0.0867738687905798,0.0678561433282023,0.1390288053206775,1,Bull
2006-12-27,0.0038647661146999,0.0065473738274199,-0.0073794031745439,10.640000343322754,0.0710987564289655,0.070427596841225,0.1393313738855766,1,Bull
2006-12-28,0.0108696768765661,-0.0021070229370343,-0.0022576326459073,10.989999771118164,0.0715406998227456,0.0697470908156619,0.1453050341290731,1,Bull
2006-12-29,0.0049163140351062,-0.0041576454349654,-0.000791416478404,11.5600004196167,0.0659179927158369,0.0696032984771154,0.1447672462076885,1,Bull
2007-01-03,-0.0148221746347523,-0.0017670864662512,0.0071002225041525,12.039999961853027,0.0664487630253827,0.0703396590186605,0.1355467966952033,1,Bull
2007-01-04,-0.0101670730045299,0.002120144717923,0.0060441713468612,11.510000228881836,0.0658752197903152,0.0735137178525921,0.1385390640861759,1,Bull
2007-01-05,-0.0242993955601206,-0.0080082602225162,-0.0043631019654354,12.140000343322754,0.0676022088793386,0.0738955828275126,0.1585343262426746,1,Bull
2007-01-08,0.0051388655015296,0.0046143301042289,0.0017931630006025,12.0,0.0678551276726972,0.0733122182243872,0.1608476600633176,1,Bull
2007-01-09,0.0060990700550313,-0.0008503239611158,0.0,11.90999984741211,0.0678557794867395,0.0732247738316917,0.153560308475391,1,Bull
2007-01-10,-0.0042819288821998,0.0033258587231332,-0.004486172864483,11.470000267028809,0.0667921229889808,0.0744020216882504,0.1536758443461894,1,Bull
2007-01-11,0.0006599722253165,0.004371265212589,-0.0058616380677893,10.869999885559082,0.0680471263909415,0.0730007411428449,0.1500874291441045,1,Bull
2007-01-12,0.0250827011282802,0.007568142927031,-0.0046467327304367,10.149999618530272,0.0719232311604877,0.0716912097078082,0.1728374264625194,1,Bull
2007-01-16,-0.0032221221565547,-0.0019563699161536,0.0021565800177892,10.739999771118164,0.0723508140624143,0.0717276844548546,0.1731281920554861,1,Bull
2007-01-17,0.0107536252664413,0.0004193651165896,-0.0030649987845394,10.59000015258789,0.0723425643838377,0.0664208391584417,0.177392786712889,1,Bull
2007-01-18,-0.0060849038842782,-0.0033616112932408,0.0030649987845395,10.850000381469728,0.0672034772690392,0.0670207284875455,0.1775243171807709,1,Bull
2007-01-19,0.0118155883370622,0.0019625859821062,-0.0027247000068455,10.399999618530272,0.0675223974877638,0.0672611405258531,0.168764931396199,1,Bull
2007-01-22,-0.0044543308866393,-0.0030859701472779,0.0023839854018294,10.770000457763672,0.0677182359786216,0.0680558034124481,0.1700245186564787,1,Bull
2007-01-23,0.023790048029069,0.0029457008353029,-0.006597197200994,10.34000015258789,0.0681552333999845,0.0710742082687696,0.1834669519362007,1,Bull
2007-01-24,0.0015556703524108,0.0080212601905286,-0.0001139519367222,9.890000343322754,0.0732509549107306,0.0710739493545071,0.1826592975800154,1,Bull
2007-01-25,-0.0042060078166053,-0.0118102516215099,-0.0072172834416948,11.220000267028809,0.083891537643037,0.0708326778329636,0.1827869286498222,1,Bull
2007-01-26,0.0017156771582206,-0.0009142021552866,-0.000805011727674,11.130000114440918,0.0807771963408635,0.0671810649499038,0.1825875929226999,1,Bull
2007-01-29,-0.0062529157224538,-0.0005628484352613,-0.0021888890785004,11.449999809265137,0.078383151584012,0.0654845268699064,0.1842509790742244,1,Bull
2007-01-30,0.0070318401639786,0.0051957094800241,0.0011529437708045,10.960000038146973,0.0771245884923528,0.062304534337944,0.1851189655708698,1,Bull
2007-01-31,0.0094537797613312,0.0067004774072716,0.0083722679517878,10.420000076293944,0.0799416707445728,0.0700449670902561,0.1842796994654889,1,Bull
2007-02-01,0.0059977016470273,0.005964931039299,-0.0012041530846205,10.3100004196167,0.0801802506290717,0.070080151573304,0.1845746361675085,1,Bull
2007-02-02,-0.0145176671989637,0.0013826224157342,0.0012618854434646,10.079999923706056,0.0795530927024455,0.0647852454436508,0.184238245527038,1,Bull
2007-02-05,0.0004665803047738,0.0002759496869502,0.0013756838173578,10.550000190734863,0.0795247333664771,0.0604326958435411,0.1793678971981083,1,Bull
2007-02-06,0.0074361824088726,0.0002754980688997,0.005481676645343,10.649999618530272,0.0724930203762464,0.0631602347413126,0.152370623727172,1,Bull
2007-02-07,-0.0024726278147659,0.002206501738508,0.0029562571028667,10.31999969482422,0.0716442567938731,0.0638323581589843,0.1536295396754152,1,Bull
2007-02-08,0.0136767315317736,-0.0013094059048693,0.0007943518009098,10.4399995803833,0.0718382347338601,0.063971443664275,0.1576460248821022,1,Bull
2007-02-09,0.0091159261826131,-0.0074749035301959,-0.0056892805031566,11.100000381469728,0.0775454597629425,0.0650493728900516,0.1561146580015479,1,Bull
2007-02-12,-0.006829142171961,-0.0034102501897728,-0.0022840448882419,11.609999656677246,0.0777158456507338,0.0624841036068182,0.1603284343824292,1,Bull
2007-02-13,0.0025853284272528,0.0083996721415616,-0.0021753690037283,10.34000015258789,0.07872498653087,0.0609139707620672,0.1404076872061457,1,Bull
2007-02-14,0.0080176877932494,0.0065459241489097,0.009468118757887,10.229999542236328,0.0809029008449903,0.0692372696161771,0.1398001562520451,1,Bull
2007-02-15,0.0006025141558484,0.0013038794870247,0.0029484645785842,10.220000267028809,0.0808982108048954,0.0688988817782164,0.1373511440740282,1,Bull
2007-02-16,-0.0007532281767395,-0.0004804303840855,0.0035031117161803,10.020000457763672,0.0795833082112356,0.0691292644790928,0.1342198863457085,1,Bull
2007-02-20,-0.0159493479870745,0.0021251783283934,0.0022535264826398,10.239999771118164,0.0796086883289807,0.0684285392641301,0.1453390920916934,1,Bull
2007-02-21,0.0307577536676613,-0.0004111384213852,-0.0016899813167007,10.199999809265137,0.0783825567860736,0.0685838616785949,0.1747226797468724,1,Bull
2007-02-22,-0.0029739345077277,-0.0007537828094242,-0.0054273074925169,10.18000030517578,0.078385529998944,0.0671728728115679,0.1592668412465085,1,Bull
2007-02-23,0.0084526295979895,-0.003914642624966,0.0071172888092177,10.579999923706056,0.0758014871620157,0.0708903172605856,0.1607456682593971,1,Bull
2007-02-26,0.0055956154583467,-0.0008952158696167,0.0066194756463187,11.149999618530272,0.0616826002053159,0.0671371370272122,0.159214018489343,1,Bull
2007-02-27,-0.040301982788906,-0.0398412279393491,0.0125561065486214,18.309999465942383,0.1543735870682709,0.076603286257556,0.2186364231421521,2,Bear
2007-02-28,0.0162259930824672,0.0101987046307295,-0.0045374696258868,15.420000076293944,0.1590895844692841,0.0786841417887125,0.2231751369567177,2,Bear
2007-03-01,-0.0099774621639091,-0.0029850013662469,-0.0006349185067823,15.81999969482422,0.1579992363760163,0.0791804660939468,0.2260847805669999,2,Bear
2007-03-02,-0.0325822171205064,-0.0131810627294783,0.0050022383859326,18.61000061035156,0.161139679347316,0.0765564484002706,0.2520823880712387,2,Bear
2007-03-05,-0.0123185193698763,-0.0095643016563963,0.0016602111616117,19.6299991607666,0.1607952992309758,0.0757816449016874,0.2538108560485141,2,Bear
2007-03-06,0.0192011124594639,0.0169643485122337,-0.0029923919337765,15.960000038146973,0.173995976927941,0.0776648220594009,0.2591791459420697,2,Bear
2007-03-07,0.0023355638570595,-0.0010025330675176,0.003878260260683,15.239999771118164,0.1738683618343128,0.078004532933901,0.2593111304296205,2,Bear
2007-03-08,0.0027954715551829,0.0084196605918727,-0.0008858683269065,14.289999961853027,0.1773309715479344,0.0773833940853443,0.2581282627998204,2,Bear
2007-03-09,-0.0035734264846675,0.0002842378608426,-0.0105697660680708,14.09000015258789,0.1769652399277261,0.0877640340146375,0.2582769766412864,2,Bear
2007-03-12,0.0018660049578603,0.001490519560775,0.0039073165205264,13.989999771118164,0.1772638700885391,0.0883768599874545,0.2534299301433321,2,Bear
2007-03-13,-0.0101492245340424,-0.0196254188055054,0.0059986805013326,18.1299991607666,0.1872750560213474,0.086400915275755,0.2526766644691814,2,Bear
2007-03-14,0.0034466179547404,0.0074228362688997,-0.0045512360106032,17.270000457763672,0.189930392954504,0.0880285336273063,0.252586815968422,2,Bear
2007-03-15,0.0006254052126911,0.0013630196640853,-0.0001115217707831,16.43000030517578,0.1868934768419982,0.0872302229819718,0.2523008455158351,2,Bear
2007-03-16,0.0099534755333633,-0.002804176528871,-0.0002223120601686,16.790000915527344,0.1844612525102157,0.0825442924435618,0.2532950259501609,2,Bear
2007-03-19,0.0018552126010832,0.011983011494988,-0.0021172067255173,14.59000015258789,0.1906132382272665,0.083005513475694,0.2534489883279143,2,Bear
2007-03-20,0.0081532457146056,0.0054771715729059,0.0005572499340771,13.270000457763672,0.1921949458034447,0.0824639340113756,0.2555218922350956,2,Bear
2007-03-21,0.0083912776630422,0.0163235257479943,0.0004463461316624,12.1899995803833,0.201535997156041,0.0822869985769907,0.2512005467255772,2,Bear
2007-03-22,-0.0009119556454928,-0.0007682344345496,-0.0079422886087063,12.93000030517578,0.2015329708477593,0.0872443656550721,0.2255791001691961,2,Bear
2007-03-23,-0.0093194562413149,0.0014655885134234,-0.0028120886601199,12.949999809265137,0.2016767828693847,0.0855081798224524,0.2272944121629136,2,Bear
2007-03-26,0.0105351737556021,-0.0013260926729625,0.001238784439332,13.15999984741211,0.2013443394887682,0.0821286313031533,0.2285474820455741,2,Bear
2007-03-27,-0.0021286217067943,-0.0023765833124418,-0.0016891015773534,13.479999542236328,0.2014459012372112,0.0789448158118754,0.2271558148798771,2,Bear
2007-03-28,0.0053131981314119,-0.0073066480122213,-0.0020298372609432,14.979999542236328,0.1452220837017513,0.0640562786032304,0.1794585842408529,1,Bull
2007-03-29,-0.0060744531806464,0.001057256223247,-0.0013561682888774,15.140000343322754,0.1413052950430467,0.0626989716886837,0.1712166013770508,1,Bull
2007-03-30,0.0013699117494945,0.0002109813510694,-0.0019238118816055,14.640000343322754,0.1407336831237686,0.0628344586254641,0.1678638204196129,1,Bull
2007-04-02,0.0016718692763152,0.0011266682000944,0.0016584036970243,14.529999732971191,0.1313808635991394,0.0599546996592902,0.1190936459894973,1,Bull
2007-04-03,-0.0003037157225664,0.0107052267584277,-0.0012494891989297,13.460000038146973,0.1288601219686067,0.0592038006469383,0.1082105099991622,1,Bull
2007-04-04,0.0147770441001756,0.0011124440595388,0.0010228445269979,13.239999771118164,0.1173767783591654,0.0592070633058549,0.1002142563971193,1,Bull
2007-04-05,0.0007481567258945,0.0027075220712844,-0.0037541702302611,13.229999542236328,0.1170504116934438,0.0573309249373402,0.1002850923438156,1,Bull
2007-04-09,-0.0049479347151171,0.0013856460006663,-0.006630687001079,13.140000343322754,0.1145159685838371,0.0602430311067299,0.1029267073908888,1,Bull
2007-04-10,0.0094249313318355,0.0011759241321652,0.0029775382394928,12.68000030517578,0.1144457621689057,0.0523972592463497,0.1047029323566064,1,Bull
2007-04-11,-0.0011919224858818,-0.0040881220389803,-0.0006854591397539,13.489999771118164,0.1160514341106063,0.0494363766204258,0.1053264758458742,1,Bull
2007-04-12,-0.0013426416202099,0.0044337895927405,0.0002278560710877,12.710000038146973,0.0882449630710428,0.0425527582932727,0.0966238072910954,1,Bull
2007-04-13,0.0126086148707018,0.0045526480789019,-0.003094625976424,12.199999809265137,0.0867114692879466,0.0414696729871856,0.1029029493072513,1,Bull
2007-04-16,0.0082209094345945,0.0094514768198355,0.0054949450317808,11.979999542236328,0.0901737867733072,0.0476036942379246,0.1042179312860341,1,Bull
2007-04-17,-0.0058651417605689,0.0026547698977834,0.0055775020668355,12.140000343322754,0.0880121949953008,0.0528164413814536,0.1056619131124534,1,Bull
2007-04-18,0.0055726388685951,0.0012229733144722,0.0049823462844098,12.420000076293944,0.0816115097372404,0.0561485175806034,0.1061914870361874,1,Bull
2007-04-19,-0.0125084185344081,-0.0002717407721647,-0.0016950389596836,12.539999961853027,0.081258525209199,0.0561927062836262,0.1162349405874459,1,Bull
2007-04-20,0.017177229296498,0.0093963833484062,-0.0026061987510841,12.06999969482422,0.0684868223456072,0.0565149803807248,0.1262373673938265,1,Bull
2007-04-23,-0.0064251800327363,-0.0037748143445417,0.0036235979830825,13.039999961853027,0.0706320900551279,0.0517941314411983,0.1292696753422121,1,Bull
2007-04-24,-0.0077947119837775,0.0004054454451859,0.003723363807152,13.119999885559082,0.0707521173760239,0.0524728444622114,0.127719186506122,1,Bull
2007-04-25,0.0023594765329765,0.0091393668658846,-0.0034962403496429,13.210000038146973,0.074584533559822,0.0538172201447709,0.1237933014664664,1,Bull
2007-04-26,-0.0151382621839115,0.0011365157671046,-0.0072592677613766,12.789999961853027,0.0729356883510502,0.059156949002372,0.136133442104398,1,Bull
2007-04-27,0.010265578663396,-0.0008021080561841,-0.0002278381033668,12.449999809265137,0.0653239796130635,0.05882495162226,0.1392293542611179,1,Bull
2007-04-30,-0.0069811088129694,-0.0083269763192569,0.010420137539683,14.220000267028809,0.0753001144887856,0.0691980963343643,0.1398501255909954,1,Bull
2007-05-01,-0.0059798937372744,0.0025588402369456,0.0007244767801778,13.510000228881836,0.075006859940619,0.0687141218295453,0.1419293144532999,1,Bull
2007-05-02,-0.0004499254357686,0.0058351056728514,-0.0005661416159411,13.079999923706056,0.0759367659643733,0.0686587978891452,0.1419334065028702,1,Bull
2007-05-03,0.01237427928604,0.005402199556224,-0.0022636585048678,13.09000015258789,0.07067755172729,0.0690466893099315,0.1476172097892475,1,Bull
2007-05-04,0.0103185552327896,0.0037837833200834,0.0040711043658165,12.90999984741211,0.070785583425996,0.0702407272828243,0.1431864477434727,1,Bull
2007-05-07,0.0008794717295128,0.0001988298057526,0.0027050195584967,13.149999618530272,0.0711293936498091,0.0689156649450837,0.1431845654269391,1,Bull
2007-05-08,-0.0054360341613607,-0.0013254885579271,-0.0022539194934498,13.210000038146973,0.072116958016194,0.0645280182353705,0.1434489138009822,1,Bull
2007-05-09,-0.006354862494686,0.0027153309802852,-0.0039557121533595,12.880000114440918,0.0720827494676264,0.0662573076391806,0.1421202725805006,1,Bull
2007-05-10,-0.0217317953825968,-0.0105075461435346,0.0023752735225707,13.600000381469728,0.0818108002248637,0.0663339400371606,0.161195385115814,1,Bull
2007-05-11,0.0067949972072021,0.0085217422366334,-0.003509278949201,12.949999809265137,0.0846432535651894,0.0679731843603252,0.163284332557908,1,Bull
2007-05-14,-0.0025615650926334,-0.0021902517921559,-0.0026106942366325,13.960000038146973,0.0852998411625929,0.0676609871316213,0.1563838845023104,1,Bull
2007-05-15,0.0039151102083884,0.000265856309219,-0.0003414284552849,14.010000228881836,0.0805545047518583,0.0653560643424955,0.1538381491973399,1,Bull
2007-05-16,-0.014227611659689,0.0068173700716185,-0.0006821143249021,13.5,0.0827367505138576,0.0625900683397515,0.1595765446970877,1,Bull
2007-05-17,-0.0082657891699464,-0.0019813228914733,-0.0041060118690317,13.510000228881836,0.0835820191126206,0.0614835963315056,0.1588164661733689,1,Bull
2007-05-18,0.007045504789815,0.0086867752012706,-0.0066498971349944,12.760000228881836,0.0871633453669952,0.0651101598036727,0.1575282708097755,1,Bull
2007-05-21,0.0022867840106523,-0.0005243544352583,0.0029865828489771,13.300000190734863,0.0828095503500805,0.0658319766822469,0.1431445600003726,1,Bull
2007-05-22,-0.0071827501937098,-0.0007870475402911,-0.0051745791854144,13.0600004196167,0.0811602677435156,0.0661992989288451,0.1434535032170084,1,Bull
2007-05-23,0.0052012351131496,0.0001314664530114,-0.002886184699734,13.239999771118164,0.0812073411248832,0.0644886910037567,0.1441116084465253,1,Bull
2007-05-24,-0.0121269566600073,-0.009094184043937,0.0009249419658496,14.079999923706056,0.0837483733794352,0.0642203945949416,0.1478300103490077,1,Bull
2007-05-25,0.002930103689851,0.0041622208392755,-0.0023134846430267,13.34000015258789,0.0846884222722594,0.0601791040890931,0.1410860009901249,1,Bull
2007-05-29,0.0019998045474331,0.0036190831193368,-0.0001152828635443,13.529999732971191,0.0851204392050974,0.0601899597003088,0.1352639976425599,1,Bull
2007-05-30,-0.0053933172053985,0.0081120113507074,0.0020818560469135,12.829999923706056,0.0817587775534792,0.0462097314603737,0.1346061738476377,1,Bull
2007-05-31,0.0125903656281216,-0.0010432443567752,-0.0018513036084313,13.050000190734863,0.0821986698663344,0.0458398468670027,0.1423380129452687,1,Bull
2007-06-01,0.0136386642514691,0.0049450074870828,-0.005266642968507,12.779999732971191,0.0816586840950163,0.0479307171883286,0.1509182133386143,1,Bull
2007-06-04,0.0015039628582593,0.0001296984842639,0.0045467844315069,13.289999961853027,0.0804561194576476,0.0519721209118732,0.1440883046045891,1,Bull
2007-06-05,-0.0025580958086658,-0.0039662861387596,-0.0063005998359196,13.630000114440918,0.0817562533964678,0.0515149727996859,0.1385056081310577,1,Bull
2007-06-06,0.0006025141558484,-0.0108081293018327,-0.0004684866460048,14.869999885559082,0.0911361842087383,0.0493451727234636,0.1384543060393465,1,Bull
2007-06-07,-0.017468378797244,-0.0182097808665395,-0.0180778588821998,17.059999465942383,0.1113994603339312,0.0752532961951557,0.1488643722771279,1,Bull
2007-06-08,-0.016064616229808,0.012927110596151,-0.0008353315824361,14.84000015258789,0.1203944505322127,0.0752415516873417,0.1561674179951916,1,Bull
2007-06-11,0.0074464466695225,0.0017196531522937,-0.0028682287394218,14.710000038146973,0.1142929642527869,0.0733049450907455,0.1426312976205146,1,Bull
2007-06-12,-0.009316814217075,-0.0109653644290813,-0.0145859494839607,16.670000076293945,0.117057245799243,0.0843452872621235,0.1425316028318776,1,Bull
2007-06-13,0.006685872908956,0.0148573784051905,0.0118296392474893,14.729999542236328,0.1281158944572469,0.0989226627296162,0.1454099477812533,1,Bull
2007-06-14,0.0010841741372225,0.0063661059597517,-0.0025231333312603,13.640000343322754,0.1297507992126527,0.0986421727499676,0.144464600703176,1,Bull
2007-06-15,0.0038625000649545,0.0056739909016693,0.0068352991807529,13.9399995803833,0.1291326363621117,0.1036885170008317,0.1376713963772622,1,Bull
2007-06-18,0.00154080889725,-0.0011769178754786,-0.0020337404881645,13.420000076293944,0.1289549249676251,0.1034401710516974,0.1349076308890585,1,Bull
2007-06-19,0.0081271076391374,0.0024825751096929,0.0092957564144282,12.850000381469728,0.1258689384890993,0.1090725994292244,0.135677332732573,1,Bull
2007-06-20,-0.0118290688484652,-0.0139944311790606,-0.0080999610478843,14.670000076293944,0.1354123860782861,0.1103668095313483,0.141335168617654,1,Bull
2007-06-21,-0.0023207487754052,0.0055419993109322,-0.0047952321423387,14.210000038146973,0.1368540400413757,0.1102285780778233,0.1395176350288778,1,Bull
2007-06-22,0.0034019087537452,-0.0094531733776391,0.0064680560225405,15.75,0.140768872382564,0.1137586524414496,0.1387331339323947,1,Bull
2007-06-25,-0.0054175270122569,-0.0047942692916669,0.0054765350461071,16.649999618530273,0.1381828530759423,0.1159719563007205,0.1335312374697405,1,Bull
2007-06-26,-0.0126514983550861,-0.0103315527850877,0.0002375122897825,18.88999938964844,0.1415193281436114,0.1159789259787746,0.1396455070386257,1,Bull
2007-06-27,0.0007855957384052,0.0141283954520753,0.0009496474465027,15.529999732971191,0.1501438493178789,0.1161401178339476,0.1393823777725176,1,Bull
2007-06-28,0.0092239216608429,-0.0001328214268817,-0.0002365576147099,15.539999961853027,0.1469548034494679,0.1156537755725877,0.1427805011992698,1,Bull
2007-06-29,0.0001555202201976,0.0003324150514823,0.0102667850067466,16.229999542236328,0.1469994632832841,0.1220531217895522,0.1348704826888213,1,Bull
2007-07-02,0.011601956095053,0.0090000239000189,0.0052434046525778,15.399999618530272,0.1496099640798306,0.1222950253857245,0.1322573084665091,1,Bull
2007-07-03,-0.0043156477454863,0.003616866330744,-0.0061165466088523,14.920000076293944,0.1502834878994973,0.1228938955809968,0.1323894714923781,1,Bull
2007-07-05,-0.0049551000216719,-0.0010510099368969,-0.0112702626311681,15.479999542236328,0.1497359992076451,0.1269908712369181,0.1329344105044617,1,Bull
2007-07-06,0.0083475662803599,0.00524326221341,-0.0040638130885287,14.720000267028809,0.1456813848134914,0.1275076321152296,0.1370625488333962,1,Bull
2007-07-09,0.0064446775268361,0.0007844689242977,0.0035866358059249,15.15999984741211,0.1287156816635083,0.1118585398969303,0.1255190702139109,1,Bull
2007-07-10,0.003511773372958,-0.0143415923491725,0.0168085584996315,17.56999969482422,0.1327199932163068,0.1257702572753991,0.1112907239207431,1,Bull
2007-07-11,-0.002594403057464,0.0070646655667421,-0.0103828528253915,16.639999389648438,0.1347834056629208,0.1312362087352105,0.1094042500912128,1,Bull
2007-07-12,0.00882394597578,0.0156671526992688,-0.0034453963470878,15.539999961853027,0.1379706485491319,0.1201876811201533,0.1068251486282273,1,Bull
2007-07-13,0.0001514901415574,0.0029753689625001,0.0027331057611911,15.149999618530272,0.129565927489463,0.1139675986848942,0.1051402542578726,1,Bull
2007-07-16,-0.0031854268407077,-0.0001293526813108,0.0095677783213322,15.59000015258789,0.1282011895819342,0.1172921285765391,0.1061805516753374,1,Bull
2007-07-17,-0.0010640678207994,-0.0005168110274905,-0.0021182402864883,15.630000114440918,0.1270328638483565,0.1160497780779405,0.1058141880090323,1,Bull
2007-07-18,0.0131452029352485,-0.0018109797925075,0.003761954231328,16.0,0.1271584966551035,0.1159651631295246,0.1143295095799343,1,Bull
2007-07-19,0.0058370198712351,0.0038766928615277,-0.0002343086300981,15.229999542236328,0.1275249914756364,0.1121529365427986,0.1128491042073788,1,Bull
2007-07-20,0.00847021451641,-0.0101759020091357,0.0089971571908827,16.950000762939453,0.1226273100184195,0.110914516685757,0.1051948719915092,1,Bull
2007-07-23,-0.0016290356489017,0.0030570066302672,-0.0016288858664258,16.809999465942383,0.1216992682050623,0.1091800411087126,0.1048581323515013,1,Bull
2007-07-24,0.0,-0.0174934716073723,0.0037214205284857,18.549999237060547,0.1327680018047226,0.1080609214931488,0.1049878322456897,1,Bull
2007-07-25,-0.0084840827893288,0.0020470710778566,0.0019712629465478,18.100000381469727,0.1316117742314172,0.1071206550091384,0.1081834606617124,1,Bull
2007-07-26,-0.0188613659510982,-0.023964101295673,0.0083079493280502,20.739999771118164,0.1526247633325534,0.1096821857410377,0.1201106245994805,2,Bear
2007-07-27,-0.0036624160313233,-0.019854777965022,0.0028685474955977,24.170000076293945,0.1580476052001278,0.1097106584694776,0.12142312650422,2,Bear
2007-07-30,0.0054885483126444,0.0155218160533779,-0.0028685474955977,20.8700008392334,0.1689381325728042,0.1107083208180824,0.1190109477824194,2,Bear
2007-07-31,0.0003041087410509,-0.0113272260977741,0.0072128174200025,23.520000457763672,0.172603132920875,0.1082080135462179,0.1189971073728465,2,Bear
2007-08-01,0.0021257127401822,0.0048603273302376,-0.0021672089025096,23.670000076293945,0.1700016948526359,0.1080701221617798,0.1128412486278341,2,Bear
2007-08-02,-0.0006069020914542,0.0079588568604621,0.0025216305333113,21.21999931335449,0.1723655357382852,0.1047924677476453,0.1115033929703422,2,Bear
2007-08-03,0.0120683775899561,-0.0260826141221585,0.0066182250949726,25.15999984741211,0.1922039825207438,0.0949402832372538,0.1158671973221023,2,Bear
2007-08-06,-0.0025524493927964,0.0166203851967835,-0.0073056862524927,22.940000534057617,0.2019212268490041,0.098352213236829,0.1140657355646737,2,Bear
2007-08-07,-0.0006014028171162,0.0106131680402732,-0.0008020011853635,21.559999465942383,0.2065419411233321,0.098808782354379,0.1125303788082203,2,Bear
2007-08-08,0.0043526265511177,0.0138442699451579,-0.0122274084772725,21.450000762939453,0.2078576048523552,0.0954943822004265,0.1128235253972684,2,Bear
2007-08-09,-0.0198145725067236,-0.0300816002434045,0.001391520300252,26.479999542236328,0.2298405690571667,0.0865372595850592,0.1333249787397922,2,Bear
2007-08-10,0.0168147659413518,-0.0046877692690974,-0.0023201724230224,28.299999237060547,0.2206304774081191,0.0858481509246478,0.1425332414784482,2,Bear
2007-08-13,-0.0046675919164572,0.0035866395735569,0.0029003567271246,26.56999969482422,0.2208520307545144,0.0858844582224765,0.1436105406231801,2,Bear
2007-08-14,0.0004526409523711,-0.0154040583088843,0.0026605431519701,27.68000030517578,0.2246098308813607,0.0807263656806838,0.1430929609438214,2,Bear
2007-08-15,-0.0024166099107436,-0.013871051634409,-0.0035872080417766,30.670000076293945,0.2269161171114875,0.0815998250010014,0.1433365417713962,2,Bear
2007-08-16,-0.0221704207263521,0.0074875181098564,0.0102643076844636,30.82999992370605,0.2305194836739097,0.0873378308268533,0.1551040975861989,2,Bear
2007-08-17,0.0050890976492592,0.01820095225988,-0.0040236162020671,29.989999771118164,0.2417345136632342,0.0891186953163736,0.1546850213324737,2,Bear
2007-08-20,0.0016906267951208,-0.0004842455449232,0.0005758390557847,26.32999992370605,0.2405859639052533,0.0843281657452909,0.1509483309066628,2,Bear
2007-08-21,-0.000768155054595,0.0020026674382653,0.0048245917290307,25.25,0.2402883740352641,0.0850707920503865,0.1509876070299355,2,Bear
2007-08-22,0.005058672977703,0.0117983649612007,-0.0016057419927181,22.88999938964844,0.2392668050013436,0.0849075328284824,0.1527226455121125,2,Bear
2007-08-23,-0.0013771552618831,-0.0008865223354121,0.0034380341231091,22.6200008392334,0.2389365077413671,0.0853299344015199,0.1505875269334415,2,Bear
2007-08-24,0.0121749040450989,0.0122775754107455,0.0049067688559802,20.71999931335449,0.229022105110507,0.0823165029501519,0.142757543153496,2,Bear
2007-08-27,-0.0019683138993685,-0.0093475094404494,0.0052221690005152,22.71999931335449,0.2202098089987126,0.0835172040943228,0.1422800325001106,2,Bear
2007-08-28,-0.0059285272061885,-0.0222252474630796,0.0016969851804654,26.299999237060547,0.2267078024549913,0.0825202711641374,0.1426448861225938,2,Bear
2007-08-29,0.0072915919505243,0.0194310598988319,-0.0027163298175143,23.809999465942383,0.2343024532968584,0.0801780460755224,0.1449482357690363,2,Bear
2007-08-30,-0.0040948967122492,-0.0026648158960762,0.0066650529990234,25.059999465942383,0.2338934829643363,0.0823010385568256,0.1455088298393954,2,Bear
2007-08-31,0.0108827191491301,0.0098046167365571,0.0007884107768192,23.3799991607666,0.2347796288242426,0.0820919782791269,0.1503610561442581,2,Bear
2007-09-04,0.0137357460350609,0.0100448446830968,0.0004741202229422,22.780000686645508,0.2168889738275475,0.0793436327567972,0.1520850223754408,2,Bear
2007-09-05,0.0017777059079792,-0.0086904486410133,0.0079858414828664,24.57999992370605,0.2126562571450177,0.0779760625507873,0.1517175778195904,2,Bear
2007-09-06,0.0190594109712978,0.0022977471643992,-0.0025805977478522,23.989999771118164,0.209608484734075,0.0788083657873053,0.1642949164269426,2,Bear
2007-09-07,0.0076672893414621,-0.0140042733628744,0.01405241528066,26.229999542236328,0.2088249077638418,0.0749713176133197,0.1653732964251735,2,Bear
2007-09-10,0.0033091657188421,-0.0019185500869768,0.0077219690433001,27.3799991607666,0.1806529490166787,0.0770457948522577,0.1454320900819137,2,Bear
2007-09-11,0.0128443880927521,0.0115928668723797,-0.0007700164865094,25.270000457763672,0.1839545041133837,0.0759446190869909,0.1412474203622852,2,Bear
2007-09-12,-0.0008511500075774,0.0025734984058017,-0.0037464085062723,24.959999084472656,0.1838019036980316,0.0792570397079806,0.1393295654728936,2,Bear
2007-09-13,-0.0054076871633166,0.0070082669716656,-0.0089818773757156,24.76000022888184,0.1750037458143278,0.0886430786483479,0.1420922412332504,2,Bear
2007-09-14,-0.0012851285766897,-6.739915295588297e-05,0.0014481153049959,24.920000076293945,0.1655840383238148,0.0863789233409097,0.1416374673525245,2,Bear
2007-09-17,0.0139049255576515,-0.0053868112173996,0.0047707183402771,26.479999542236328,0.16678033488722,0.0818741164167708,0.1143126326088939,2,Bear
2007-09-18,0.0102334353055424,0.029014419942892,-0.0075559657368382,20.350000381469727,0.183417422879185,0.0859152920983449,0.1160679959680186,2,Bear
2007-09-19,-0.0037727516034467,0.0058862413355341,-0.0093002115330696,20.030000686645508,0.1834458789767185,0.094034484606594,0.1193288051573443,2,Bear
2007-09-20,0.0178985132163132,-0.007067233597547,-0.0190937725224003,20.450000762939453,0.1865984028304998,0.1164774250924894,0.1264423457517933,2,Bear
2007-09-21,-0.0052392907551936,0.0026945171440165,0.0084550378586219,19.0,0.1834318068693489,0.1197517174322503,0.1316094663185152,2,Bear
2007-09-24,-0.0008297270648809,-0.0018439913439397,0.0028405707922316,19.3700008392334,0.183646396482624,0.119591926134083,0.1312988829409199,2,Bear
2007-09-25,0.0006915573409805,-0.0019794197341399,-0.003522637062994,18.600000381469727,0.1800786810991046,0.1193181987002538,0.12921281466385,2,Bear
2007-09-26,-0.0045728871604204,0.0052702880820828,0.0009095231069709,17.6299991607666,0.1763744782182944,0.1179509393818908,0.1311014436784307,2,Bear
2007-09-27,0.009675223546006,0.0058962544919124,0.0069154418819202,17.0,0.1533151053943465,0.1202715614152632,0.1270559380986597,1,Bull
2007-09-28,0.0110801378843407,-0.0033375161701283,0.0022577630158479,18.0,0.14294212741292,0.1199718928267502,0.128622293445749,1,Bull
2007-10-01,0.0052913681556413,0.0112104649263778,0.0056973290295504,17.84000015258789,0.1451194204897457,0.1193870088041794,0.124219335835067,1,Bull
2007-10-02,-0.0211974166147916,-0.0013621118646782,0.0031451717375892,18.489999771118164,0.1434836032651933,0.1197578521997456,0.1531384891467831,1,Bull
2007-10-03,-0.0062391460380133,-0.0020140704225186,-0.0029202909081634,18.799999237060547,0.1413231645150621,0.1203534667919908,0.152771083991365,1,Bull
2007-10-04,0.0134007834244847,0.001559643767198,0.0038169898409968,18.440000534057617,0.1361919152302899,0.1178694898934942,0.1568045491164302,1,Bull
2007-10-05,0.0072468870352873,0.0118121045962883,-0.0108163368211215,16.90999984741211,0.1402140240663409,0.1236038030561907,0.1471770045482312,1,Bull
2007-10-08,-0.01192370386401,-0.0053405231846335,-0.0007921884858171,17.459999084472656,0.1300992040561644,0.1121702228341385,0.1548628229742423,1,Bull
2007-10-09,0.0076912558431886,0.0093741453355096,-0.0012481103398569,16.1200008392334,0.1305378388807342,0.1076664285947624,0.1560308459026618,1,Bull
2007-10-10,0.0036873278799704,-0.0016626337743379,0.0005671970296471,16.670000076293945,0.1283628016811208,0.1078577219694426,0.1514013751432607,1,Bull
2007-10-11,0.0074693500768601,-0.0048123414613246,-0.0010211711294699,18.8799991607666,0.1311649565578012,0.1074891811015984,0.1522513105925081,1,Bull
2007-10-12,0.0091582145255312,0.0055162567423479,-0.0048951811216597,17.729999542236328,0.1306356220688337,0.1046381381917653,0.1513471007442651,1,Bull
2007-10-15,0.0073466311524132,-0.0084798637203711,0.0002287020112154,19.25,0.1358964992203019,0.1043681836839545,0.1512430701946334,1,Bull
2007-10-16,-0.0002661605603641,-0.0079667883006767,0.0003419197299671,20.020000457763672,0.1379750589882637,0.1023770479272264,0.1467177006337361,1,Bull
2007-10-17,-0.0082877460770865,0.0030522437600011,0.010889183586586,18.540000915527344,0.0972774029819247,0.1078279529282043,0.1487590850397878,1,Bull
2007-10-18,0.0199342149008173,-0.0036373535060768,0.0055125907881974,18.5,0.0965717477610618,0.1045103144778031,0.1597804627917149,1,Bull
2007-10-19,-0.0039552201567704,-0.0265049559316219,0.0148119540191882,22.959999084472656,0.132220560101227,0.0900427713256403,0.1517569842077761,2,Bear
2007-10-22,-0.0146376333739864,0.0057959114294143,0.0001102227187531,21.63999938964844,0.1336226726756186,0.0870495805916706,0.1605737722320296,2,Bear
2007-10-23,0.008409645438828,0.0080713870259,-0.0013277914217349,20.40999984741211,0.1366986936805249,0.0874754886317568,0.1620927536524631,2,Bear
2007-10-24,0.0038473451919205,-0.0018464036565284,0.0073892104269517,20.799999237060547,0.136674930196247,0.0879593571061363,0.1621637365738848,2,Bear
2007-10-25,0.0067305057984769,0.0023737362922027,-0.003411706562872,21.170000076293945,0.1356395485905671,0.0898169394560546,0.1610661567037462,2,Bear
2007-10-26,0.0215985972025034,0.0116545054943348,-0.0023181513207113,19.559999465942383,0.1402407904425465,0.0887223432068059,0.1725577318452242,2,Bear
2007-10-29,0.0055195607796746,0.0033143303292478,0.00386043276043,19.8700008392334,0.1400407174577632,0.0891270167276364,0.1704041017538771,2,Bear
2007-10-30,-0.009905583874844,-0.0069661387372218,-0.0005501133512122,21.06999969482422,0.1366073920023284,0.0878754486509395,0.1757604796696549,2,Bear
2007-10-31,0.0162855976364824,0.0103341810702881,-0.009072824234192,18.530000686645508,0.1414743534841787,0.0941192067647617,0.1602393843459473,2,Bear
2007-11-01,-0.0088151631571221,-0.0236864061083007,0.01290938471669,23.209999084472656,0.1638462110036491,0.1025989557667597,0.1625368338085301,2,Bear
2007-11-02,0.0240884048231378,0.0011256173132633,0.0031910508045014,23.01000022888184,0.1637723556245373,0.1024197525837681,0.1742563141357872,2,Bear
2007-11-05,-0.0010026549296778,-0.0076348071423368,-0.0004400346582661,24.309999465942383,0.1585549626467548,0.093006627251119,0.1748668895476354,2,Bear
2007-11-06,0.0208470175617929,0.0133727310659872,-0.0048466251337364,21.38999938964844,0.1663583941527945,0.0953804407760816,0.1742289255479755,2,Bear
2007-11-07,0.0098980165045427,-0.027737429476354,0.0017658929000168,26.489999771118164,0.1859567664474345,0.0948719001860395,0.1747437201192713,2,Bear
2007-11-08,-0.0001215359247773,-0.0050831832454363,-0.0017658929000168,26.15999984741211,0.1860979435687748,0.0955352458503802,0.1757687193427082,2,Bear
2007-11-09,-0.0006082726377443,-0.0138219378419034,0.0084668271950216,28.5,0.1898767753187563,0.0980103294825438,0.1768150906518283,2,Bear
2007-11-12,-0.0483643251968157,-0.0099710942937385,0.0036072164928117,31.09000015258789,0.1884165787092566,0.0949099175904215,0.2549813760407482,2,Bear
2007-11-13,0.0104180800566346,0.0300248366884031,-0.0037164362453345,24.100000381469727,0.2212609881925553,0.0969822809287174,0.2559656820619717,2,Bear
2007-11-14,0.0145547866939808,-0.0027726718806976,0.0010940775440716,25.940000534057617,0.2202781432217083,0.0968392964285108,0.2591081041480285,2,Bear
2007-11-15,-0.0294529523689793,-0.0145288388944233,0.0093635491614266,28.059999465942383,0.2236603947362199,0.0952451561966972,0.2803930773842535,2,Bear
2007-11-16,-0.0025690052942447,0.0017160943130362,0.0014075809793616,25.489999771118164,0.2241664056975993,0.0944640570808265,0.2731576869686218,2,Bear
2007-11-19,-0.0065811211560792,-0.0140222937642226,0.0064710530617374,26.01000022888184,0.2111240371985116,0.0839679513794936,0.2739184712058933,2,Bear
2007-11-20,0.0284621774093764,0.0061030476434328,-0.0010755810531492,24.8799991607666,0.2112680740129744,0.0843208015382032,0.2835184227695365,2,Bear
2007-11-21,-0.0013851366451013,-0.0206769849315474,0.0057957028937125,26.84000015258789,0.2175435121432466,0.0849445083733849,0.2831987022707246,2,Bear
2007-11-23,0.0235363505423075,0.0171448137675293,0.0029920837058872,25.61000061035156,0.2287702465003386,0.0826436450507198,0.2924031107741933,2,Bear
2007-11-26,0.0006152328809138,-0.0223105957003952,0.0195451508527192,28.90999984741211,0.2381129006835446,0.1012488579235126,0.2923145747327474,2,Bear
2007-11-27,-0.0148702190661215,0.0114282135063514,-0.0095665942526733,26.280000686645508,0.2379321291677718,0.1086199498117872,0.2906733081975352,2,Bear
2007-11-28,-0.0066387014705076,0.0314831777064703,-0.0067830070813726,24.11000061035156,0.2664761051949956,0.1129321217951723,0.291580923362663,2,Bear
2007-11-29,-0.0163450066203174,0.0003396122212899,0.0085764892670939,23.96999931335449,0.2660356833658778,0.114899215835844,0.2954091315504373,2,Bear
2007-11-30,-0.0123394765406028,0.0100057133167734,-0.0048612087615458,22.8700008392334,0.2658482624620005,0.1104969629904458,0.2928518134603296,2,Bear
2007-12-03,0.0123394765406029,-0.0066146104578001,0.0079041591325017,23.61000061035156,0.2545423228206157,0.1058065912771965,0.2947139970569632,2,Bear
2007-12-04,0.0142062605368943,-0.008977914389359,-0.0001059838884369,23.790000915527344,0.2558480491040905,0.1060509301578927,0.2865006543065822,2,Bear
2007-12-05,-0.0097451163977437,0.0166013326108597,-0.0119988971634949,22.530000686645508,0.2622787595785798,0.1165598137650978,0.2883817360860275,2,Bear
2007-12-06,0.0093672266346071,0.014211689453664,-0.0087979581647589,20.959999084472656,0.262849140933496,0.120038126324457,0.2802137881066618,2,Bear
2007-12-07,-0.0097488176856285,-0.0001987627541084,-0.0112713427472896,20.850000381469727,0.2432850935217382,0.1277170781006375,0.2786523548081737,2,Bear
2007-12-10,0.0176549546519384,0.0077231864826008,-0.0060127234443114,20.739999771118164,0.2433241658192614,0.1295952926687505,0.2869676396574838,2,Bear
2007-12-11,-0.0146061988392538,-0.0278028295567785,0.0194376749021768,23.59000015258789,0.2587927522550591,0.1429502481585481,0.2906105161854051,2,Bear
2007-12-12,0.0207124907306928,0.0098223358051108,-0.0103776086582807,22.46999931335449,0.2573955790412796,0.1479179309143647,0.2469080053460887,2,Bear
2007-12-13,-0.0250343017769579,-0.0020775641957218,-0.010925742590902,22.559999465942383,0.2362636790533307,0.1524728472688331,0.2605994311831981,2,Bear
2007-12-14,0.0002547018673037,-0.0127601538236033,-0.0046252050548481,23.270000457763672,0.2404046941421804,0.1532591650778823,0.2549234755967639,2,Bear
2007-12-17,-0.0049792558010142,-0.0143723423952092,0.0089000191181221,24.520000457763672,0.2402874324307898,0.1529014210254929,0.233794366384993,2,Bear
2007-12-18,0.0142333419027378,0.0055681769416295,0.0064339881498038,22.63999938964844,0.24103454364166,0.1545726869025827,0.2385652119315409,2,Bear
2007-12-19,-0.0001262178860314,0.0,0.0131712989215026,21.68000030517578,0.2355670151401173,0.1597711674242871,0.2370544790172652,2,Bear
2007-12-20,-0.0072193298053403,0.0062862417008468,-0.0021478455709007,20.57999992370605,0.2356208347119278,0.1599308069830529,0.2167371691987573,2,Bear
2007-12-21,0.0180139699586208,0.0143127952230012,-0.0147259321861865,18.46999931335449,0.2266151929528956,0.1666264641221931,0.2259409222128989,2,Bear
2007-12-24,0.0004992625672929,0.0073984405663851,-0.004701718387937,18.600000381469727,0.221056605909414,0.1665950188446647,0.2097872776899171,2,Bear
2007-12-26,0.0170732501432726,0.0021421993482545,-0.0088074259037875,18.65999984741211,0.2027747429036624,0.1505169646144385,0.2186045084809359,2,Bear
2007-12-27,0.0004905680371817,-0.0126507960747046,0.0108427629063207,20.26000022888184,0.2073762419968821,0.1548859414295542,0.2116918158062493,2,Bear
2007-12-28,0.0175016920242116,-0.0025087441018536,0.0154729656035206,20.739999771118164,0.1776274025654198,0.1641766053102369,0.2173584467785265,2,Bear
2007-12-31,-0.0065272916205282,-0.0074274910428654,0.0060385029220941,22.5,0.1796358956681118,0.1626544554068734,0.2094284487867161,2,Bear
2008-01-02,0.028689530790562,-0.0087931243060968,0.0142996853631918,23.170000076293945,0.1781573459430294,0.1696215061033224,0.2207745638327843,2,Bear
2008-01-03,0.0083319038969441,-0.0004828160568337,-0.0013784610998434,22.489999771118164,0.176966550294214,0.1674683426106571,0.2193979220935382,2,Bear
2008-01-04,-0.0051552832309965,-0.0248119792282018,0.0002122759402141,23.940000534057617,0.194016431331741,0.1674708931993595,0.2185664533506258,2,Bear
2008-01-07,-0.0042378006127566,-0.0008493351262244,0.0043393359970825,23.790000915527344,0.182679163924693,0.1622602277244766,0.2152261236006007,2,Bear
2008-01-08,0.0234344992837404,-0.0162804978921539,-0.0011625586172264,25.43000030517578,0.1785468607552063,0.1587269756509701,0.2252739331139919,2,Bear
2008-01-09,-0.00265384942129,0.0104558364700203,0.0019014298158431,24.1200008392334,0.1848840215084353,0.152220868687478,0.2210191533795479,2,Bear
2008-01-10,0.0194513789311328,0.0065326042040264,-0.0136018902976814,23.450000762939453,0.1840421615489526,0.1591910421199345,0.2224403870305794,2,Bear
2008-01-11,0.0037324233528433,-0.0081013568382689,0.0077801323448773,23.68000030517578,0.1622976743786492,0.1471814694038165,0.2112001840295992,2,Bear
2008-01-14,0.0107793438713559,0.0080305775468988,0.0037087957886835,22.89999961853028,0.160720467362953,0.14168053921366,0.2049228063033065,2,Bear
2008-01-15,-0.0174623156582415,-0.0222585019680925,0.0111489654216707,23.34000015258789,0.174798719122598,0.1379175884737466,0.1921881955800793,2,Bear
2008-01-16,-0.0147692987919204,-0.0086503129239677,-0.0072433316372405,24.3799991607666,0.1725797708429252,0.1399124608419413,0.203975602951517,2,Bear
2008-01-17,-0.0023094346496098,-0.0262580730487708,0.0128749122408114,28.459999084472656,0.186643825180986,0.1428838587020243,0.2025810537287042,2,Bear
2008-01-18,0.010579654551845,-0.0103205248395141,-0.0068866506899206,27.18000030517578,0.1847757380047681,0.1457935972007745,0.2008356929312206,2,Bear
2008-01-22,0.0085426798419357,-0.0101985423683892,0.010624275156835,31.01000022888184,0.1850322315637582,0.143575583184563,0.2004707560259344,2,Bear
2008-01-23,-0.0031807226995545,0.0237367259859793,-0.0022820985458074,29.020000457763672,0.2069841643317604,0.143623283667076,0.1978180936928346,2,Bear
2008-01-24,0.0246121590863036,0.0084065839567352,-0.0202475825957332,27.780000686645508,0.2012816191222378,0.1526347106215128,0.2043824999802461,2,Bear
2008-01-25,0.0024393095003429,-0.0145513390255944,0.0167099616428638,29.07999992370605,0.1993910647643078,0.1594232894026743,0.2038833352165028,2,Bear
2008-01-28,0.0159299927159729,0.016401150175602,-0.0037592029768117,27.780000686645508,0.2119701267482813,0.1557945842884985,0.2031156600079335,2,Bear
2008-01-29,-0.0065609690697016,0.0049421074392827,-0.0068224866612213,27.31999969482422,0.2125093671621464,0.1563614029280435,0.2067990331306742,2,Bear
2008-01-30,0.0099339940043879,-0.0073850503907923,-0.0065524641103778,27.6200008392334,0.2127633637138503,0.1509472119361671,0.2027928565023615,2,Bear
2008-01-31,-0.0071950167147442,0.0180699847447968,0.0070794588985008,26.200000762939453,0.2257999636137579,0.1514326790672886,0.2032809313104498,2,Bear
2008-02-01,-0.0226842706267327,0.0159602881583105,0.0059917786799634,24.020000457763672,0.233892913638464,0.1448210371104211,0.2054213547679483,2,Bear
2008-02-04,-0.0028019071765902,-0.0126898778183752,-0.0103438116688421,25.989999771118164,0.2368366544963787,0.1496090601298577,0.205028349745647,2,Bear
2008-02-05,-0.0160654906710301,-0.0271386762500489,0.0076103454439131,28.239999771118164,0.2397337275753711,0.1518170744710031,0.2131000785587689,2,Bear
2008-02-06,0.0143805531228868,-0.0080845222236237,-0.0030577553754434,28.96999931335449,0.2404216016369228,0.1516331432433412,0.2166186699093908,2,Bear
2008-02-07,0.0100672164438981,0.0065919921284411,-0.0217820207150441,27.65999984741211,0.2373316959972872,0.1696599518924537,0.2048069892432457,2,Bear
2008-02-08,0.0127179102697964,-0.0064415226618163,0.0113766882750867,28.01000022888184,0.2335809532739744,0.1746736228166449,0.2076345119126121,2,Bear
2008-02-11,0.0036198342355131,0.005096386208968,0.0041535273969698,27.600000381469727,0.2329298996984825,0.1684382852894513,0.19827258955397,2,Bear
2008-02-12,-0.0221419425409698,0.0092290795148497,-0.0059686431766277,26.32999992370605,0.2355056658719592,0.1676620260823936,0.2144232045733769,2,Bear
2008-02-13,0.0012306384919769,0.0101705786944211,-0.0106419988871666,24.8799991607666,0.2367430636287139,0.1708142107694739,0.2111261425926301,2,Bear
2008-02-14,0.0030141986624117,-0.0088382655098543,-0.014805248880507,25.540000915527344,0.2263858455579755,0.1714871283768815,0.2015501415499618,2,Bear
2008-02-15,-0.0062618739407728,-0.0002221266094439,0.0076476439230611,25.020000457763672,0.2246947649259659,0.1735983856972347,0.1952613440422393,2,Bear
2008-02-19,0.0268925657979854,0.0028081250818876,-0.0101734553150344,25.59000015258789,0.2046078142338222,0.1680142874903649,0.2137383309571008,2,Bear
2008-02-20,0.0179638640334668,0.0029471827046288,0.0069031558505596,24.39999961853028,0.2006954333187497,0.1702357312029909,0.2186352894697177,2,Bear
2008-02-21,0.0001072672674634,-0.0083484291836947,0.0105359567017376,25.1200008392334,0.1994499540033778,0.170154602577887,0.2179260160354393,2,Bear
2008-02-22,0.0015002080621885,0.0061391128840214,-0.0057421293889823,24.059999465942383,0.1833509485878162,0.1706917617368464,0.216944300965251,2,Bear
2008-02-25,-0.0069844106574168,0.0125295243426604,-0.0102683267296871,23.030000686645508,0.1860923257196312,0.1604385066688289,0.2043265739261998,2,Bear
2008-02-26,0.0104050414372421,0.0074723887645498,0.0003288806612399,21.89999961853028,0.1786637446576172,0.1464084036011707,0.206693643875815,2,Bear
2008-02-27,0.0113535062941709,-0.0010125250809453,0.0008776478383033,22.690000534057617,0.1708264458222496,0.1467067290404217,0.2033223887124806,2,Bear
2008-02-28,0.0126855934606166,-0.0098154898113914,0.0176097671217892,23.530000686645508,0.1741929125257638,0.1605159983066695,0.2045790602023167,2,Bear
2008-02-29,0.0019774419017552,-0.0225356059393186,0.0151832559327121,26.540000915527344,0.1898556533310387,0.1683655998103325,0.202766955588378,2,Bear
2008-03-03,0.0109606884568015,-0.0023935879448031,-0.002580832426336,26.280000686645508,0.1776307573846803,0.1666510204092136,0.2020501282860054,2,Bear
2008-03-04,-0.0214122885800173,-0.003827719193211,-0.0097649711155357,25.520000457763672,0.1661751877533932,0.1680404689476274,0.2000550185264022,2,Bear
2008-03-05,0.0263364199821189,0.0062963513103267,-0.0120426833793986,24.600000381469727,0.1642263848472236,0.1693173890629387,0.2143430965392658,2,Bear
2008-03-06,-0.0125632505364447,-0.0209155348812136,0.0053338049476477,27.549999237060547,0.1529655143061774,0.1680082337074473,0.2104380257252855,2,Bear
2008-03-07,-0.0042577941670078,-0.0103538531543719,0.0013021023328206,27.489999771118164,0.154465281086507,0.1681057283358429,0.2093853705924294,2,Bear
2008-03-10,-0.0022920784400025,-0.0132709947563319,0.0146366747596737,29.3799991607666,0.1571253765375319,0.158647422161121,0.2090093492315274,2,Bear
2008-03-11,0.0012508613827964,0.0353070768234073,-0.0085834861811689,26.36000061035156,0.2027205733301224,0.1567176741520128,0.206107068454551,2,Bear
2008-03-12,0.0105700908731898,-0.0093955605355496,0.0191078070318709,27.21999931335449,0.2041889105048438,0.1700528711946702,0.2079628682268367,2,Bear
2008-03-13,0.0136167367506107,0.0022047646061022,-0.0078551193758149,27.290000915527344,0.2012450202746367,0.1710688899346774,0.1898716523479721,2,Bear
2008-03-14,0.0037554244103494,-0.0156165380585657,0.012285196478387,31.15999984741211,0.2027184222025833,0.1709708800582953,0.1895122671081941,2,Bear
2008-03-17,0.0046492815793604,-0.0101583897492263,0.0076554442416496,32.2400016784668,0.2032957312198905,0.1615489812471032,0.1894140435773808,2,Bear
2008-03-18,-0.0272925223892969,0.0407033113811772,-0.0038729438443202,25.790000915527344,0.2525083424187759,0.1618482920265199,0.2168728386819993,2,Bear
2008-03-19,-0.0365134902943836,-0.0250818704806588,0.0164332869398451,29.84000015258789,0.2659793171396072,0.1629834679239577,0.2415280099037395,2,Bear
2008-03-20,-0.0342203073230409,0.0183532571070664,0.0024725947234636,26.6200008392334,0.274701105399128,0.1624414150000397,0.2614981136218678,2,Bear
2008-03-24,0.0021109369513834,0.0197909056016904,-0.0195354901659146,25.729999542236328,0.2825660398153404,0.1775664345488959,0.2617676417482767,2,Bear
2008-03-25,0.0287719333343951,0.0009647215642388,0.0041889800581953,25.71999931335449,0.281765487817286,0.1757363780080966,0.2821398097164652,2,Bear
2008-03-26,0.0114728075336155,-0.0123117038649558,-0.0041889800581952,26.07999992370605,0.2809463353261288,0.1715827025605854,0.2839002978911108,2,Bear
2008-03-27,-0.0036313610705569,-0.0031581817369332,-0.0070552387179397,25.8799991607666,0.2792107500386286,0.1745503775537957,0.2819124184578854,2,Bear
2008-03-28,-0.0170501795485994,-0.0096107398350516,0.0096757777946949,25.709999084472656,0.2805198685164097,0.1764993784611336,0.2844965027515411,2,Bear
2008-03-31,-0.0161284266729004,0.0034918966644771,0.0035506544383918,25.61000061035156,0.2797153175090204,0.1677359679387957,0.2839288259256466,2,Bear
2008-04-01,-0.0400572871213343,0.0345557713031207,-0.016408672507024,22.68000030517578,0.2951118648116044,0.1714706803248416,0.3109711226466427,2,Bear
2008-04-02,0.0273678134534769,0.0006582301781674,0.002127198570457,23.43000030517578,0.2948305287274473,0.1712750038187469,0.3263003177633339,2,Bear
2008-04-03,0.0016789027418238,0.0024843133487683,0.0022286817765504,23.209999084472656,0.2942405012097405,0.1672535627060108,0.3205934884489664,2,Bear
2008-04-04,0.009239246884171,-0.0010953695114425,0.0090745827667016,22.450000762939453,0.2938880544817561,0.1623968775838909,0.3060394934710061,2,Bear
2008-04-07,0.0101422782998603,0.0005112751814915,-0.0052658897532199,22.420000076293945,0.2826265582454784,0.1638223866623003,0.3079366115180464,2,Bear
2008-04-08,-0.0090348753631456,-0.0010225787930874,-0.0034913212636042,22.36000061035156,0.2791766207102072,0.164742598830078,0.3086837578801674,2,Bear
2008-04-09,0.0212448030478945,-0.0072622242455603,0.0103312966140948,22.809999465942383,0.2755774707586731,0.1609812669993718,0.3198650708961974,2,Bear
2008-04-10,-0.0056503929465367,0.001397911979157,-0.0033612846411179,21.979999542236328,0.2493743579357204,0.1580167626079671,0.3199257413873674,2,Bear
2008-04-11,-0.0051345892245347,-0.0195994127268498,0.0067124755517766,23.459999084472656,0.2573426048733972,0.1458162817737505,0.3166727870898633,2,Bear
2008-04-14,-0.0020832466016987,-0.0033798176485138,-0.0058704905639785,23.81999969482422,0.2577296124576952,0.1444970740473453,0.3109812101351786,2,Bear
2008-04-15,0.0060185446093377,0.0023292995000856,-0.0124852490576601,22.780000686645508,0.2508228743922888,0.1452563295351234,0.3117568457740908,2,Bear
2008-04-16,0.017412357713036,0.0267335717414366,-0.0098416317638073,20.530000686645508,0.2614551988521827,0.1457701444139897,0.3190255869902804,2,Bear
2008-04-17,-0.0076414202382542,0.0014601868854232,-0.0017229611081156,20.3700008392334,0.2232871353081822,0.1454578629041908,0.3071518427990864,2,Bear
2008-04-18,-0.0211820869611728,0.010380246085526,-0.0008614980807784,20.1299991607666,0.2030961343970303,0.1308421472115577,0.289521615535784,2,Bear
2008-04-21,-0.0040913723347857,0.0005050992605153,0.0039814467653247,20.5,0.1955056269615404,0.1315786167152138,0.2639827651015827,2,Bear
2008-04-22,0.0002215449093735,-0.004412358404619,0.0034290907456955,20.8700008392334,0.1859303395946127,0.1157119024981696,0.2638897271374193,2,Bear
2008-04-23,-0.0116998987403002,-0.0015960277023517,-0.0033222314502449,20.26000022888184,0.1861695689108573,0.1146118698597489,0.2450321478306854,2,Bear
2008-04-24,-0.0226715669717641,0.0043469149779582,-0.0085173561413444,20.059999465942383,0.1799995006903675,0.1170443226293146,0.2501562367381684,2,Bear
2008-04-25,0.0005730462988536,0.0092114639119212,-0.0058636199402787,19.59000015258789,0.1808081717130107,0.1163756568565054,0.250544348714334,2,Bear
2008-04-28,0.004801172923441,0.0002151897961739,0.0030447557144057,19.63999938964844,0.175726617668923,0.1106706797533615,0.2468002897007472,2,Bear
2008-04-29,-0.0216723742648673,-0.0039469426655593,0.0037925634829029,20.239999771118164,0.1772684928204077,0.1108142162286275,0.2514397533752464,2,Bear
2008-04-30,0.0097415124035695,-0.0059137531412853,0.0071140357486939,20.790000915527344,0.1355904826537281,0.1005209410946563,0.2140851925392477,2,Bear
2008-05-01,-0.031179315068104,0.0204752394983465,6.458890644057456e-05,18.8799991607666,0.1521202449924302,0.1001161545111684,0.2154471351694472,2,Bear
2008-05-02,0.0070001349899401,0.0027593023156459,-0.0126901222173827,18.18000030517578,0.1521452958550532,0.1079922514338159,0.2176503960253305,2,Bear
2008-05-05,0.0197840204834077,-0.0048167640675688,0.0,18.89999961853028,0.153494087446911,0.1014639853531445,0.2277394714630735,2,Bear
2008-05-06,0.0041642700207632,0.0086258640045815,-0.0072311473885365,18.209999084472656,0.1554954443244933,0.1025668237914581,0.2245944611377971,2,Bear
2008-05-07,-0.0093940681899234,-0.0179710587131793,0.004278698347336,19.729999542236328,0.1697195875214917,0.1044214237502742,0.224730914324079,2,Bear
2008-05-08,0.0164108408392243,-0.0025838656306542,0.0089374509422971,19.39999961853028,0.1676350099979201,0.1025462067852626,0.2188562356217145,2,Bear
2008-05-09,0.002061151643074,-0.0018703030675298,0.0036835940729102,19.40999984741211,0.1679569266482916,0.1037866032623432,0.2191674288675305,2,Bear
2008-05-12,-0.0049309235274256,0.011168721038939,-0.0015157519051133,17.790000915527344,0.1536214084191628,0.0998074857348514,0.2191355181802843,2,Bear
2008-05-13,-0.0185641541905492,0.0001424353079707,-0.010995861823236,17.979999542236328,0.1524132904200196,0.1041185271383558,0.2262491031279158,2,Bear
2008-05-14,-0.0022275927551882,0.0020621291047193,0.0004383212552524,17.65999984741211,0.1524227547854,0.0966863691843916,0.2238579259573292,2,Bear
2008-05-15,0.020906720638068,0.0124251735092385,0.009041119240858,16.299999237060547,0.1303611200921048,0.0973811929595803,0.2282512996207104,2,Bear
2008-05-16,0.023851198696715,0.0009115107597552,-0.0041297873646992,16.469999313354492,0.1304002310007191,0.0981983525299981,0.2461008684312646,2,Bear
2008-05-19,0.0032494949204999,0.0027303752433195,0.0013061702965455,17.010000228881836,0.1267819998402971,0.0983427047713771,0.2362289349829499,2,Bear
2008-05-20,0.0167512056979808,-0.0081421113648919,0.0052062715605984,17.579999923706055,0.131140433182891,0.0990946768156393,0.243330944071998,2,Bear
2008-05-21,0.0115936719694884,-0.0170591195173372,0.0002162465258438,18.59000015258789,0.1445158251921222,0.0982387033936386,0.2464293165105396,2,Bear
2008-05-22,-0.0107139508999211,0.0001430446667221,-0.0118588704802393,18.049999237060547,0.1443185755081705,0.105673363118095,0.2458178865083131,2,Bear
2008-05-23,0.0027440881144136,-0.0134947326905037,0.0043672172432366,19.549999237060547,0.1515579300354858,0.1031305555741691,0.2303509507219735,2,Bear
2008-05-27,-0.0207106655625606,0.0073834546969182,-0.0067776643163149,19.63999938964844,0.1502489975345115,0.1038168320305405,0.2435943581764812,2,Bear
2008-05-28,-0.0024650009199021,0.0046048149958482,-0.0089264885744466,19.06999969482422,0.1512130273408669,0.1073585832837587,0.2435138700670071,2,Bear
2008-05-29,-0.0299481217855638,0.0050124643601284,-0.0072212848587981,18.13999938964844,0.1515352964654867,0.1082666739626882,0.2545652739119703,2,Bear
2008-05-30,0.0108071276817032,0.002497031125822,0.0065568828233318,17.829999923706055,0.1499728982651932,0.1077388888933514,0.2550849069095602,2,Bear
2008-06-02,0.0058149887106722,-0.0103851912366485,0.0038501011602075,19.82999992370605,0.1362080871775119,0.1091310176682435,0.2280705045790077,2,Bear
2008-06-03,-0.0123543307059978,-0.005848531463586,0.0071726616875016,20.239999771118164,0.1366727786634895,0.1041695451281889,0.2327439702585812,2,Bear
2008-06-04,-0.002650790800815,-0.0005067822566185,-0.0089458372702073,20.799999237060547,0.1360357830024619,0.1085032782632807,0.2230400768410017,2,Bear
2008-06-05,-0.0023108569428398,0.0197993604655869,-0.0060090511414263,18.6299991607666,0.150674945252078,0.1076410192121484,0.2227210293269602,2,Bear
2008-06-06,0.0297440956520491,-0.0324130849898407,0.0128636586544855,23.559999465942383,0.1777372417928439,0.1162469092647232,0.2425256622317029,2,Bear
2008-06-09,-0.0120871251011418,0.0024183218901382,0.0,23.1200008392334,0.1780608909946124,0.111487927197199,0.2409277500828535,2,Bear
2008-06-10,-0.0281221113689492,-0.0049895989609258,-0.0065221008162108,23.18000030517578,0.1786071268864841,0.1122009353775182,0.2602322702317372,2,Bear
2008-06-11,0.017036902705543,-0.0148218464520958,-0.0023316834146488,24.1200008392334,0.1789405367868746,0.112279908543308,0.2671182626707516,2,Bear
2008-06-12,-0.0164526733939497,0.0038006754499539,-0.0100544475860375,23.32999992370605,0.1800058176657478,0.1112753127990858,0.2653620298528951,2,Bear
2008-06-13,0.0026833517416247,0.0125646055493582,-0.0021358762512908,21.21999931335449,0.186613001309406,0.111202816224816,0.2653606276708045,2,Bear
2008-06-16,0.0136544620658512,0.0005875682762434,0.000224264429382,20.950000762939453,0.1797926785794495,0.1050364918369262,0.2594044578562713,2,Bear
2008-06-17,0.0027544819530526,-0.0048566377859807,0.0020230719953025,21.1299991607666,0.1796642779482147,0.1053156334949849,0.244855579109869,2,Bear
2008-06-18,0.0117360064783695,-0.0097843767571968,0.0083858445568171,22.239999771118164,0.1803664507783053,0.1102507549809638,0.2484494249198984,2,Bear
2008-06-19,0.0015846001285877,0.0012652011085508,-0.0059186083910355,21.57999992370605,0.1799459782506169,0.1091555391909699,0.2405363387777785,2,Bear
2008-06-20,0.0059762121136616,-0.0163645157792886,0.0058068452312789,22.8700008392334,0.1792563011862809,0.1119317047916143,0.237505227871063,2,Bear
2008-06-23,-0.0211323551482195,-0.000988614048321,0.0021139073407983,22.63999938964844,0.1790854784517324,0.1054639557962737,0.2451694750725371,2,Bear
2008-06-24,0.0043538667325051,-0.0019799231100977,0.0066435954470616,22.420000076293945,0.1746431776813972,0.1070827180912762,0.2456316314391497,2,Bear
2008-06-25,-0.0005718228977623,0.0047151835021639,0.0004413553478446,21.13999938964844,0.1730650401596267,0.1045887596769539,0.2360259695489629,2,Bear
2008-06-26,0.0358405204803191,-0.0275361643266915,0.006707572685849,23.93000030517578,0.1919810740044982,0.1019424263704996,0.2682265393631677,2,Bear
2008-06-27,0.0094464740436683,-0.0054739477117424,0.0116585869830005,23.440000534057617,0.1894004507479365,0.1045212431611627,0.2450809010438981,2,Bear
2008-06-30,-0.0007655678590445,0.0035226995452301,0.0002161668681087,23.950000762939453,0.1898904327557626,0.1029901447138851,0.2435042084184409,2,Bear
2008-07-01,0.013691424355889,0.0031202545383936,-0.0023722016864214,23.64999961853028,0.1900713261626081,0.1032638639398514,0.246526655659256,2,Bear
2008-07-02,0.0054888422989871,-0.0172848693507051,0.0052148705026698,25.920000076293945,0.1958818933609543,0.1019924470425308,0.2406787311598613,2,Bear
2008-07-03,-0.0119852499401318,0.0010296314020107,-0.0021696880638045,24.780000686645508,0.1963046521230281,0.0963297781900177,0.2457200229708441,2,Bear
2008-07-07,-0.0090566847156053,-0.0102655562697414,0.0045516856808109,25.780000686645508,0.1770959063535298,0.0932977639847628,0.2486111396340463,2,Bear
2008-07-08,-0.0040639601050087,0.017601332535504,0.0064665683418512,23.14999961853028,0.1653906511839463,0.0859835940332976,0.2288357694755309,2,Bear
2008-07-09,0.0070191052327238,-0.0194428445045486,0.0043940517779968,25.229999542236328,0.1734506569514141,0.0864420198996529,0.2246507145534802,2,Bear
2008-07-10,0.0219432551135231,0.0040786199656869,-0.0001065613595069,25.59000015258789,0.175678659950507,0.08157813502629,0.2066790575017729,2,Bear
2008-07-11,0.0172774965234624,-0.0117203033922328,-0.0143276711265631,27.489999771118164,0.1735071738814703,0.0982804398683434,0.2068682523584451,2,Bear
2008-07-14,0.0078505660041668,-0.0090853820468707,0.0087498168259575,28.479999542236328,0.172418002847591,0.0922566569464344,0.1928679707859037,2,Bear
2008-07-15,0.0027071497619921,-0.0141973764372891,-0.0003223796030245,28.540000915527344,0.1645521484601668,0.091388215777567,0.1928637406768216,2,Bear
2008-07-16,-0.018152701615908,0.0242511102284084,-0.0182412389531121,25.100000381469727,0.1932817329152595,0.1158067534539497,0.2067215485124742,2,Bear
2008-07-17,-0.002332251840936,0.00995357700269,-0.0051636333719624,25.01000022888184,0.1994144761444558,0.1179940421854137,0.2078253840614878,2,Bear
2008-07-18,-0.0005308461499447,0.0062107020403009,-0.0037525849343275,24.049999237060547,0.2008083970880076,0.1160027173431129,0.2061565683395071,2,Bear
2008-07-21,0.0100376411796107,0.0005554611555272,0.0038621720627852,23.049999237060547,0.200642784613769,0.1141117959207103,0.2074617192109722,2,Bear
2008-07-22,-0.0218948610756945,0.0112809405929396,-0.0049677892078177,21.18000030517578,0.1999886744311563,0.1144610278161416,0.2249609029004227,2,Bear
2008-07-23,-0.0271213911643924,0.0053976021019576,-0.001994262525913,21.309999465942383,0.2014159008225758,0.114596321270518,0.2335633401252727,2,Bear
2008-07-24,0.0083563117350078,-0.0209715888050958,0.0097118152836668,23.440000534057617,0.212763367644657,0.1172124308767342,0.2345101765177418,2,Bear
2008-07-25,0.0039340079361909,-0.0002393060893494,-0.0100444953146806,22.90999984741211,0.2114496641077896,0.1226753194070832,0.2343933265020116,2,Bear
2008-07-28,0.0004361674288188,-0.014772230848438,0.0100444953146806,24.229999542236328,0.196374022870918,0.1255174192545035,0.2000784764039996,2,Bear
2008-07-29,-0.0125057248612724,0.0211277875953812,-0.0040717619137196,22.030000686645508,0.2110655246051328,0.1188654789289582,0.2022672896294937,2,Bear
2008-07-30,-0.0118817647516894,0.0176609106291509,0.0009919130129058,21.209999084472656,0.219930695297706,0.1189696689715442,0.2061077281807128,2,Bear
2008-07-31,0.0062361582139528,-0.0133151649998508,0.0098665225158999,22.940000534057617,0.2245066646560244,0.1241714532410666,0.2009706123622091,2,Bear
2008-08-01,-0.0056777456383802,-0.0052964659737634,0.0022096128312311,22.56999969482422,0.2169810084301834,0.122992991373215,0.1999063619689235,2,Bear
2008-08-04,-0.0160939865909389,-0.0093172863832997,-0.0022977532040425,23.489999771118164,0.2193057807965238,0.1230195592788476,0.203006900338752,2,Bear
2008-08-05,-0.0236493348040243,0.0266050376340391,-0.0074722111084893,21.13999938964844,0.2352339189622998,0.1241992176970086,0.2152571073740194,2,Bear
2008-08-06,0.0064844779630292,0.0044308845559026,-0.0040901874170265,20.229999542236328,0.2280162590680417,0.1217944945176901,0.2175456144841188,2,Bear
2008-08-07,-0.0063683775163376,-0.0150040374315449,0.0161509446193083,21.14999961853028,0.2235681811221249,0.1348171753623065,0.2152783562798186,2,Bear
2008-08-08,-0.0194704258357613,0.0184106297986926,0.0027210533155077,20.65999984741211,0.2315543200629513,0.1353359507186523,0.2024761130329372,2,Bear
2008-08-11,-0.0398700197430638,0.0103045550028821,-0.0096108689742675,20.1200008392334,0.2282293032487652,0.1301927850805019,0.2197396441520866,2,Bear
2008-08-12,-0.0075472134719772,-0.0104586988203499,0.0092851441615761,21.170000076293945,0.2291607405265778,0.1306774548168587,0.2124550276458392,2,Bear
2008-08-13,0.012833356691477,-0.0060488117909459,-0.0034853462411372,21.549999237060547,0.2233418603404917,0.1311299826704364,0.2217741575770043,2,Bear
2008-08-14,-0.0274704880296961,0.007516261813004,0.0064164947830743,20.34000015258789,0.2103221295973671,0.1160287636210945,0.229446265811209,2,Bear
2008-08-15,-0.021914512705522,0.0048518161474479,0.008635974103889,19.57999992370605,0.2086567028738609,0.1171119767074176,0.2330386924865939,2,Bear
2008-08-18,0.0149591205545556,-0.0137689090549662,0.0039690945021843,20.979999542236328,0.2147886837985618,0.1159312212691468,0.2461283735641767,2,Bear
2008-08-19,0.0204742091185566,-0.0109644344078453,-0.0038616405986752,21.280000686645508,0.2186947128503507,0.1172019633742623,0.2583752454420581,2,Bear
2008-08-20,-0.0046109216405604,0.0046355504547403,0.0027900338104387,20.420000076293945,0.215702129467771,0.1150028731844376,0.2535457734688061,2,Bear
2008-08-21,0.0275948216942004,0.0017228117201273,-0.0018229815613163,19.81999969482422,0.214925735870292,0.1149349102260174,0.2696204530321326,2,Bear
2008-08-22,-0.0149348005968123,0.0143718269696748,-0.0006444817060969,18.809999465942383,0.206463375735566,0.1114016563840534,0.2676267508022759,2,Bear
2008-08-25,-0.0018517568886364,-0.0204938947689606,0.0099413340865075,20.96999931335449,0.2201386640125437,0.1073723342586173,0.2657549426335233,2,Bear
2008-08-26,0.0037000911106684,0.0029089129734242,0.0008503081830009,20.489999771118164,0.2130063536078748,0.1035364571636904,0.2669800009773273,2,Bear
2008-08-27,0.0015990808530273,0.0096870321330786,0.0016991369662256,19.76000022888184,0.2031288195112946,0.1013643361215983,0.2669797687149957,2,Bear
2008-08-28,0.0100282079266006,0.0120546018783549,0.0001061431699342,19.43000030517578,0.1981600785374524,0.1015229182921511,0.270746747015718,2,Bear
2008-08-29,-0.0057355849767455,-0.0108121004495407,-0.0044650526123779,20.64999961853028,0.1961228522853721,0.0995967984587165,0.268166513529796,2,Bear
2008-09-02,-0.0312001219039385,-0.0062308130987532,0.009261028442868,21.989999771118164,0.1965109452589289,0.1033448360903548,0.2835399697061847,2,Bear
2008-09-03,-0.0039217909178274,-0.0008597561263201,0.0042294869591614,21.43000030517578,0.193243273565771,0.1026964276648438,0.2811289122385786,2,Bear
2008-09-04,-0.0063581089557151,-0.0305690635369875,0.0079882476749863,24.030000686645508,0.1995133827499565,0.0987439561054986,0.2731609475448553,2,Bear
2008-09-05,0.0074983379475519,0.0031396363207852,-0.0005232218459093,23.059999465942383,0.1990684484896523,0.0964127454214862,0.2736946569432614,2,Bear
2008-09-08,-0.001520562172927,0.0204452555303767,0.0041796761676244,22.63999938964844,0.206928303578368,0.0836625897454608,0.2737723236065424,2,Bear
2008-09-09,-0.0305141507836239,-0.0301369001875689,0.009860159871054,25.46999931335449,0.2203836900870681,0.0877055722989206,0.2840264299311564,2,Bear
2008-09-10,-0.0301263133259994,0.0040497701153918,-0.006216356475589,24.520000457763672,0.2169070327783323,0.0823722772390835,0.2705093881859586,2,Bear
2008-09-11,-0.0154789155142542,0.0143645926960298,-0.0005194151114031,24.38999938964844,0.2225707669670799,0.0795568277538858,0.2731144685830307,2,Bear
2008-09-12,0.0332399725473417,0.0046104698171648,-0.0129765841872477,25.65999984741211,0.2228494478601861,0.0937818524270868,0.2975942027626168,2,Bear
2008-09-15,0.026257069784174,-0.0487548829109458,0.0319263994336185,31.700000762939453,0.2751102630278595,0.1397791739396952,0.301569085794611,0,Crisis
2008-09-16,-0.0099773636318707,0.0165992616384873,-0.0002040055285271,30.299999237060547,0.2825700237089452,0.13869166178922,0.2939191367636373,0,Crisis
2008-09-17,0.1069739842380113,-0.0460056818925472,0.0049869464213556,36.220001220703125,0.3178457351635674,0.1388587228819156,0.4731568423809949,0,Crisis
2008-09-18,-0.031620321254753,0.0292401877047362,-0.0147286191159612,33.099998474121094,0.3375754860747869,0.1499807763561214,0.4843938002430408,0,Crisis
2008-09-19,0.0376866518631343,0.0389456175834226,-0.0322503030207739,32.06999969482422,0.3666037921129342,0.191538159440768,0.4997174853417256,0,Crisis
2008-09-22,0.0365420525100248,-0.0228998955228335,-0.0001067025792192,33.849998474121094,0.3741160559966255,0.1913671291429373,0.5060969010016508,0,Crisis
2008-09-23,-0.0096902235479075,-0.0230142336576311,-0.0038380111645424,35.720001220703125,0.3756542257739214,0.191945629809698,0.5039692747864525,0,Crisis
2008-09-24,-0.0183973722428722,0.003200306012243,0.0043702442784651,35.189998626708984,0.3714795451984687,0.1894238624851431,0.5096473174081789,0,Crisis
2008-09-25,-0.0030030300021146,0.0155183398760367,-0.0020229362408838,32.81999969482422,0.3764808126256132,0.1895558308795531,0.5101072930688896,0,Crisis
2008-09-26,0.0021954188195928,0.000496620963807,0.007222151507382,34.7400016784668,0.3741454305293759,0.1911254323995066,0.5100913441897296,0,Crisis
2008-09-29,0.033258843431934,-0.0816022339035802,0.0286846684558418,46.720001220703125,0.4587265761850965,0.2149204860541793,0.5203719164375235,0,Crisis
2008-09-30,-0.0515459956795394,0.040556159371941,-0.0246717030884479,39.38999938964844,0.4871977719777225,0.2328291003839592,0.5543689574675646,0,Crisis
2008-10-01,0.0105239689850842,0.0006032602432271,0.0125024420728784,39.810001373291016,0.4875040397136906,0.2345953046539852,0.5416574385822823,0,Crisis
2008-10-02,-0.0432628288347627,-0.0369485918920619,0.00800724350776,45.2599983215332,0.5000835498134618,0.2356432615052736,0.5654428640048317,0,Crisis
2008-10-03,0.0031529799310265,-0.0135922121173618,0.0087646421523761,45.13999938964844,0.4930264788666464,0.2359472010495513,0.5646238761841342,0,Crisis
2008-10-06,0.0202560109702959,-0.0522765069011996,0.0180094332754349,52.04999923706055,0.5178303702906049,0.2430000824694042,0.5677718422023494,0,Crisis
2008-10-07,0.0348621482570651,-0.0458202102873769,-0.0030300661394844,53.68000030517578,0.5229267811139262,0.2434501159423297,0.5779442035440707,0,Crisis
2008-10-08,0.0243376276196662,-0.0255148859300207,-0.0144666384252685,57.52999877929688,0.521047178862394,0.2476098916194291,0.5668117407306897,0,Crisis
2008-10-09,0.0053536081218242,-0.0723977356765226,-0.0084493545575624,63.91999816894531,0.5593572531072535,0.2484866209742323,0.5502690250584834,0,Crisis
2008-10-10,-0.0772102402274618,-0.0245546609785284,-0.0070625012195005,69.94999694824219,0.5502169295583346,0.2498031187456571,0.6219345315175024,0,Crisis
2008-10-13,-0.0148904556698641,0.1355773976878894,-0.0129014376494848,54.9900016784668,0.7601217249951373,0.2497539431346315,0.6178909047728279,0,Crisis
2008-10-14,0.0025580023828085,-0.0149110386139188,-0.0064613901678568,55.130001068115234,0.7473851960537672,0.2218331849422967,0.6125146014389377,0,Crisis
2008-10-15,0.0134132957456108,-0.1036366294855834,0.0095177182823986,69.25,0.8099209255467175,0.225240550821255,0.6117414609065909,0,Crisis
2008-10-16,-0.0494565318508619,0.0408127412286419,-0.0051707595176147,67.61000061035156,0.8227533578359087,0.2243981938294329,0.5113460715614568,0,Crisis
2008-10-17,-0.0265830583677772,-0.0059906269545874,-0.0069006830552269,70.33000183105469,0.8104848827795057,0.2203228659359795,0.5081519551543293,0,Crisis
2008-10-20,0.0165696543252649,0.0583440324983013,0.0079587293519278,52.970001220703125,0.8283716844456669,0.1916375515350253,0.4916740584412667,0,Crisis
2008-10-21,-0.031970641603563,-0.0303096300561356,0.0052702606495025,53.11000061035156,0.8301245294256997,0.1923361641509545,0.4769672507787227,0,Crisis
2008-10-22,-0.0584977880573967,-0.0559932290615732,0.0200861680219172,69.6500015258789,0.8437809338992439,0.2027499252609657,0.5085852330691423,0,Crisis
2008-10-23,-0.0148920643991469,0.0115176378396261,0.0073920270425088,67.80000305175781,0.8462543430398342,0.2034884446065683,0.5079937167569726,0,Crisis
2008-10-24,0.0218403970561561,-0.0520455297357852,-0.010693841978507,79.12999725341797,0.8505371472636697,0.2078261151784378,0.5193171995293542,0,Crisis
2008-10-27,-0.000415524341787,-0.0361462849896327,0.0007236191955857,80.05999755859375,0.8512687319816781,0.206827996589279,0.5187135854448427,0,Crisis
2008-10-28,0.0220602300348509,0.1105165103665631,-0.0146742313451271,66.95999908447266,0.9254721120372892,0.1881650588073129,0.5086541614431809,0,Crisis
2008-10-29,0.0028418597266937,-0.007278449906084,-0.0050432289367617,69.95999908447266,0.9083961746716264,0.1679542362017768,0.486031048175712,0,Crisis
2008-10-30,-0.0175861791336957,0.0340087123311397,-0.009103392609813,62.900001525878906,0.920816683600502,0.1645927954922796,0.4832709795740982,0,Crisis
2008-10-31,-0.0190217854729142,0.0054882524553499,-0.0130574256475108,59.88999938964844,0.9162452239605,0.1664457786617483,0.4680248335713098,0,Crisis
2008-11-03,-0.0033698132493902,0.0028880836381776,0.0027006033313665,53.68000030517578,0.9164995452047204,0.1628501935115593,0.4668169307001431,0,Crisis
2008-11-04,0.0597804496266567,0.0334175614782578,0.0185940721391698,47.72999954223633,0.910129936847764,0.1637725216802254,0.513755294046267,0,Crisis
2008-11-05,-0.0361517678524368,-0.0429362827608748,0.0117888512781294,54.560001373291016,0.9084336908171642,0.1706495454374632,0.5026680917774209,0,Crisis
2008-11-06,-0.0079989643705147,-0.0570055878146968,-0.0072462874473964,63.68000030517578,0.9251595925907258,0.1654513431432646,0.4882171505121684,0,Crisis
2008-11-07,0.0038695291087541,0.0324842495068377,-0.0065558218817814,56.09999847412109,0.8974764164456172,0.1645164068835311,0.4876492076135548,0,Crisis
2008-11-10,0.0147867127012215,-0.013191461664005,0.0048686935799629,59.97999954223633,0.8941560850244178,0.164160880242849,0.4290830237066915,0,Crisis
2008-11-11,-0.0210129097602093,-0.031362173432949,0.0029513673849916,61.43999862670898,0.7567830002619674,0.1580505712498611,0.4312249135128317,0,Crisis
2008-11-12,-0.0288651227522824,-0.0449987988055954,0.0064007966104877,66.45999908447266,0.7684457589522686,0.1573648860310864,0.4369268360847207,0,Crisis
2008-11-13,0.0302520643192234,0.0604738753199073,-0.0242433548452067,59.83000183105469,0.7175770633067889,0.1764834524792986,0.450827824338224,0,Crisis
2008-11-14,0.0158133441578261,-0.0511950911828202,0.0196299406559116,66.30999755859375,0.7233777122931632,0.1889734759390062,0.4292855639408908,0,Crisis
2008-11-17,-0.0089072395069661,-0.0133650948497922,0.0044040619849243,69.1500015258789,0.7241127711584234,0.1874340760722752,0.4217351700073025,0,Crisis
2008-11-18,-0.0019288981747573,0.0186614067323326,0.0127859128692787,67.63999938964844,0.6933712090290394,0.1903968940548976,0.4158021294345067,0,Crisis
2008-11-19,-0.0034537575620794,-0.0662238957970297,0.0252915567316349,74.26000213623047,0.7198797258188739,0.2075381028324687,0.4029779747871384,0,Crisis
2008-11-20,0.0163341057885009,-0.0771327617006384,0.0503710319738199,80.86000061035156,0.7411485069529031,0.2601910903640231,0.3519131721197954,0,Crisis
2008-11-21,0.070942432986274,0.0525378480290162,-0.0145647547995993,72.66999816894531,0.7683930341407041,0.2672654712528379,0.4213931843135917,0,Crisis
2008-11-24,0.025790177023884,0.066995663025162,-0.0157679981245866,64.69999694824219,0.7903744819909051,0.2710057147255083,0.4235715175849391,0,Crisis
2008-11-25,-0.0004945100106059,0.0073819908466372,0.0289917710458755,60.900001525878906,0.780384146820967,0.2860837782472334,0.4235853099923299,0,Crisis
2008-11-26,-0.0060776062195722,0.0379134201787725,0.0013409818783105,54.91999816894531,0.686884240375431,0.2783710437660824,0.4208580455338405,0,Crisis
2008-11-28,-0.000871239050495,0.0125099075653145,0.0122768462335813,55.27999877929688,0.6885670597705517,0.2773520997783739,0.4211913796225656,0,Crisis
2008-12-01,-0.0597766553959833,-0.0927494885246319,0.0375805453636745,68.51000213623047,0.74386532654961,0.2934296858632925,0.4707474120210315,0,Crisis
2008-12-02,0.0170383602213085,0.0377630564253454,0.0038318391867535,62.97999954223633,0.7592582972402148,0.2841714388399012,0.4671257802222228,0,Crisis
2008-12-03,-0.0100568555694755,0.0237568765505648,0.0028190530269706,60.720001220703125,0.7657687731003966,0.2841420427977073,0.4689545738221438,0,Crisis
2008-12-04,-0.0089663088014618,-0.0234055361661331,0.0195129183480185,63.63999938964844,0.7550167033238822,0.2845765503445741,0.4228004740283749,0,Crisis
2008-12-05,-0.0130651555690104,0.0303669096555578,-0.0163395903147428,59.93000030517578,0.7546937887952774,0.296780179762554,0.4051127395488666,0,Crisis
2008-12-08,0.0222939219573161,0.0343184805549717,-0.0021756318940919,58.4900016784668,0.7404676848911101,0.2942082001341626,0.4100891642727265,0,Crisis
2008-12-09,0.0017046471557575,-0.0166210155363944,0.0195826521168534,58.90999984741211,0.7328856019708704,0.2926208509997479,0.4100702640866739,0,Crisis
2008-12-10,0.0438306718659117,0.0067925045344247,-0.0024044026166761,55.72999954223633,0.7324009228448127,0.2948498651740153,0.4327915753764285,0,Crisis
2008-12-11,0.0112220818260269,-0.0243761661544994,0.0019591918356304,55.77999877929688,0.7291822541375304,0.2950924880774849,0.423784888285531,0,Crisis
2008-12-12,0.00198186654269,0.0118690502439657,0.0,54.27999877929688,0.7123434996277379,0.2964024121225016,0.4054627332077141,0,Crisis
2008-12-15,0.0219089720201509,-0.0140322740934662,0.011327516173553,56.7599983215332,0.6809898760400307,0.272522310373651,0.4003906557650039,0,Crisis
2008-12-16,0.022268376612201,0.0459918978986642,0.0244237045537581,52.369998931884766,0.6754017057584313,0.2752497279450187,0.4029109646690377,0,Crisis
2008-12-17,0.0114192920697362,-0.0097334531443136,0.0267720994070344,49.84000015258789,0.6744224767968,0.2806058569025646,0.3990939359841284,0,Crisis
2008-12-18,-0.0184293169913529,-0.0188605769862664,0.0207651657504723,47.34000015258789,0.675953438279641,0.2826573621105649,0.4081099641789967,0,Crisis
2008-12-19,-0.0148952362708398,-0.0043109396839916,0.0010649639948043,44.93000030517578,0.6306557226804776,0.2799048917431233,0.4136649816963064,0,Crisis
2008-12-22,0.0099946867201857,-0.0128959551585532,-0.0077184849284113,44.560001373291016,0.5618528390510529,0.2446169142844706,0.4123247534412106,0,Crisis
2008-12-23,-0.0099946867201857,-0.0103913608694285,-0.0013194538060527,45.02000045776367,0.5397249950728383,0.2337626611725255,0.3410793382342441,0,Crisis
2008-12-24,0.0099946867201857,0.0057865380687512,-0.0021482151737052,44.209999084472656,0.4892927821698712,0.2207656556066184,0.3315885355747879,0,Crisis
2008-12-26,0.0253178011282559,0.0057529473559878,0.0033032401179878,43.380001068115234,0.489069680886303,0.208426428496697,0.34156031788065,0,Crisis
2008-12-29,0.0087235215998176,-0.0028726967542607,-0.0012002129842064,43.900001525878906,0.4705622142045748,0.2095332773662389,0.3406110074071605,0,Crisis
2008-12-30,-0.0052249401681831,0.0234264323700126,0.0094788701587566,41.630001068115234,0.4759214670455367,0.2089080455047371,0.3416331341071995,0,Crisis
2008-12-31,0.0071917155317046,0.0141731384018336,-0.0211410270651916,40.0,0.3381559882270839,0.1997942629573569,0.253463114774631,0,Crisis
2009-01-02,-0.0033573783911186,0.0296971214133206,-0.0254576804844337,39.18999862670898,0.3293121550869098,0.2248579938073174,0.252515515666149,0,Crisis
2009-01-05,-0.0205033241998483,-0.0011844806144331,-0.0261221806897312,39.08000183105469,0.3221892907827116,0.2463298641231406,0.2629609458502798,0,Crisis
2009-01-06,0.0076646079381989,0.0066551864354817,-0.010108422870542,38.560001373291016,0.3072662997607213,0.2403854973071172,0.2581585838515678,0,Crisis
2009-01-07,-0.028355453375407,-0.0304140191611427,0.003912863206442,43.38999938964844,0.3154251863891039,0.2330370057730742,0.2769264193042746,0,Crisis
2009-01-08,0.0204540244088508,0.0040724989025516,-0.0007987054416508,42.560001373291016,0.2927807295742203,0.2328429560925249,0.2755476127136925,0,Crisis
2009-01-09,-0.0064140963970317,-0.0216518533027717,0.001508657222969,42.81999969482422,0.296956046594695,0.2230267198418913,0.2781570804848174,0,Crisis
2009-01-12,-0.0383821223727642,-0.0243140156206053,0.0103260596597783,45.84000015258789,0.3075713726647384,0.2254355661048105,0.2775324536963234,0,Crisis
2009-01-13,0.0014847208572589,0.0018384011907026,0.0010523897129933,43.27000045776367,0.2959935104307617,0.2254035924999327,0.2748734627905457,0,Crisis
2009-01-14,-0.0135683459590849,-0.0319594852583976,0.0163548905177533,49.13999938964844,0.3122191188289491,0.231656752051411,0.2788075396156991,0,Crisis
2009-01-15,0.0074915879530866,0.000355689873339,0.0016375709323109,51.0,0.3092863287868268,0.2289631473716923,0.2684181178452456,0,Crisis
2009-01-16,0.028450719887202,0.0077888618453388,-0.0155394034669092,46.11000061035156,0.2597706025742851,0.2194797914263155,0.2760026133058907,0,Crisis
2009-01-20,0.0216476503955411,-0.0542306911820556,-0.0001751700567404,56.650001525878906,0.3137970970161826,0.1954682559576892,0.2839599226396036,0,Crisis
2009-01-21,-0.0043872142605711,0.042286331305241,-0.0320988324087771,46.41999816894531,0.3501495936194052,0.203458500715739,0.2768726139746532,0,Crisis
2009-01-22,0.0050969149234728,-0.015587887109939,-0.0194336849136631,47.290000915527344,0.3530536224787931,0.2086770116830045,0.2717912175168323,0,Crisis
2009-01-23,0.0456436101412433,0.0043403423870452,-0.0078622087339582,47.27000045776367,0.352033277727026,0.2086967796602085,0.3116112220171995,0,Crisis
2009-01-26,0.0047329159687792,0.0068356106846879,-0.0087669089012994,45.68999862670898,0.3520474923884075,0.208404362219307,0.3081440286057879,0,Crisis
2009-01-27,-0.0064287111775254,0.0101061220821688,0.0232404932343562,42.25,0.3534722295518441,0.2314062326426884,0.3090396381878935,0,Crisis
2009-01-28,-0.0109216001359511,0.0332746151990102,-0.0253032056981196,39.65999984741211,0.37261744058998,0.2400567019315442,0.3010562282595785,0,Crisis
2009-01-29,0.0235145567911308,-0.0330377999252311,-0.0232667173320418,42.630001068115234,0.3899257101593157,0.2465526548113641,0.3100617362429299,0,Crisis
2009-01-30,0.0200216586098825,-0.0205521737747238,-0.0031760637763396,44.84000015258789,0.3844944780974198,0.2396478060028324,0.315241637194483,0,Crisis
2009-02-02,-0.0274233260858686,-0.0030234108240683,0.0184341027837696,45.52000045776367,0.3791662533596515,0.2505948758262922,0.3316916830040173,0,Crisis
2009-02-03,-0.0041734325115962,0.0139490155852492,-0.0241037675684479,43.060001373291016,0.365077235989269,0.2492966900330897,0.3318468316034232,0,Crisis
2009-02-04,0.0079932773281236,-0.0049077588993938,-0.0035058642869279,43.84999847412109,0.3648180202792738,0.2380410472608091,0.322902922925903,0,Crisis
2009-02-05,0.0104853434196345,0.0147707170332289,0.0008772018258892,43.72999954223633,0.3691843470642166,0.2379095189145937,0.3236098451129162,0,Crisis
2009-02-06,-0.0058984803078177,0.0280992371832984,-0.003122807130162,43.369998931884766,0.3735800518205685,0.2361552990246182,0.3052757302417476,0,Crisis
2009-02-09,-0.0142770866597242,0.0013784615752848,0.0032203981916152,43.63999938964844,0.3731465546158032,0.2373484433520845,0.3050842811974517,0,Crisis
2009-02-10,0.0211736964462584,-0.0468926359195112,0.0214979736072327,46.66999816894531,0.3991434933258633,0.2530629027102443,0.3102754668799514,0,Crisis
2009-02-11,0.0227955276778977,0.0058790923407603,0.0128879127712873,44.52999877929688,0.3927757213857369,0.2549520383474848,0.2769557029399244,0,Crisis
2009-02-12,0.0094899586118982,0.0007173654030488,-0.0094601242958029,41.25,0.3926615071921377,0.2553444403966638,0.2765700381919975,0,Crisis
2009-02-13,-0.0066766898158393,-0.0108160906400329,-0.0269741425466483,42.93000030517578,0.3788725714383912,0.2565808605609129,0.2711727274303054,0,Crisis
2009-02-17,0.0308534462057789,-0.0437162481819449,0.0306743385711386,48.65999984741211,0.4067412694223067,0.2852463882512813,0.2834351803072912,0,Crisis
2009-02-18,0.0151802323357872,-0.0024010726533744,-0.0085596139189412,48.459999084472656,0.4048578771016397,0.2828198707834861,0.2750797002485264,0,Crisis
2009-02-19,-0.0118333020537343,-0.0108136588906475,-0.017146852826506,47.08000183105469,0.3619764520752998,0.2859856927049651,0.2778879861099543,0,Crisis
2009-02-20,0.0209751597633486,-0.0097689386170853,0.0096692332883579,49.29999923706055,0.3258712710065467,0.2721152348813435,0.2798813080977482,0,Crisis
2009-02-23,-0.0007159995450354,-0.0364349489079356,0.0091950750800118,52.619998931884766,0.3428422195969996,0.2681960233690941,0.2811422857364947,0,Crisis
2009-02-24,-0.0311778333755025,0.0372097575378589,-0.0010491753537957,45.4900016784668,0.371704093206474,0.2671969681193949,0.2735319775423851,0,Crisis
2009-02-25,-0.0168196618958241,-0.0079040232250205,-0.0116160678442036,44.66999816894531,0.3701233772027952,0.2683961718936487,0.2820886319417511,0,Crisis
2009-02-26,-0.0009666932467289,-0.016394880384464,-0.0105810714812812,44.65999984741211,0.3687416480655411,0.2546284782121698,0.2806149215730613,0,Crisis
2009-02-27,-0.0046313865669188,-0.0226022257619371,-0.0057746755883075,46.34999847412109,0.3451297697170493,0.2416586748216733,0.2776667702049022,0,Crisis
2009-03-02,-0.0185230505208456,-0.0460886230293581,0.0164198037393092,52.650001525878906,0.3597283007169598,0.2366952098819381,0.2762514886206917,0,Crisis
2009-03-03,-0.0098359568874448,-0.0075354354376941,-0.0067035726898835,50.93000030517578,0.3570890927196982,0.2375857418814072,0.2692879824513609,0,Crisis
2009-03-04,-0.0117300463430545,0.0234139653286923,-0.0045917056776296,47.560001373291016,0.373085816397728,0.2279358418200383,0.2547351766179859,0,Crisis
2009-03-05,0.0331558724031611,-0.0417046513044339,0.0274304190726787,50.16999816894531,0.383914971766162,0.2330217946127712,0.2785861127237251,0,Crisis
2009-03-06,0.0032559509309544,0.001742319748044,-0.0066911578288116,49.33000183105469,0.385573761027959,0.2340714041574955,0.2777536436937747,0,Crisis
2009-03-09,-0.0188127741802443,-0.0118222216442801,-0.0058678578137731,49.68000030517578,0.3757606371905698,0.2352550199727241,0.2844492122902179,0,Crisis
2009-03-10,-0.0271965765283108,0.0579001407956722,-0.0193862367963208,44.369998931884766,0.4250834124465566,0.2450503338696592,0.2994123352549145,0,Crisis
2009-03-11,0.012178790893019,0.0064916285425855,0.0107626773612024,43.61000061035156,0.4270041376693864,0.2477402288208459,0.298406379689261,0,Crisis
2009-03-12,0.0208525441343548,0.0386166553385397,0.0047566968234749,41.18000030517578,0.4331938569422234,0.2361185509397835,0.2981277458340214,0,Crisis
2009-03-13,0.0021930335101095,0.0077844113301128,-0.0050493367348634,42.36000061035156,0.4338229197149463,0.2313352313217422,0.2870215622763726,0,Crisis
2009-03-16,-0.0054915018096134,-0.0030275124896798,-0.015894440266484,43.7400016784668,0.4334511790582891,0.2351826380997761,0.2851281232641507,0,Crisis
2009-03-17,-0.0084052930103762,0.0301245821803828,-0.0054543648791032,40.79999923706055,0.4490466481083877,0.2172439879012902,0.285606893318942,0,Crisis
2009-03-18,0.0333127015824096,0.022137229187833,0.0371877046193378,40.060001373291016,0.4308532628855296,0.229912256073155,0.2892007978028917,0,Crisis
2009-03-19,0.0134445278530735,-0.0124631966976028,0.0012446377632285,43.68000030517578,0.433088968465243,0.2280428896967768,0.288022791108209,0,Crisis
2009-03-20,-0.0080877546021379,-0.0215237927042002,-0.0055651506921289,45.88999938964844,0.4380027945464662,0.2204467721330601,0.2865813795312293,0,Crisis
2009-03-23,-0.0162657167407801,0.069366179081843,-0.0086985993074617,43.22999954223633,0.4986370052146241,0.2200998437499422,0.2793884641544535,0,Crisis
2009-03-24,-0.0123479128892094,-0.0198997646740608,0.0094672762862097,42.93000030517578,0.485183226529234,0.2202494937415143,0.2811586481619103,0,Crisis
2009-03-25,0.0112613271982255,0.01049085050261,-0.013552358978746,42.25,0.4707474195526366,0.225014520756251,0.2664227861265786,0,Crisis
2009-03-26,-0.0005437774128025,0.0201760214217277,0.0115314846145237,40.36000061035156,0.4728085003159826,0.2253657877298987,0.260454809766793,0,Crisis
2009-03-27,-0.0135802968154944,-0.0182135730913469,0.0073914835888068,41.040000915527344,0.4738405507470379,0.223082970491192,0.2642984431687073,0,Crisis
2009-03-30,-0.0078596636592445,-0.0351655820248654,0.0038175422409092,45.540000915527344,0.4845941524481214,0.2218331495164019,0.2650576665805896,0,Crisis
2009-03-31,0.0033284777074548,0.0092226587058403,0.0071208289370468,44.13999938964844,0.4501154971554737,0.2162478891077165,0.2579664055048538,0,Crisis
2009-04-01,0.0082731706792649,0.019180506975088,0.0090843584366983,42.27999877929688,0.4495027071745959,0.2159782458749259,0.2571948913603555,0,Crisis
2009-04-02,-0.0248024247425323,0.0288188121304435,-0.0122957979626394,42.040000915527344,0.4523284840372348,0.220479578682647,0.2687667244057348,0,Crisis
2009-04-03,-0.0137198899994434,0.0098991810775514,-0.0206749870628322,39.70000076293945,0.4153608902936471,0.2119840709323682,0.2435515576742822,0,Crisis
2009-04-06,-0.0268441409796491,-0.0078641812934187,-0.0042839819947984,40.93000030517578,0.4190814269674076,0.2113038531841271,0.2568063066657474,0,Crisis
2009-04-07,0.0170924603935725,-0.0236016383795922,0.0025335638986789,40.38999938964844,0.428525284500784,0.2107101422083424,0.2603965799718258,0,Crisis
2009-04-08,-0.0014998243891666,0.0107200005853182,0.0088184194533478,38.84999847412109,0.3900961878893618,0.2009166587378102,0.2438262793953313,0,Crisis
2009-04-09,-0.0034698514449951,0.0389735480348665,-0.0126225320654842,36.52999877929688,0.4057624655537457,0.2030066876249334,0.23928712588796,0,Crisis
2009-04-13,0.0180267783175467,0.0002333755184103,0.0091428593552589,37.810001373291016,0.391117855163282,0.2048763713497546,0.2361288012717053,0,Crisis
2009-04-14,-0.0058202105164138,-0.0173940389432229,0.0052152827236082,37.66999816894531,0.3996642027217307,0.2046767150829919,0.2360899719850063,0,Crisis
2009-04-15,0.0014867876173518,0.0106137801312444,-0.0017356100133829,36.16999816894531,0.3988984814707421,0.1959526810079169,0.2360626620826653,0,Crisis
2009-04-16,-0.0195032719958418,0.014556043520324,-0.0079431647245924,35.790000915527344,0.3905423146512665,0.1972219878099901,0.243025181702823,0,Crisis
2009-04-17,-0.006899358971822,0.0066829039227076,-0.0110496794544905,33.939998626708984,0.3857146082731762,0.1518936381551151,0.2058790903112639,0,Crisis
2009-04-20,0.0200970433065394,-0.0428189741741888,0.0150291790724727,39.18000030517578,0.4156297253650418,0.1617576560023164,0.214187539623072,0,Crisis
2009-04-21,-0.0006902618757463,0.019348838719624,-0.0099291194444998,37.13999938964844,0.409344019173239,0.1641875091727912,0.2138932883065936,0,Crisis
2009-04-22,0.0056234482639747,-0.0061322758867537,-0.0060837338496433,38.09999847412109,0.3366754870773369,0.1628163920068281,0.210900000078315,0,Crisis
2009-04-23,0.016120292274093,0.0097699628804864,-9.838962267447524e-05,37.150001525878906,0.3287013416751248,0.1587406298742988,0.2171070787839031,0,Crisis
2009-04-24,0.0103070388929384,0.0149974685190009,-0.0100910137915075,36.81999969482422,0.330406965930953,0.1557104404594951,0.2164444570304746,0,Crisis
2009-04-27,-0.0079449762869716,-0.0095070715191167,0.0042663267261106,38.31999969482422,0.3268919899758144,0.1503949562025527,0.2176832749335398,0,Crisis
2009-04-28,-0.0142568846247575,-0.0031502358692884,-0.0164711407346384,37.95000076293945,0.3195046314291454,0.1559121586865762,0.2181669966883675,0,Crisis
2009-04-29,0.0065879591407686,0.0210453263115228,-0.008897077756057,36.08000183105469,0.2949415165807068,0.1558498595579593,0.2186582887630338,0,Crisis
2009-04-30,-0.0120730987775908,0.0003435671703755,-0.0039693348342215,36.5,0.294918197976056,0.1515376740245149,0.2214137436959647,0,Crisis
2009-05-01,-0.0036735170067088,0.0053619342703303,-0.0069053203613102,35.29999923706055,0.2901027031684812,0.1448747026908814,0.218540409607489,0,Crisis
2009-05-04,0.0192500104107943,0.0334541518490499,0.0032883320643854,34.529998779296875,0.2955228893662706,0.1439471585694764,0.2143307970594012,0,Crisis
2009-05-05,-0.0044095202998324,-0.0034169307535294,-0.0012315992576107,33.36000061035156,0.295815000391242,0.1296834720215166,0.2092344543087692,2,Bear
2009-05-06,0.0145117672241993,0.017186193305537,-0.0023664595733244,32.45000076293945,0.2964819055402551,0.1295257200007381,0.1896157071486427,2,Bear
2009-05-07,-0.0011174263342352,-0.0139892694563239,-0.0247157471954191,33.439998626708984,0.286655332831533,0.1492532162560115,0.1820920509597169,2,Bear
2009-05-08,0.006019424017208,0.0230642669318225,0.0024253405145883,32.04999923706055,0.2928333646217908,0.1440319748376225,0.182414926849554,2,Bear
2009-05-11,-0.0032281533701712,-0.018891141437242,0.0141194892185178,32.869998931884766,0.2781706923399307,0.1534273555711839,0.1823285524623512,2,Bear
2009-05-12,0.01119801612396,-0.0029633444657157,0.0036286963251066,31.799999237060547,0.278779724734801,0.1491662572571372,0.1761134103425266,2,Bear
2009-05-13,0.004290665079152,-0.0254952678994552,0.0108060736226586,33.650001525878906,0.2874406303352224,0.1542288662747116,0.1742885887310865,2,Bear
2009-05-14,-0.0006588794462207,0.0085337115335668,0.0038825186398017,31.3700008392334,0.2867797755094242,0.1559169346380937,0.1745242843654329,2,Bear
2009-05-15,0.0056961953475498,-0.0081956085705786,-0.0003058608541639,33.119998931884766,0.2853395366710862,0.1547923126717228,0.1565177669182841,2,Bear
2009-05-18,-0.0130836061003801,0.0280109459986114,-0.015625771368998,30.239999771118164,0.2997055753813021,0.1588737874916393,0.1628265386684567,2,Bear
2009-05-19,0.0066181410226483,-0.0012063314199921,-0.0052971153863839,28.799999237060547,0.2517466050337159,0.1459429382690621,0.1510417195680635,2,Bear
2009-05-20,0.0140824435435203,-0.0067165808438069,0.0104646439924346,29.030000686645508,0.2481486654145674,0.1512943560335624,0.1561286898519924,2,Bear
2009-05-21,0.0171954638531821,-0.0144676589564441,-0.0254714311378371,31.350000381469727,0.253615428608507,0.1709642875871908,0.1636818718944371,2,Bear
2009-05-22,0.0031915245362349,-0.0021319252101267,-0.01116379358505,32.630001068115234,0.252701985945679,0.1726705075648735,0.1570151072740785,2,Bear
2009-05-26,-0.0041509226973233,0.0252902093951977,-0.0151903112603187,30.6200008392334,0.2617297800968369,0.175887994688846,0.1562749387245076,2,Bear
2009-05-27,-0.0033118473677434,-0.0180150089922035,-0.0178529983460498,32.36000061035156,0.2682199324415635,0.179389766944249,0.1533197810412891,2,Bear
2009-05-28,0.008418195990309,0.0138439512850187,0.0143736278907912,31.670000076293945,0.2704963684785686,0.1864122769047647,0.1421470535053818,2,Bear
2009-05-29,0.02058462871331,0.0175529197884114,0.0254887071411852,28.920000076293945,0.2677996167836613,0.2106294482568883,0.1538892541564991,2,Bear
2009-06-01,-0.0048975619236615,0.023919852758165,-0.0300095120213999,30.040000915527344,0.2774417239527125,0.2319613836127468,0.1462249908645395,2,Bear
2009-06-02,0.006559420055802,0.0008438935237176,0.0053656933503986,29.6299991607666,0.2775717315202835,0.2333966016560986,0.1433696291869066,2,Bear
2009-06-03,-0.0204441455468996,-0.0127324676022646,0.009346221770996,31.020000457763672,0.2606358499980752,0.2362604079516858,0.1584341717375752,2,Bear
2009-06-04,0.0190941557189429,0.0093530504559872,-0.0208784117373643,30.18000030517578,0.2613967130893723,0.2447400838799491,0.1653482864430736,2,Bear
2009-06-05,-0.0265362968868509,0.0002112472051566,-0.0076505020017992,29.6200008392334,0.2555504481453846,0.2451744390337757,0.191865467797155,2,Bear
2009-06-08,-0.0016019817445124,-0.0041333319430127,-0.0025627166821644,29.770000457763672,0.2503833584578526,0.2327573328989347,0.1919773110332877,2,Bear
2009-06-09,0.0028817381951294,0.0050849248487243,-0.0001128153914402,28.270000457763672,0.2385176435071561,0.2322486733513328,0.191486399604538,2,Bear
2009-06-10,0.0003196630525026,-0.0025391206397061,-0.0158617769146456,28.459999084472656,0.2279640321600683,0.2282373369887412,0.1906596444521298,2,Bear
2009-06-11,-0.001706160194136,0.0044389386978658,0.0110509271292939,28.11000061035156,0.2275300210459912,0.2327784614930101,0.1881797016734677,2,Bear
2009-06-12,-0.0164634785354089,0.0027385031853536,0.0089310109788078,28.14999961853028,0.2044300530070252,0.2313950782879881,0.1978555169852001,2,Bear
2009-06-15,-0.0116768906230948,-0.0231946765663375,0.008963660213407,30.809999465942383,0.2229392663831413,0.2341640715872872,0.2023421457183575,2,Bear
2009-06-16,0.0090696336788986,-0.0136557300498782,0.0172550323658229,32.68000030517578,0.226795146178484,0.2448621128437411,0.2038627737153469,2,Bear
2009-06-17,0.0045582689271499,-0.0009826469025812,-0.0056465960267835,31.540000915527344,0.2053979064414309,0.2406217125282466,0.19847045737752,2,Bear
2009-06-18,-0.0080452474328503,0.0072914414439774,-0.0152508481175931,30.030000686645508,0.2067868613931786,0.2446661092321315,0.1997711099044307,2,Bear
2009-06-19,0.0031606032757124,0.0036788160223629,0.0136167511854663,27.989999771118164,0.2053007158644531,0.2470331034650386,0.1937971707404429,2,Bear
2009-06-22,-0.0149092938456615,-0.030445512776681,0.0096598459227356,31.170000076293945,0.2268624339579276,0.2356503362044627,0.1893876114926333,2,Bear
2009-06-23,0.00418822672549,0.0007838737613914,0.0117048163114578,30.57999992370605,0.2266924848617083,0.2363698084282979,0.1897437605227509,2,Bear
2009-06-24,0.0058123626209368,0.0085805847832661,-0.0100856047906364,29.049999237060547,0.2104231436660708,0.2328095527966188,0.1912304388793662,2,Bear
2009-06-25,0.0093601100880588,0.0215158498362711,0.0181657753980234,26.36000061035156,0.2131523749517,0.230517508193399,0.1944679337866463,2,Bear
2009-06-26,-0.0002166483565536,-0.0026100436812329,0.0016933971817466,25.93000030517578,0.2087519061158315,0.226213779249412,0.191712125437659,2,Bear
2009-06-29,-0.0027125280833751,0.0093207569559279,0.0014789851810545,25.350000381469727,0.202248154218353,0.2088648351889261,0.1749202450981347,2,Bear
2009-06-30,-0.0093876969819694,-0.0081235385603534,-0.0016904947899255,26.350000381469727,0.1849262182301025,0.1775399090418236,0.1765078030517776,2,Bear
2009-07-01,0.0131831629441474,0.0041239592056676,-0.001985878083668,26.21999931335449,0.1857237095695387,0.177498376219232,0.1821083215435746,2,Bear
2009-07-02,-0.0124157486138015,-0.027672774971797,0.0023359181417499,27.950000762939453,0.2039210209492244,0.1752080499846105,0.1737989130051396,2,Bear
2009-07-06,-0.0053843090138241,-0.0001113709832255,-0.001909912711555,29.0,0.2000410325065646,0.1565534988975827,0.1569013073713308,2,Bear
2009-07-07,-0.0005510889148283,-0.0195660171977014,0.0066703456079618,30.850000381469727,0.2086150340041404,0.1532501626978281,0.131030401503553,2,Bear
2009-07-08,-0.016002146946953,-0.0006819335161477,0.0183011932488354,31.299999237060547,0.2087459360629366,0.1610877978158412,0.1402726843469803,2,Bear
2009-07-09,0.0026849271616822,0.0019300427963634,-0.0119884293378149,29.780000686645508,0.2074975124784608,0.1696371213943325,0.1401838544077403,2,Bear
2009-07-10,0.000781726470917,-0.0023846503890447,0.0091872689247179,29.020000457763672,0.2075034994039256,0.1559730498685793,0.1402994371163511,2,Bear
2009-07-13,0.006786482027611,0.0240381897497137,-0.0056277334586049,26.309999465942383,0.2266914707266411,0.1575799499096623,0.1437356360438418,2,Bear
2009-07-14,0.0068508015697578,0.0056442190046139,-0.0167557909826459,25.020000457763672,0.2277043313015198,0.1710036056306215,0.1363016342228047,2,Bear
2009-07-15,0.0156244679843595,0.0288269226919709,-0.0260533980979652,25.88999938964844,0.2378480975801739,0.1951092001781436,0.1413360656889574,2,Bear
2009-07-16,-0.0028226541932032,-0.0016096381005632,0.0107404304195094,25.420000076293945,0.2324442548176871,0.1893313712813878,0.1383200434226568,2,Bear
2009-07-17,-0.0005437774128025,0.0108950512887897,-0.0155512429233656,24.34000015258789,0.2347808690350484,0.1962420352154585,0.1373392529669142,2,Bear
2009-07-20,0.014578288320425,0.0105672674417907,0.0052468093053691,24.39999961853028,0.2360537078457026,0.1890961765036174,0.1433213552657397,2,Bear
2009-07-21,-0.001609372474091,0.0046149241346665,0.0197557413827313,23.8700008392334,0.2361724482221215,0.195422090993877,0.1433092206941645,2,Bear
2009-07-22,0.0033232081663287,-0.0002096508943038,-0.0090199676943258,23.46999931335449,0.2053888800377317,0.1958365038260641,0.1318541792619768,2,Bear
2009-07-23,-0.0019282309216242,0.0218429393700879,-0.01850689319823,23.43000030517578,0.2149586240594127,0.2013971936983088,0.1319860300378184,2,Bear
2009-07-24,0.0016071308030831,0.0040870014712823,0.0048242404559605,23.09000015258789,0.2143767940538262,0.1997424528998951,0.1309381751676591,2,Bear
2009-07-27,0.0032064522764999,0.0029531868890077,-0.0115497370724353,24.280000686645508,0.2047155984264425,0.1910730641724965,0.1276883598810485,2,Bear
2009-07-28,-0.0172213757394612,-0.0046877720940928,0.0088113104189328,25.01000022888184,0.205575247494711,0.1943341441290431,0.1420360501413768,2,Bear
2009-07-29,-0.009928658008449,-0.0024551510796772,0.0054671948192536,25.61000061035156,0.2050873173810532,0.1956133415931345,0.1458611260063502,2,Bear
2009-07-30,0.0045947548185416,0.0103912419320219,0.0140770932337274,25.39999961853028,0.203047679165902,0.2028069148543325,0.143064963243852,2,Bear
2009-07-31,0.0187062352053776,0.0014176848673935,0.0192747855938197,25.920000076293945,0.2031355914259514,0.2140936430566972,0.1504545813029693,2,Bear
2009-08-03,0.0055550219663751,0.0163621757829009,-0.0152700134567539,25.559999465942383,0.173898796918984,0.2206414163724267,0.1437581537234162,2,Bear
2009-08-04,0.0085919122606941,0.0025851842689158,-0.0079832937599641,24.88999938964844,0.1730852431167135,0.2221386835491823,0.1436638486029811,2,Bear
2009-08-05,0.0010556157910927,-0.0028843747900185,-0.0150612691035006,24.89999961853028,0.1509285703707155,0.2257075105233169,0.1434100439154942,2,Bear
2009-08-06,-0.0019009437320754,-0.0051917527420781,0.0034025880279113,25.670000076293945,0.1543089526936164,0.2146222892068993,0.1285437822848681,2,Bear
2009-08-07,-0.0090257950775141,0.0130290941619829,-0.0083634093038233,24.76000022888184,0.1553750487114021,0.2129647688991965,0.1348769838556099,2,Bear
2009-08-10,-0.0087851399973404,-0.002077397505782,0.0124103747607681,24.989999771118164,0.1551555852642323,0.215439574407111,0.1401176567585335,2,Bear
2009-08-11,-0.0015076396214322,-0.01255490684552,0.0115036484861172,25.989999771118164,0.1550520126417908,0.2201059160466489,0.1393033689060282,2,Bear
2009-08-12,0.0017227961034532,0.0106719568536888,-0.0107398508260093,25.450000762939453,0.1563551206788815,0.2157479531293012,0.1378788357181714,2,Bear
2009-08-13,0.0082499453293956,0.0076096026300148,0.0140782610198699,24.709999084472656,0.130955717498137,0.2015270601016375,0.1302523719822726,2,Bear
2009-08-14,-0.0077121335113402,-0.0077091370257709,0.0038643486192378,24.270000457763672,0.1358970908943399,0.1986560683158077,0.1330178674040089,2,Bear
2009-08-17,-0.0150590504636393,-0.0249137288506222,0.0146756021393906,27.88999938964844,0.1656184682908114,0.1954366663920305,0.1435725282694838,2,Bear
2009-08-18,0.0049000691797493,0.0079030543143156,-0.0058231345141126,26.18000030517578,0.1641465605191484,0.196839100390425,0.1346888027700624,2,Bear
2009-08-19,0.0050923911990607,0.0087414861131698,0.008246800611278,26.26000022888184,0.1656091193168392,0.1871293035875252,0.1360665840800862,2,Bear
2009-08-20,-0.0028138778595995,0.0102516728107241,0.008181167658314,25.09000015258789,0.167691954863581,0.1851483988205937,0.1356633034341585,2,Bear
2009-08-21,0.0148454199746913,0.0194161891581613,-0.0207919511564759,25.01000022888184,0.1643676510187865,0.1884294993378215,0.1456686954600201,2,Bear
2009-08-24,-0.0140870677636475,-9.713658657167831e-05,0.0179671826864243,25.13999938964844,0.1645044402036355,0.196601513690796,0.1536816375502783,2,Bear
2009-08-25,0.0045381579971108,0.0019404420010628,0.0056409964617285,24.920000076293945,0.1644928844619879,0.1903635207233964,0.1541601228880979,2,Bear
2009-08-26,0.0003233498147654,9.734764614344572e-05,0.0045726020224825,24.950000762939453,0.1627673925548573,0.1893040500491829,0.141632055197021,2,Bear
2009-08-27,0.0043015607639733,0.002226621910639,-0.0039479211981117,24.68000030517578,0.1617759299044213,0.1904545091875075,0.1371261997964808,2,Bear
2009-08-28,0.0072704296126022,-0.0001935742230933,0.0045697530122615,24.76000022888184,0.1595961006805311,0.1858881396667221,0.138311275226207,2,Bear
2009-08-31,-0.0050195140364929,-0.0089388316573379,0.0009323455664466,26.01000022888184,0.1642179243997326,0.1748478450428817,0.1240622132310722,2,Bear
2009-09-01,0.0053390408924286,-0.0223043508409112,-0.002423492558587,29.14999961853028,0.1750673888796677,0.1651321337513694,0.1239431194984322,2,Bear
2009-09-02,0.0240950250813468,-0.0037997438024901,0.0144684046939812,28.89999961853028,0.1752241714624641,0.16691367100029,0.1469584481020977,2,Bear
2009-09-03,0.0131166004758764,0.0082808391439977,-0.0061743610172056,27.100000381469727,0.1774978861244013,0.157553770379227,0.1530824295927324,2,Bear
2009-09-04,0.0007179824462605,0.0139116045159906,-0.0171818616020698,25.26000022888184,0.182566941806946,0.1725667113644073,0.1526546720167873,2,Bear
2009-09-08,-0.001025835898236,0.0085856440076127,-0.0070618081861908,25.6200008392334,0.1795084419272605,0.1716215347561648,0.1481857856105783,2,Bear
2009-09-09,-0.0035987748498095,0.0076450531578461,-0.001164206653219,24.31999969482422,0.180692348955046,0.1678836463215073,0.1445475554366396,2,Bear
2009-09-10,0.0063661280930331,0.0101668942176695,0.018258683406365,23.549999237060547,0.1758589306713042,0.1744133986960106,0.1446582554534514,2,Bear
2009-09-11,0.010993614941952,-0.0001912028884243,0.0054954035274263,24.14999961853028,0.1733959717128995,0.1685434375502883,0.1476016326556449,2,Bear
2009-09-14,-0.0083359200166458,0.0048561205056614,-0.0099766979430226,23.86000061035156,0.1725014957724291,0.168653776482837,0.151161917420998,2,Bear
2009-09-15,0.0095500313191322,0.0041706348191575,-0.0051307576820049,23.420000076293945,0.1692069725932202,0.1699647988747979,0.1488432515004344,2,Bear
2009-09-16,0.01016056334184,0.0150212165656899,0.0017820390667216,23.690000534057617,0.1428561813592531,0.1627132662221445,0.1354792052428185,2,Bear
2009-09-17,-0.005721544584204,-0.0014922296576072,0.0124979767943049,23.64999961853028,0.1434735353078035,0.1660890146869435,0.1396506746144402,2,Bear
2009-09-18,-0.0067673425030896,0.0006376589102312,-0.008940416148979,23.920000076293945,0.1426497400238278,0.1677846850820576,0.1440532980745968,2,Bear
2009-09-21,-0.0031467067584412,-0.0025334327426026,0.002294776314806,24.059999465942383,0.1417194443695494,0.1656371752672117,0.1442287873899753,2,Bear
2009-09-22,0.0132304870549188,0.0058075629840299,0.0020812484767121,23.07999992370605,0.1287853122787685,0.1468782104346747,0.1426637582371708,2,Bear
2009-09-23,-0.008463489692784,-0.008347526861946,0.0030105873870416,23.489999771118164,0.133627436420722,0.1341575695952197,0.1353354569630945,2,Bear
2009-09-24,-0.013036122562252,-0.0110801787209734,0.0028982145128316,24.950000762939453,0.1407460204089311,0.1332043759392645,0.1464396894878628,2,Bear
2009-09-25,-0.0056541198497739,-0.0053465196325621,0.0126333382481076,25.61000061035156,0.1424741062997698,0.1390931130693211,0.1489489612485245,2,Bear
2009-09-28,0.0005153625568478,0.0177447826515629,0.0087388563977958,24.8799991607666,0.1540820104690723,0.1404567875867904,0.1488253913609082,2,Bear
2009-09-29,0.003907833509276,-0.003014340013877,-0.0009105095562241,25.190000534057617,0.1547929464189171,0.1402329419209746,0.1477578189156546,2,Bear
2009-09-30,0.0144693596108124,-0.0038753314094982,-0.0009114651508006,25.61000061035156,0.1514826087991338,0.1404299209653295,0.1518369434403326,2,Bear
2009-10-01,-0.009759141142056,-0.0251263682892475,0.0136019525151979,28.270000457763672,0.1573108708331545,0.1461391180538374,0.1574358669574823,2,Bear
2009-10-02,0.0048915144073344,-0.004672032754812,-0.0069442734282265,28.68000030517578,0.1577113931148939,0.141729637145117,0.1360516193507974,2,Bear
2009-10-05,0.0146326535386046,0.0148177820397611,0.0001005385561991,26.84000015258789,0.1628048883922344,0.1394315470773496,0.1378331136163604,2,Bear
2009-10-06,0.0243455775038683,0.0142228494754573,-0.0099460689665405,25.700000762939453,0.1631000694460706,0.1292977113305572,0.1595187520997228,2,Bear
2009-10-07,0.000781878766311,0.0027444533045759,0.0116611647262035,24.68000030517578,0.1612873665424792,0.1298633294401106,0.1591714728116176,2,Bear
2009-10-08,0.0124273325503769,0.0076270421989668,-0.0105406421576429,24.18000030517578,0.1612787759771304,0.1370032323893724,0.1612913626648578,2,Bear
2009-10-09,-0.0077490030168467,0.0060783758747086,-0.023190451274842,23.1200008392334,0.1591276496256631,0.1496379828809987,0.1650722814632995,2,Bear
2009-10-12,0.0069767845206248,0.0039080321689245,0.0015622943843134,23.01000022888184,0.1592655811097082,0.1484382813876631,0.1630239344976425,2,Bear
2009-10-13,0.0067366685208765,-0.0020452595335951,0.0051923117345805,22.989999771118164,0.1592443594418015,0.1450774682327696,0.1590032960200769,2,Bear
2009-10-14,-0.0007676245830555,0.0170688661683393,-0.0149217596246101,22.86000061035156,0.1682853824023337,0.1536208290643713,0.1576329375037226,2,Bear
2009-10-15,-0.0127513289657792,0.0036534346932938,-0.0046357348329461,21.71999931335449,0.1615176226630623,0.154333673116874,0.1634353088293125,2,Bear
2009-10-16,0.0031061924936279,-0.0075030806502361,0.0080997513476939,21.43000030517578,0.1641361846158457,0.1504698013140355,0.1614471561958519,2,Bear
2009-10-19,0.0101249891840042,0.0082313842623766,0.0078270895833812,21.489999771118164,0.1660284617405979,0.1497320314148832,0.1607476929080599,2,Bear
2009-10-20,-0.0078016786951705,-0.0052967404724081,0.0053911874911122,20.89999961853028,0.1671153480740342,0.150615999808111,0.1636312590279941,2,Bear
2009-10-21,0.0031858098477671,-0.0090138241965544,-0.0060159957570032,22.21999931335449,0.1698521888352543,0.1521584737125645,0.1588761022471403,2,Bear
2009-10-22,0.0016371956316873,0.0101117826325671,-0.0048999087528536,20.690000534057617,0.1697556045439113,0.1527370359147714,0.1543546167800059,2,Bear
2009-10-23,-0.0041463857043159,-0.0114989718541832,-0.0075549366505428,22.270000457763672,0.1701490455801541,0.1543082050150779,0.1460053910922814,2,Bear
2009-10-26,-0.0158756415896573,-0.0108841359006246,-0.0130382296676207,24.309999465942383,0.1739432787748465,0.1518685313600114,0.1573301025486143,2,Bear
2009-10-27,-9.819975733603636e-05,-0.004593574076736,0.0135645860636942,24.82999992370605,0.1639490467270666,0.1569891267193764,0.1574334955251024,2,Bear
2009-10-28,-0.0110574244105408,-0.0190684672966132,0.0047262076898325,27.90999984741211,0.1766627269935614,0.1585700888197563,0.1639085313565298,2,Bear
2009-10-29,0.019271061704086,0.0212270331739824,-0.0109557890990656,24.76000022888184,0.191768292750362,0.1619065503104792,0.1694154249648913,2,Bear
2009-10-30,-0.0015593382085453,-0.0294011080624978,0.0144072662542383,30.690000534057617,0.1993797785418778,0.1629020904948025,0.1646719207220027,2,Bear
2009-11-02,0.0137545581698964,0.0073116342125726,-0.0044307867978233,29.780000686645508,0.1999563160379638,0.1621543600340904,0.1692910196860863,2,Bear
2009-11-03,0.0238593341987984,0.0031586200576544,-0.0100454224973664,28.809999465942383,0.1936691538385813,0.1644562464687838,0.1802010359720978,2,Bear
2009-11-04,0.005993644061587,0.0025764633252364,-0.0091806896381628,27.71999931335449,0.1872045455600289,0.1640271376281677,0.1633190768967843,2,Bear
2009-11-05,-0.0011210307242876,0.0182279997334116,0.0,25.43000030517578,0.1977307986716303,0.1563730819311859,0.1636588893566371,2,Bear
2009-11-06,0.0041975430369652,0.0026168823632128,0.0009648095834709,24.190000534057617,0.1962016884455598,0.1542547581260548,0.1595482561958008,2,Bear
2009-11-09,0.0070494877462507,0.0225209604414054,0.0011778096501844,23.14999961853028,0.2101475696345424,0.1343792167734229,0.1567035775176681,2,Bear
2009-11-10,0.0018468649311937,0.0001821478889657,-0.0018206260767165,22.84000015258789,0.2098974096663096,0.1340503648301059,0.1558270892171949,2,Bear
2009-11-11,0.0111015323950727,0.005096582486231,0.0041725527393687,23.040000915527344,0.2101195308297322,0.1334786459457001,0.1581547910506774,2,Bear
2009-11-12,-0.0127635854687587,-0.010219743370438,-0.0018165431377096,24.239999771118164,0.2053242671875157,0.1240033759200316,0.1664057029565371,2,Bear
2009-11-13,0.0140401370416374,0.0053970219167846,0.0045885382522087,23.36000061035156,0.2058164913159359,0.1244024479146841,0.1627115712434965,2,Bear
2009-11-16,0.0170758942577635,0.014400327056951,0.0116446471897471,22.88999938964844,0.2097562337585955,0.1279488626916081,0.1697793161644177,2,Bear
2009-11-17,0.0030411827518562,0.0011683682206336,0.0053525311426899,22.40999984741211,0.2081103304039561,0.1263030524843333,0.1681929513759164,2,Bear
2009-11-18,0.0024975374482029,-0.0006286965833424,-0.0058789668924399,21.6299991607666,0.2070502009225389,0.1260735816770963,0.1632532211440599,2,Bear
2009-11-19,0.0004453622970806,-0.0131172928194575,0.0017889075598167,22.6299991607666,0.2099903871053959,0.1248324946858857,0.1636800401486955,2,Bear
2009-11-20,0.0056828369420889,-0.00355739660092,-0.0002112090011668,22.190000534057617,0.2075914277277777,0.1237283744217501,0.1636154839065512,2,Bear
2009-11-23,0.011882360058537,0.0126220702435796,-0.0012622193196021,21.15999984741211,0.2075089612262776,0.1208514602693238,0.1630253299658566,2,Bear
2009-11-24,0.0038424851504036,0.0015327644037891,0.0062949021501945,20.46999931335449,0.2028087099857332,0.1124776325579698,0.1449330678106821,2,Bear
2009-11-25,0.0163392382750878,0.003507392485641,0.0045932616560865,20.479999542236328,0.2015367109205904,0.1039175779180002,0.1478522033144048,2,Bear
2009-11-27,-0.0134670991289637,-0.0163835453284177,0.0037413303194408,24.739999771118164,0.198158040631982,0.1034885426301028,0.1516343698913709,2,Bear
2009-11-30,0.0050282016535157,0.0033707644158908,0.0023833149029728,24.51000022888184,0.1859427302932665,0.0946162814601892,0.1441660552953647,2,Bear
2009-12-01,0.0149345998610111,0.0122945093040006,-0.0112018428279894,21.920000076293945,0.1517373172401114,0.0913109014265476,0.1450847725842542,2,Bear
2009-12-02,0.015218446148337,-0.0004494007374941,0.0008388669872388,21.1200008392334,0.1516189312849599,0.0898728098305534,0.1460996361933826,2,Bear
2009-12-03,-0.0040356819736783,-0.0078507583592081,-0.010438910625071,22.459999084472656,0.1562567338670042,0.0904515395010907,0.1359683679545101,2,Bear
2009-12-04,-0.0425962180747238,0.0056915024249928,-0.0106578288105917,21.25,0.1566384136145486,0.092517906649816,0.2140694468946978,2,Bear
2009-12-07,-0.0056422558916816,-0.0015328575660462,0.0012865607663421,22.100000381469727,0.1465686701892939,0.092589736581122,0.2156978932461401,2,Bear
2009-12-08,-0.0192811800664791,-0.0111591227658954,0.0014955598720179,23.690000534057617,0.1531577968495829,0.0926585967617476,0.2285320580261343,2,Bear
2009-12-09,-0.0009919349177228,0.0037335609207083,-0.0046051067009976,22.65999984741211,0.1324631316327797,0.094113795958794,0.2277837744749922,2,Bear
2009-12-10,-0.0001804262697695,0.0056197371246473,-0.0115501073914364,22.31999969482422,0.1337890421819968,0.102191516014277,0.2278141437855754,2,Bear
2009-12-11,-0.0136279024171217,0.0042389466252157,-0.0001083376720081,21.59000015258789,0.1334466135143831,0.1008185834581891,0.2301684065837678,2,Bear
2009-12-14,0.0083804296190656,0.0068169519450711,0.0011950698741477,21.14999961853028,0.1293289666207561,0.1009205382280458,0.2271704664420203,2,Bear
2009-12-15,-0.0002721594910167,-0.0046595448768384,-0.0044583717162568,21.489999771118164,0.1299314312697327,0.1000236327284532,0.2220807929578483,2,Bear
2009-12-16,0.0124437789837348,0.0015260262698652,-0.0011986025915388,20.540000915527344,0.1201712244425511,0.0889427879445233,0.2181922428773795,2,Bear
2009-12-17,-0.0388300747482987,-0.0120890222883949,0.0163358873918077,22.51000022888184,0.1272956331799595,0.1061583263444653,0.2557720705694208,2,Bear
2009-12-18,0.0148877007482316,0.0056416694234959,-0.0043017213828398,21.68000030517578,0.1290560044378276,0.1053882811231602,0.2620481559781104,2,Bear
2009-12-21,-0.0185276263860221,0.010111131823984,-0.0179417735152724,20.489999771118164,0.1247759390758391,0.1200596567416311,0.2685081341205836,2,Bear
2009-12-22,-0.0073198412149391,0.0035864323554852,-0.0056112402041625,19.540000915527344,0.1240077864784574,0.120562296509077,0.2673980950840462,2,Bear
2009-12-23,0.0035728214071417,0.0019673967804592,0.0002202891167908,19.709999084472656,0.1169862701968627,0.1208091304932146,0.2631078965956502,2,Bear
2009-12-24,0.0168446356633403,0.0047230990103039,-0.010423744462438,19.46999931335449,0.1177784324719706,0.1200849617802455,0.2713071486386612,2,Bear
2009-12-28,0.0017519015886225,0.0021314270463907,-0.002790367196179,19.93000030517578,0.1174893473849437,0.1169817330765749,0.2629730331189601,2,Bear
2009-12-29,-0.0099991742265353,-0.0014206880386913,0.0065751573764508,20.01000022888184,0.1000079938751179,0.1194939334816283,0.2615733984784585,2,Bear
2009-12-30,-0.0050373325890671,-0.0003554422913263,0.0065526892020002,19.959999084472656,0.0999804431358585,0.1227306494233388,0.2598783209487549,2,Bear
2009-12-31,0.0035474015655265,-0.0096446455954485,-0.0047722267104905,21.68000030517578,0.0986246791257934,0.1192179083295837,0.2524621232171794,2,Bear
2010-01-04,0.0229387376811478,0.0168175949029373,-0.0008899714029462,20.040000915527344,0.1138936715167574,0.1187411368925245,0.2612356994702794,2,Bear
2010-01-05,-0.0009112174071558,0.0026437813858207,0.0064374350715462,19.350000381469727,0.1091616331715412,0.1192205672595887,0.2614399239882066,2,Bear
2010-01-06,0.0163649526725088,0.00070363819898,-0.0134765756240346,19.15999984741211,0.1081907839331363,0.1222019182108748,0.2288151971573993,2,Bear
2010-01-07,-0.0062070314491631,0.0042124457979791,0.0016811746484138,19.059999465942383,0.108058888710763,0.1223432624675854,0.2289695294311518,2,Bear
2010-01-08,0.0049507553813782,0.0033220727907148,-0.0004487047002373,18.1299991607666,0.0975202124021265,0.1218311171962701,0.2197591604319293,2,Bear
2010-01-11,0.013201473675458,0.0013955146317534,-0.0055031358278648,17.549999237060547,0.0974425349001631,0.122105492432037,0.2242596254018413,2,Bear
2010-01-12,-0.0211344899513115,-0.0093697042151469,0.0169720045456132,18.25,0.1044943861402028,0.1337626938846097,0.2368721690787587,2,Bear
2010-01-13,0.0094582793785393,0.0084106361430365,-0.0116934338296239,17.850000381469727,0.1068262538486781,0.1389706844075274,0.2337913080497028,2,Bear
2010-01-14,0.0043834025049447,0.0027008380961838,0.0139054216056811,17.6299991607666,0.1053005366457273,0.1485069820079794,0.2325992219627274,2,Bear
2010-01-15,-0.01049853217715,-0.0112874147238801,0.0061676077825459,17.90999984741211,0.1124763347019605,0.1496813930494339,0.2358498193901802,2,Bear
2010-01-19,0.0059357674133195,0.0124177854680106,-0.0028588070411274,17.579999923706055,0.1189835741121046,0.1499312036496201,0.2326768342340065,2,Bear
2010-01-20,-0.0234066225444981,-0.010220437820049,0.0100786480949076,18.68000030517578,0.1163942804966455,0.1425808147018171,0.2047256544689061,2,Bear
2010-01-21,-0.014516455339508,-0.0194166077234842,0.0045676814785359,22.270000457763672,0.1366652992231857,0.1429714003830565,0.2043975603876938,2,Bear
2010-01-22,-0.0018644973871885,-0.0225437274927364,-0.0017369694437565,27.309999465942383,0.1538805629826358,0.1277829521501087,0.1939650268028981,2,Bear
2010-01-25,0.002888473341,0.0051148210409106,-0.0045749047207768,25.40999984741211,0.1545336660946085,0.1271956023062716,0.1922621888556283,2,Bear
2010-01-26,0.0007439937221865,-0.0041996792355294,0.0003268291333695,24.549999237060547,0.1545972932001518,0.1271914320590152,0.1919575771285395,2,Bear
2010-01-27,-0.0096221845382437,0.0047461008977491,-0.0005457112194136,23.13999938964844,0.15460829818046,0.1207755549342366,0.18525252458838,2,Bear
2010-01-28,-0.0004694185510533,-0.0115390613003226,-0.0005474149103953,23.729999542236328,0.1581800590300709,0.1201035379440089,0.1850249741741829,2,Bear
2010-01-29,-0.0048955498497213,-0.0109275637201479,0.0087043006820422,24.6200008392334,0.1613006814145476,0.1215115709182884,0.1826984242101422,2,Bear
2010-02-01,0.0223050581359405,0.015430629928072,-0.0091184739292783,22.59000015258789,0.1725039362497767,0.1251295268330645,0.1983517144601617,2,Bear
2010-02-02,0.0071730930575161,0.0120314889681714,0.002848607164267,21.479999542236328,0.1758976990050682,0.1237817863642921,0.1994188301234016,2,Bear
2010-02-03,-0.0039480409049002,-0.0049954938757729,-0.011664069163018,21.600000381469727,0.1647880832076808,0.1312209539601904,0.1828748347848036,2,Bear
2010-02-04,-0.0406494619043355,-0.0313528367024094,0.0157035688671144,26.07999992370605,0.1935965396794596,0.1401662722545409,0.2298371148434427,2,Bear
2010-02-05,0.0029657764294868,0.0020650747285383,0.0021765481995942,26.11000061035156,0.1939917362881419,0.1300691053007608,0.2205740897081283,2,Bear
2010-02-08,-0.0061326311970521,-0.0072453889080193,0.0013034465247863,26.51000022888184,0.1926443733660275,0.1300741815768335,0.2205606516731203,2,Bear
2010-02-09,0.0130820936284579,0.0124823648186301,-0.0100386103457368,26.0,0.1992866437278818,0.1361003978551754,0.2259887126803259,2,Bear
2010-02-10,-0.0027549621443083,-0.0019609869016958,-0.0095874349563458,25.39999961853028,0.1986586711786037,0.1393192363570647,0.2185514062788413,2,Bear
2010-02-11,0.0189404437722608,0.0104118301174165,-0.0054406319522288,23.959999084472656,0.2028393142703789,0.1280639069911462,0.2215977398071391,2,Bear
2010-02-12,-0.000840419703573,-0.0008321662088034,0.0041101158266174,22.729999542236328,0.1991399897781057,0.1215683624709511,0.2180412410406454,2,Bear
2010-02-16,0.0238172597404017,0.0156118070571216,0.0018837227837541,22.25,0.2084508345475142,0.1118002938943415,0.2349066568612949,2,Bear
2010-02-17,-0.0033810306977534,0.0047277340287421,-0.0114638230498581,21.71999931335449,0.2070319719479612,0.116303773596997,0.2325763430507348,2,Bear
2010-02-18,0.0066597276270964,0.0058779024612106,-0.0040388171645826,20.6299991607666,0.2027116270482113,0.1166439460639761,0.2328498334902638,2,Bear
2010-02-19,-0.0046480113353011,0.0020716590691126,0.0053813817830979,20.020000457763672,0.200701540662554,0.1121670001427039,0.2183803485387996,2,Bear
2010-02-22,-0.0036606751248241,0.0001796225472774,-0.004146307650735,19.940000534057617,0.1894085968207865,0.1107346760698989,0.2122963151710612,2,Bear
2010-02-23,-0.0108776912365871,-0.0122192496790871,0.0154840573253451,21.3700008392334,0.1770577197704011,0.1252864726992499,0.2159582636198292,2,Bear
2010-02-24,-0.0049245049976189,0.0091562091585125,0.0024287538352412,20.270000457763672,0.1789965618165394,0.1248566562826726,0.2164822337966393,2,Bear
2010-02-25,0.0088097843982684,-0.0013550425147744,0.0056088068542846,20.100000381469727,0.1783348596375352,0.1265188924918848,0.218648751707882,2,Bear
2010-02-26,0.0102876149123949,0.0006324036614964,0.005139541579084,19.5,0.1776947497704501,0.1277624665292055,0.2181062886441444,2,Bear
2010-03-01,0.0,0.0103309457684835,-0.0004376409219816,19.26000022888184,0.1753254039694882,0.1277546688928403,0.2180649331010732,2,Bear
2010-03-02,0.0144252568056901,0.0027672818639668,-0.0013146067507648,19.059999465942383,0.1694796982277668,0.1240416086072232,0.2213925823899164,2,Bear
2010-03-03,0.0054794713974865,0.0008907651521713,-0.0025249997002139,18.82999992370605,0.1623911858400004,0.1201412594898256,0.209514434462117,2,Bear
2010-03-04,-0.0071922941134518,0.0030232775877832,0.0052609902719327,18.71999931335449,0.157892079697431,0.1211315136950125,0.2104520359352727,2,Bear
2010-03-05,-0.0001805113929827,0.0141917825570082,-0.0132049073507124,17.420000076293945,0.1626826698274648,0.1231312712113906,0.2097991230957567,2,Bear
2010-03-08,-0.0084281646849932,0.0001755366287294,-0.0052203844670433,17.790000915527344,0.1095037427978912,0.1104180431581506,0.1507462969804347,1,Bull
2010-03-09,-0.0014571590358533,0.0016611187681874,0.000222630884132,17.920000076293945,0.1095737879872005,0.1099412581029904,0.1513330385246608,1,Bull
2010-03-10,-0.0114580288890655,0.0044459482267928,-0.0025640675316479,18.56999969482422,0.1025758911449787,0.1097449594387187,0.1560945525638069,1,Bull
2010-03-11,0.0011977451434267,0.0041658446169928,0.0036770204386573,18.059999465942383,0.0977590259930931,0.1059920391510433,0.1507883645973991,1,Bull
2010-03-12,-0.0060032647586734,8.699236702672264e-05,0.0062081483042231,17.579999923706055,0.0965619231684568,0.1030327634455086,0.1523334348887075,1,Bull
2010-03-15,0.0037908941588112,0.0002595190593961,-0.0013275145019726,18.0,0.0939319507693522,0.1011430578146599,0.1386061372176565,1,Bull
2010-03-16,0.0186511248148394,0.0079348752181345,0.007936709559069,17.690000534057617,0.0941749598508523,0.1037299356476859,0.1519568467520316,1,Bull
2010-03-17,-0.0073640516055171,0.0059096298277807,0.0042723646652948,16.90999984741211,0.0839657034657674,0.1044247329344637,0.131147982045734,1,Bull
2010-03-18,0.0068203785961212,-0.000512837631154,-0.0032849824368347,16.6200008392334,0.0846384962265709,0.0958830111052988,0.13260011085704,1,Bull
2010-03-19,-0.0188460211824444,-0.0050744159313421,0.0009870750152879,16.969999313354492,0.0881198466510235,0.0940376080937143,0.1463306413254989,1,Bull
2010-03-22,-0.0049067244886643,0.0053316515109411,0.0010956677111694,16.8700008392334,0.0887255826949522,0.0928939404111462,0.1464203760033983,1,Bull
2010-03-23,0.0052760773627536,0.0070089492398672,-0.0047184000120079,16.350000381469727,0.0896482962100777,0.0933255995946956,0.1474542035818724,1,Bull
2010-03-24,-0.0188244922897926,-0.0048665271746492,-0.0184247526116033,17.549999237060547,0.0768282031998744,0.1012005530744722,0.1568856957245086,1,Bull
2010-03-25,0.0045053175832764,-0.0016275399540508,-0.0064056780380413,18.39999961853028,0.0752730596850009,0.102613063085173,0.1570922230276824,1,Bull
2010-03-26,0.0168086568645276,-0.0006005038107719,0.0028153242333987,17.770000457763672,0.0748128090856823,0.1008191053321975,0.1651470514530763,1,Bull
2010-03-29,0.001472381464171,0.006327626217764,-0.0038301471441368,17.59000015258789,0.0754539987933411,0.0986582605694202,0.1610839198692567,1,Bull
2010-03-30,-0.0071982479037972,0.0006820075652059,0.003154542900706,17.1299991607666,0.0708127020047293,0.0999068134904151,0.1628372284633143,1,Bull
2010-03-31,0.0090356113150053,-0.0034131364244188,0.0068393421090039,17.59000015258789,0.0736804952736987,0.103803352207203,0.1575387164043828,1,Bull
2010-04-01,0.0119521991560187,0.0068139733312519,-0.0024476345433756,17.469999313354492,0.0752052056119704,0.1037884978160463,0.1623612127530505,1,Bull
2010-04-05,0.0056974809249871,0.0081167018924263,-0.0167785558394873,17.020000457763672,0.0777034458639867,0.1147937601367541,0.1618941187366736,1,Bull
2010-04-06,0.0012617106108131,0.002355000260391,0.0015991990863644,16.229999542236328,0.0655423193392715,0.1077478885756959,0.16194804287023,1,Bull
2010-04-07,0.0130638857425107,-0.0057292426467091,0.012703307360816,16.6200008392334,0.070768701853168,0.1169195375830447,0.1647853839187215,1,Bull
2010-04-08,0.0014213706092299,0.0034585489287181,0.0004506842991155,16.479999542236328,0.0709753812629669,0.1169373555725407,0.1645201001401561,1,Bull
2010-04-09,0.0087498711915042,0.0065457836567105,0.0023623230961151,16.139999389648438,0.0722646634376164,0.1170248026657383,0.1596659859457207,1,Bull
2010-04-12,-0.0055592223399845,0.001587751689502,0.005269141118524,15.579999923706056,0.0718669498942523,0.1178079078474222,0.161909543737069,1,Bull
2010-04-13,-0.0028356216460236,0.0007514503115042,0.0032357344153701,16.200000762939453,0.07168852710608,0.116250894300231,0.1603265238945981,1,Bull
2010-04-14,0.0030125517737672,0.011285461993788,-0.0070445608009362,15.59000015258789,0.0782579293950899,0.1186039373928249,0.1602424583538912,1,Bull
2010-04-15,0.0054703043218509,0.0008250175941233,0.0011217337856304,15.890000343322754,0.0758637850851021,0.1147940193789706,0.1491131911169603,1,Bull
2010-04-16,-0.0214335535627092,-0.0160402985528171,0.0072598814732045,18.36000061035156,0.0972521415160923,0.1169079272161661,0.1664660167584703,1,Bull
2010-04-19,-0.0008093560236553,0.0037628599642244,-0.0024515516975772,17.34000015258789,0.097482999736729,0.1167083905679596,0.1650301825584817,1,Bull
2010-04-20,0.0027851197891251,0.0088910363582178,0.0035627824524942,15.729999542236328,0.0979623738874305,0.1174961718217518,0.1496226042518906,1,Bull
2010-04-21,0.0075971093094064,-0.0018219352257823,0.0081929459124344,16.31999969482422,0.0980078319542249,0.1212283591087639,0.1492738047565467,1,Bull
2010-04-22,-0.0041936374955252,0.0029795615999617,-0.0029812554148004,16.469999313354492,0.0962007608755232,0.1205543106276841,0.1502355566841801,1,Bull
2010-04-23,0.0119985984721098,0.0065065956221904,-0.0035448352539155,16.6200008392334,0.0948614714681472,0.1015557676782702,0.1347844936158295,1,Bull
2010-04-26,-0.0038948658306392,-0.0037833030902953,0.0011095608670926,17.469999313354492,0.0961802758163092,0.09828633133243,0.1367222497356916,1,Bull
2010-04-27,0.0165365477837182,-0.0239345050075885,0.0139794313498467,22.809999465942383,0.1313145749935178,0.1080368066804936,0.1363684959154071,2,Bear
2010-04-28,-0.0027954914865853,0.0075670229644613,-0.0085629015482235,21.07999992370605,0.1320436882308291,0.1121513697256405,0.1376001944477917,2,Bear
2010-04-29,-0.0002624679990348,0.0123211385059728,0.0041806337487248,18.440000534057617,0.1379060956813649,0.1124226454080433,0.1335587926363083,2,Bear
2010-04-30,0.0094061121465953,-0.0171069960996639,0.0114624420904887,22.049999237060547,0.1514049852455724,0.1163463886740849,0.1337860527373535,2,Bear
2010-05-03,0.0032022420391028,0.0128785093922906,-0.0013081747102616,20.190000534057617,0.1558667589568567,0.1159184939543501,0.1295463999469681,2,Bear
2010-05-04,-0.0074588427989203,-0.0237958939180292,0.0178350927478323,23.84000015258789,0.1755224072369757,0.1085096684377648,0.1331721109869688,2,Bear
2010-05-05,0.0019133210932084,-0.0059736642467338,0.0058756811477405,24.90999984741211,0.1761855179737851,0.1086967032118324,0.1331655042905124,2,Bear
2010-05-06,0.0291141516389935,-0.0337777540655796,0.030420466087746,32.79999923706055,0.2095182640064141,0.1403837772367062,0.1594257698767713,2,Bear
2010-05-07,-0.0018584329204847,-0.0149870407309207,-0.0125804018297944,40.95000076293945,0.2129216129144532,0.1516948426824342,0.1601021632100256,2,Bear
2010-05-10,-0.0059362195954254,0.0430988552539118,-0.0209336727636369,28.84000015258789,0.2650732820564199,0.1740704231134925,0.1607501892688445,2,Bear
2010-05-11,0.0259428050793093,-0.002844966328819,-0.0025676078796574,28.31999969482422,0.2648948077250511,0.174658668235391,0.179027207960107,2,Bear
2010-05-12,0.006114187831152,0.0138887723631739,-0.0076337217928675,25.520000457763672,0.2702082126814013,0.177877750674664,0.1779576880381087,2,Bear
2010-05-13,-0.0069433571267265,-0.0125083069831697,0.0065624276099554,26.68000030517578,0.2691962030116428,0.1756953317249057,0.1816370762726745,2,Bear
2010-05-14,-0.0015771788582184,-0.0182712601892042,0.0172221438714928,31.239999771118164,0.274664562821461,0.1829971735381788,0.1821042316039557,2,Bear
2010-05-17,-0.0084262136404858,0.0005269960341433,-0.0036961831943344,30.84000015258789,0.2707195820549292,0.1837930030847417,0.1651362144124782,2,Bear
2010-05-18,0.0010885264147748,-0.0136956675109301,0.0152230529308404,33.54999923706055,0.2726159280196067,0.1878517841520681,0.1646633767293761,2,Bear
2010-05-19,-0.0242261608303354,-0.0057102968179449,0.0033278346326208,35.31999969482422,0.2692354257715343,0.1878512955895238,0.1905747528624557,2,Bear
2010-05-20,-0.0067966101295328,-0.0384911579625143,0.0208611396870989,45.790000915527344,0.2947118932875507,0.1968278901310544,0.1919176799078933,0,Crisis
2010-05-21,-0.0053665421251134,0.0144940358249398,0.0010173125449695,40.09999847412109,0.3014983001448316,0.1955208867921265,0.1923965019629016,0,Crisis
2010-05-24,0.0139620912778184,-0.0129143629440216,-0.0034611965713306,38.31999969482422,0.2997140970579417,0.1954793400282419,0.1938716456664182,0,Crisis
2010-05-25,0.0044406928588068,0.0010207134458865,0.0048822390544864,34.61000061035156,0.3005938436583725,0.1951628888580024,0.1930916684900776,0,Crisis
2010-05-26,0.0094136352351641,-0.0060465350149719,-0.0028457666811986,35.02000045776367,0.2931635402089202,0.1934374177124218,0.1877963815181686,0,Crisis
2010-05-27,0.0018552983674487,0.0329493154358354,-0.0229489425341427,29.68000030517578,0.3187035852679433,0.2104885225518509,0.1871243279647786,0,Crisis
2010-05-28,0.0015994852276123,-0.0126294738640565,0.0045701900092933,32.06999969482422,0.3147244252638359,0.2105227145816657,0.186978040385167,0,Crisis
2010-06-01,0.0086269340661954,-0.0169665203648436,0.0070043963232161,35.540000915527344,0.3146553379112517,0.2088023737019897,0.186601928521302,0,Crisis
2010-06-02,-0.0010847752867185,0.0257061127450543,-0.0095446401862644,30.170000076293945,0.3266208089193725,0.2127103299906427,0.186799037631092,0,Crisis
2010-06-03,-0.0153111404593681,0.0034383314049194,-0.0073232144436012,29.459999084472656,0.319517310251676,0.2073659486851127,0.1934782577308517,0,Crisis
2010-06-04,0.0103733027921934,-0.035768916012349,0.0265268658836241,35.47999954223633,0.3392570576725135,0.2249341891472035,0.1960385584646394,0,Crisis
2010-06-07,0.019113058305128,-0.0125295783085369,0.0076400515253751,36.56999969482422,0.3235869483914976,0.2014061945457345,0.1808698707262986,0,Crisis
2010-06-08,-0.0040413916863185,0.0106553297439722,-0.0049848989753565,33.70000076293945,0.324059063899323,0.1966077827704354,0.1814905642605582,0,Crisis
2010-06-09,-0.0036430115290508,-0.0053606312434463,-0.0011229818550927,33.72999954223633,0.2794379232712306,0.1795173923047156,0.1805438586712617,2,Bear
2010-06-10,-0.0132761633186595,0.0288120980075009,-0.0180295707939212,30.56999969482422,0.3021608052130691,0.19235270475537,0.1630821585324314,2,Bear
2010-06-11,0.0087037196947563,0.0048439647273236,0.0126045376566424,28.790000915527344,0.2974432279781455,0.1929091926751107,0.1646787134599752,2,Bear
2010-06-14,-0.0034222616854405,-0.0015507220505301,-0.0051471116501231,28.57999992370605,0.2955661782745533,0.1940989732836104,0.1634026275234418,2,Bear
2010-06-15,0.0115550511387834,0.0224828747358412,-0.004136250713488,25.8700008392334,0.3022200496256645,0.1869486172592776,0.1684456320764518,2,Bear
2010-06-16,-0.0054698962301163,-0.000357205740836,0.0056831306371117,25.920000076293945,0.3021867669334896,0.1868208322148927,0.166831761868506,2,Bear
2010-06-17,0.0129630653376765,0.0016066483592775,0.0081061826511946,25.049999237060547,0.2986117755827918,0.1817528752591998,0.1724392326994376,2,Bear
2010-06-18,0.0076002514535397,0.0010834463265818,-0.0016362522330662,23.950000762939453,0.2979330742593331,0.1817927847422384,0.1473014187485696,2,Bear
2010-06-21,-0.0200648325810809,-0.0028684279074891,-0.0028696986916288,24.8799991607666,0.263148657373805,0.1668400624846122,0.1640348611174069,2,Bear
2010-06-22,0.0087661624433434,-0.0166533375793517,0.0118378134468832,27.049999237060547,0.2664796120435118,0.1720352088662398,0.1635224496485444,2,Bear
2010-06-23,-0.0041254184960215,-0.0031078747509169,0.0067730159770758,26.90999984741211,0.2624282551776598,0.1729199910073505,0.1595132075841191,2,Bear
2010-06-24,0.0028896292842951,-0.0167093468855706,-0.005962195138398,29.739999771118164,0.2694140460635776,0.1737067524926795,0.1592611317840733,2,Bear
2010-06-25,0.011964406044451,0.004180817424812,0.0040458523589407,28.530000686645508,0.2688272836602027,0.173824792055622,0.1610782866826958,2,Bear
2010-06-28,-0.0136972066298147,-0.0031573060088945,0.009346255680492,29.0,0.2417022034362242,0.1537024125841035,0.169662947212782,2,Bear
2010-06-29,0.0014853964638133,-0.0313616584887669,0.010842361663697,34.130001068115234,0.2608330137785415,0.156500339943363,0.1696579323228685,2,Bear
2010-06-30,0.0033752134718408,-0.0095456238985641,0.0067059884224853,34.540000915527344,0.2567293254252462,0.1563922415135132,0.1676260875723659,2,Bear
2010-07-01,-0.038878885924842,-0.0044661526328074,0.0015763907258954,32.86000061035156,0.2366001873364365,0.1503632885401283,0.2166493920807645,2,Bear
2010-07-02,0.012312786265651,-0.005464739411354,-0.0080044652542743,30.1200008392334,0.235479778064289,0.1509630703764153,0.2149478808047406,2,Bear
2010-07-06,-0.0168514262328477,0.0065340508002974,0.0082017677167528,29.64999961853028,0.2064305561602597,0.1260339312862541,0.2193776155841344,2,Bear
2010-07-07,0.0104167710369204,0.0310104557376961,-0.0117802238721776,26.84000015258789,0.2309448620298716,0.132807280636235,0.21120644379891,2,Bear
2010-07-08,-0.0044267056798497,0.0098470409876823,-0.0063924749609286,25.709999084472656,0.2305138175063674,0.1336997076454873,0.2112691384088212,2,Bear
2010-07-09,0.0097636427646586,0.0074376472368898,-0.0057290641426719,24.979999542236328,0.2307006628932374,0.1355531144258514,0.2146455218414765,2,Bear
2010-07-12,-0.0086551604004201,0.0006482657201121,-0.0004030422269573,24.43000030517578,0.2074997202530067,0.1172828290292891,0.2118609658369672,2,Bear
2010-07-13,0.0086551604004201,0.0149756697177428,-0.0086066178895956,24.559999465942383,0.2135237536953496,0.1152113402658554,0.2118339976460709,2,Bear
2010-07-14,-0.0005070359076372,-9.152344935321214e-05,0.0100179153476586,24.88999938964844,0.2134313215485955,0.1176426187989877,0.2115954726572605,2,Bear
2010-07-15,-0.0005918885128414,0.0002737158940131,0.0099178332593918,25.13999938964844,0.1976092594376846,0.1194961873477544,0.2069948844548371,2,Bear
2010-07-16,-0.0132824871268091,-0.027920719566666,0.0048727602115905,26.25,0.2188130461856667,0.1192127690456912,0.210807684175114,2,Bear
2010-07-19,-0.0080895002748753,0.0058890006273396,-0.0061702952570248,25.96999931335449,0.2202212789126395,0.1201713992819052,0.2051848922335298,2,Bear
2010-07-20,0.0079180906816855,0.0110302764889391,0.0014976737670664,23.93000030517578,0.2245603320215135,0.1197072548367877,0.2053843654197664,2,Bear
2010-07-21,-0.0068817738410447,-0.0130826511714191,0.0168012094629108,25.63999938964844,0.2281574237327103,0.1298042662178435,0.1960079528882031,2,Bear
2010-07-22,0.0086804046419956,0.0220764867349661,-0.011631967535596,24.6299991607666,0.2359003032167395,0.1335991771964883,0.1959497523981194,2,Bear
2010-07-23,-0.0066109215447102,0.0086415605061577,-0.0106671011356116,23.46999931335449,0.2374857983564461,0.1380738312432676,0.1965042612040549,2,Bear
2010-07-26,-0.0049220747193229,0.0103616395026819,-0.0017050718265039,22.729999542236328,0.2311829835113924,0.1363778778483469,0.1959411032641234,2,Bear
2010-07-27,-0.0175526884981839,-8.978342947288875e-05,-0.0096839114283681,23.190000534057617,0.2311023366574479,0.1402533686182188,0.1954972793807658,2,Bear
2010-07-28,0.0023757910068712,-0.0064751055161844,0.0032376736734286,24.25,0.2322453844490001,0.136648344646981,0.1930864235252725,2,Bear
2010-07-29,0.0044723373261956,-0.0048844512399666,-0.0003023172848971,24.1299991607666,0.2011584141769704,0.1304729678630351,0.1942277589426762,2,Bear
2010-07-30,0.010444841709822,-0.0001815512833518,0.015444889115015,23.5,0.1965380992162093,0.1400277285570376,0.1985658480964061,2,Bear
2010-08-02,0.0004328706471263,0.0223303064935163,-0.0141375266982217,22.01000022888184,0.2051912820137858,0.1475376469822404,0.1480565730306359,2,Bear
2010-08-03,0.003887163799398,-0.0048008274640347,0.0057556333189955,22.6299991607666,0.2048007270662152,0.1472424237517968,0.141519974592878,2,Bear
2010-08-04,0.0062739525965016,0.0066611718324068,-0.0076810773642669,22.209999084472656,0.2048174693443732,0.1456238510874953,0.1312125698345467,2,Bear
2010-08-05,0.002225094038606,-0.001062860400882,0.0046561459532562,22.100000381469727,0.1812045691476899,0.1418032947227664,0.1260529506951477,2,Bear
2010-08-06,0.007324732365886,-0.0040841661254875,0.0108468731928046,21.739999771118164,0.1809325526975157,0.1453378625284564,0.1277721272274181,2,Bear
2010-08-09,-0.0037408206861499,0.0053237023563367,-0.0037029892513801,22.13999938964844,0.180318830177557,0.1444453292811374,0.1236055947802411,2,Bear
2010-08-10,0.0028069752126773,-0.0054128226763368,0.0021032107639571,22.3700008392334,0.1821755176760797,0.1445311068821812,0.1202785050053536,2,Bear
2010-08-11,-0.0033182233156111,-0.0277899724030503,0.0133197052743752,25.38999938964844,0.2025375112426291,0.1470273917914303,0.1167194199120453,2,Bear
2010-08-12,0.0121131492336672,-0.006148567514457,-0.0024718724270096,25.729999542236328,0.2035970626463743,0.144316885496306,0.1245169690425119,2,Bear
2010-08-13,-0.0002526106702893,-0.0029503125543664,0.0123949902752735,26.239999771118164,0.203759911157317,0.1464915406821358,0.1244957110488802,2,Bear
2010-08-16,0.0083030249145779,-0.0004618203119491,0.0247181484405738,26.100000381469727,0.1779326655924844,0.1675718267610213,0.1172767126832667,2,Bear
2010-08-17,0.0001670005247416,0.0122104634627779,-0.005739133786827,24.32999992370605,0.1815619476955259,0.1673124431701743,0.112393156120657,2,Bear
2010-08-18,0.0039171714739019,0.00182352782226,0.002682873179351,24.59000015258789,0.1779244626018035,0.1673135055538073,0.1104079834989494,2,Bear
2010-08-19,0.0014130601122222,-0.0175502696375841,0.0154730560108665,26.440000534057617,0.1828493416683968,0.16590104264,0.1061932995984975,2,Bear
2010-08-20,-0.0034947461752424,-0.0032494027457605,-0.0011314161444636,25.489999771118164,0.1651370329060764,0.1588320413843404,0.1046622149082466,2,Bear
2010-08-23,-0.0015850050568,-0.0038198993049027,0.0001889967454743,25.65999984741211,0.1617219102463712,0.1517492620221133,0.1012995373921179,2,Bear
2010-08-24,0.0048305401877878,-0.0149542726602558,0.0159019116778199,27.459999084472656,0.1622202249206574,0.1569506940085624,0.0991316160732086,2,Bear
2010-08-25,0.0082740832366472,0.0038772455461411,-0.0032537484206522,26.700000762939453,0.1635842177438243,0.1514224141588739,0.0716618194706421,2,Bear
2010-08-26,-0.0033014352071624,-0.0067245540374526,0.0093601040461928,27.3700008392334,0.1636636806085149,0.1524116804190897,0.075085670607213,2,Bear
2010-08-27,0.0004132996009203,0.0153714827985543,-0.0287249134258014,24.450000762939453,0.1745751323562147,0.1906845473952653,0.0753403241831316,2,Bear
2010-08-30,-0.0008267069892494,-0.0146118681454765,0.0189923124407685,27.209999084472656,0.1802615380483955,0.1939364115142215,0.0707583331510571,2,Bear
2010-08-31,0.0096300850609066,0.0,0.0110230653507024,26.049999237060547,0.1570951034388704,0.1847814909290678,0.074939733283429,2,Bear
2010-09-01,-0.0031997351237428,0.0294734566746536,-0.020894090532178,23.88999938964844,0.1934952202931388,0.2045243726285112,0.0774124602417656,2,Bear
2010-09-02,0.0049184332765914,0.0092691711050978,-0.0106219428414578,23.190000534057617,0.1951062758236106,0.2067448679414803,0.076671112604267,2,Bear
2010-09-03,-0.0035224308588275,0.0128879829943076,-0.012472335598268,21.309999465942383,0.2013831657973391,0.2135247179964814,0.0792092926505213,2,Bear
2010-09-07,0.0068694770161859,-0.0113362913901976,0.0202603656655169,23.799999237060547,0.2044021005978945,0.2206516049398686,0.0788345994686535,2,Bear
2010-09-08,8.151368239033065e-05,0.006998648252436,-0.0079787001788417,23.25,0.2051545330598058,0.2227106729866833,0.0764494399005131,2,Bear
2010-09-09,-0.0094158925629223,0.0046078430796151,-0.0199381252844563,22.809999465942383,0.2054367222692956,0.2359384704498203,0.0861484023215009,2,Bear
2010-09-10,0.0013975570337529,0.0050363004341482,-0.0045841139823642,21.989999771118164,0.1807254204086389,0.2327486363817601,0.0843380983733445,2,Bear
2010-09-13,-0.0009040527231121,0.0110620004628346,0.0048759800711694,21.209999084472656,0.1820482953480002,0.232907387192211,0.0758057410045094,2,Bear
2010-09-14,0.0195413635787799,-0.0006215537266902,0.0095826068844278,21.559999465942383,0.181466904569448,0.2313689768736685,0.0987870561547293,2,Bear
2010-09-15,-0.0006452186217994,0.0038097931364098,-0.0149457452932627,22.100000381469727,0.1813783239119963,0.2203343346210057,0.0965122154203534,2,Bear
2010-09-16,0.0055517285681441,-0.0002652167688858,-0.0099252895375916,21.71999931335449,0.1777051509328256,0.2219295053526176,0.097272337206014,2,Bear
2010-09-17,-0.0007223690048194,0.0003733571090559,0.0040405021783523,22.01000022888184,0.1777408501193998,0.2222817553979809,0.0973889677890107,2,Bear
2010-09-20,0.0026462613270077,0.0151749401456125,0.0057863238564535,21.5,0.1697235270137268,0.2155693986727903,0.0974398789923565,2,Bear
2010-09-21,0.0090880677118812,-0.0020160495099775,0.01379014810042,22.350000381469727,0.1692071021762406,0.2221116135242676,0.0986642592939314,2,Bear
2010-09-22,0.0015066400907301,-0.0049253273757479,0.0089306938342286,22.51000022888184,0.1698130547021801,0.2247157112605934,0.0976914330924919,2,Bear
2010-09-23,0.0007921275940184,-0.0081444679812747,0.0028632851382274,23.8700008392334,0.1622222732946206,0.2171252473487978,0.0974717779668226,2,Bear
2010-09-24,0.0030831233654569,0.0204127727475829,-0.0135306390807061,21.709999084472656,0.1727360617341806,0.2212678746237317,0.0950885113979851,2,Bear
2010-09-27,0.0002367608145178,-0.0048016658589895,0.0172415335282952,22.540000915527344,0.1713423805898473,0.2277861106085494,0.0933551971142024,2,Bear
2010-09-28,0.0088777521030907,0.0034942461083406,0.0068146349634277,22.600000381469727,0.1664361813051203,0.2059997435920993,0.0958675905306418,2,Bear
2010-09-29,0.0007818489523424,-0.0017461237647096,-0.0041591162347541,23.25,0.1542026102844572,0.1950538386231325,0.0952995200626791,2,Bear
2010-09-30,-0.0003126185129611,-0.0029747210412417,-0.000662964451917,23.700000762939453,0.1555680504391885,0.1903798952407929,0.0923614385552909,2,Bear
2010-10-01,0.0077875946216159,0.0041973277415446,-0.0048444232464939,22.5,0.1252842217894677,0.1771344045966693,0.0920775336763694,2,Bear
2010-10-04,-0.0034968907693697,-0.0075319859983445,0.0025777576696555,23.530000686645508,0.1279790546111447,0.1734482541849203,0.0941652730291385,2,Bear
2010-10-05,0.0195034022514002,0.0199321386108301,-0.0060253650168455,21.76000022888184,0.1374501168257181,0.1689022175141649,0.1087447008536763,2,Bear
2010-10-06,0.0062404468569036,-8.655041625626285e-05,0.0124870047585801,21.489999771118164,0.1285010907267338,0.1593083306063225,0.1085163661492727,2,Bear
2010-10-07,-0.0109849489810226,-0.0012073750425583,-0.0083718519801386,21.559999465942383,0.1283889423963816,0.1595655908462373,0.119053574020664,2,Bear
2010-10-08,0.0098463456334384,0.0055929456321671,-0.0044028575740977,20.709999084472656,0.128631952642758,0.1432285694142744,0.1124986653408674,2,Bear
2010-10-11,0.0047735618685283,0.0009436885123072,0.0001915843392049,18.959999084472656,0.1284395469348514,0.1419010764181514,0.1121974578456008,2,Bear
2010-10-12,-0.0024975344847287,0.0030812783282296,-0.0099306442208528,18.93000030517578,0.1245856155974286,0.1460953797828848,0.1131994634807195,2,Bear
2010-10-13,0.015863209004852,0.0077468699807367,-0.0015509826756204,19.06999969482422,0.1257066176172886,0.1422781850628813,0.1073561310628609,2,Bear
2010-10-14,0.0050591035458273,-0.0039082546410728,-0.0150568901041051,19.8799991607666,0.1274711219868671,0.1424240404354181,0.1062529473087106,2,Bear
2010-10-15,-0.0079723802911585,0.0020410246746671,-0.0122908213364265,19.030000686645508,0.1271902126639426,0.1446817439478931,0.1137961242320435,2,Bear
2010-10-18,0.0044783335231567,0.0049157142385182,0.0080460666274627,19.09000015258789,0.127353302752928,0.1468418413074236,0.1128803505900902,2,Bear
2010-10-19,-0.0315469118146776,-0.0131909587052029,0.0060165727900445,20.6299991607666,0.1293654883063423,0.1469602528161105,0.1660769568680084,2,Bear
2010-10-20,0.0092568972007885,0.0097188519841797,0.0021615858919389,19.790000915527344,0.1322286237329926,0.1383939274834946,0.1661692954804532,2,Bear
2010-10-21,-0.0141879449081967,0.0022033816321386,-0.0119448984051272,19.270000457763672,0.1300859157638746,0.1390904680801182,0.1753555311013397,2,Bear
2010-10-22,0.0020061311504169,0.0018603539781915,0.006730602797767,18.780000686645508,0.1248263368026023,0.1412946843192901,0.175368795688286,2,Bear
2010-10-25,0.0085963409718504,0.0029527360535127,0.0028555023787391,19.850000381469727,0.1063978122729262,0.1349031203095763,0.1771158809914089,2,Bear
2010-10-26,0.0002292345407023,0.0001686074665938,-0.0155621407540033,20.21999931335449,0.1040063118321091,0.1276844568414548,0.1771165798836373,2,Bear
2010-10-27,-0.0104455678057279,-0.0028679075245877,-0.008830275072065,20.709999084472656,0.1050451472189344,0.1251914354933815,0.179657910982525,2,Bear
2010-10-28,0.0131924075925065,0.0001691480715377,0.0027163478851808,20.8799991607666,0.10450380206567,0.1266323536320039,0.1848688098607252,2,Bear
2010-10-29,0.0104601091738828,0.000759709513654,0.009305400465428,21.200000762939453,0.1032336164630425,0.1331458334972916,0.1874994108117331,2,Bear
2010-11-01,-0.0052921947513456,0.0003376142799136,-0.0043148225382808,21.82999992370605,0.1029628102935401,0.1330247460962398,0.187642474504992,2,Bear
2010-11-02,0.0043115479696971,0.0078989426982557,0.0130577544906022,21.56999969482422,0.0995342644830274,0.1423470087965773,0.1871817113109321,2,Bear
2010-11-03,-0.0069681272954088,0.0040097578348154,-0.0206110530325118,19.559999465942383,0.0767405057483959,0.1562775729776991,0.1772477078655825,2,Bear
2010-11-04,0.0333363556259667,0.019074961425612,0.0077541802110394,18.520000457763672,0.0974231478403275,0.1514007871703382,0.2105811914983106,2,Bear
2010-11-05,0.0025697022239417,0.0037555939929521,-0.0173022170821454,18.26000022888184,0.0965627127185821,0.1586954119983898,0.2056316605263121,2,Bear
2010-11-08,0.010213058409749,-0.0018761980796468,0.004480159926183,18.290000915527344,0.097233498331946,0.1606757363259381,0.2058085336878441,2,Bear
2010-11-09,-0.0160226018397312,-0.0072099730358071,-0.0222947335923962,19.07999992370605,0.1026910453899567,0.1741163379571904,0.2148932889613803,2,Bear
2010-11-10,0.0120956585506983,0.0040213426622832,0.001350242817635,18.46999931335449,0.102869214159194,0.1733695543570757,0.2176803151577503,2,Bear
2010-11-11,0.0030556455565671,-0.003774699720249,-0.0005195956886613,18.63999938964844,0.1025402585106687,0.1735230710032071,0.2117456698921702,2,Bear
2010-11-12,-0.0292631983160569,-0.0119091921347939,-0.0054123536802546,20.61000061035156,0.1112155098121642,0.1682576254869514,0.235976895970542,2,Bear
2010-11-15,-0.0095450295876573,-0.0014149350039379,-0.0210958052190066,20.200000762939453,0.1114903075726888,0.1771754083349882,0.2366766182869192,2,Bear
2010-11-16,-0.01101037700728,-0.0157020397021586,0.0245340516325107,22.57999992370605,0.1243468748155696,0.1981190551928069,0.2386852402487134,2,Bear
2010-11-17,-0.0045149977147727,0.0005077074633903,-0.0055280366934624,21.76000022888184,0.1147914060456913,0.1960868326750215,0.2122712170431096,2,Bear
2010-11-18,0.0130301797644042,0.0146105675651356,0.0040715539155816,18.75,0.1207800227829428,0.1968041478885915,0.2147108354868871,2,Bear
2010-11-19,0.0008324236217627,0.0027476221020442,0.0061256679505398,18.040000915527344,0.1208722838427178,0.1960547328235421,0.2081643052579851,2,Bear
2010-11-22,0.0096357175417402,-0.0008319754955592,0.0042361717941918,18.3700008392334,0.1209521181340105,0.1948687496599311,0.2102987633173525,2,Bear
2010-11-23,0.0069432354539421,-0.0145828251540619,0.0049361768238516,20.6299991607666,0.1316783833089826,0.1956472127225363,0.2096587303012498,2,Bear
2010-11-24,-0.0017127297791521,0.0146658782251474,-0.0180112237243026,19.559999465942383,0.1412781645664187,0.1979795997343807,0.209888956194373,2,Bear
2010-11-26,-0.0080062689054698,-0.011715123499861,0.0137968093508202,22.21999931335449,0.1472064160711148,0.203537508739665,0.2083501709701601,2,Bear
2010-11-29,0.0030004816135433,0.003025682568821,0.0085139589295808,21.530000686645508,0.1475387456090181,0.2058105863219758,0.2039666364312839,2,Bear
2010-11-30,0.014204706278409,-0.0056387089922955,0.005194962045706,23.540000915527344,0.1489482816500332,0.2037967071960544,0.206592961000361,2,Bear
2010-12-01,-0.0002953713882783,0.0210446067985145,-0.0224787075344426,21.36000061035156,0.1658526987448942,0.2170158218948478,0.20539863214564,2,Bear
2010-12-02,-0.0013305341112288,0.0127276938327685,-0.0026108731364073,19.38999938964844,0.1691984401625735,0.2102955296635012,0.2052629180802463,2,Bear
2010-12-03,0.0210057149385102,0.0026889199198957,-0.0078725258947211,18.010000228881836,0.1689853737712786,0.200830025466991,0.214316316448057,2,Bear
2010-12-06,0.0075041354838248,-0.0010582894137898,0.0140228922245544,18.020000457763672,0.1559725199242823,0.2057086464022175,0.183665197577453,2,Bear
2010-12-07,-0.018940376834011,0.0005697984393998,-0.0216397341600569,17.989999771118164,0.1554455393243923,0.2103977004688829,0.1961379888591749,2,Bear
2010-12-08,-0.0126066526846688,0.0036570636324694,-0.0097097312738945,17.739999771118164,0.155766355208466,0.2108671725356258,0.1971547020232378,2,Bear
2010-12-09,0.0042937721872259,0.0038859931666099,0.0049202279109277,17.25,0.1537496584808867,0.1992695850706982,0.190144153139736,2,Bear
2010-12-10,0.0002955059117613,0.005801023253627,-0.0061008528417492,17.610000610351562,0.154336926068145,0.1997844809321076,0.1849484155585809,2,Bear
2010-12-13,0.0047152476210709,0.0006419925498447,0.0037503224363433,17.549999237060547,0.1533999035801905,0.2005832627603835,0.1854548331058111,2,Bear
2010-12-14,0.0009549986110493,0.0008829543247286,-0.014652359034317,17.610000610351562,0.1459177453372845,0.2054901141579804,0.1532771480001515,2,Bear
2010-12-15,-0.0109274255110953,-0.0045828878807208,-0.0131093850134228,17.940000534057617,0.1471875852318044,0.197704421882915,0.1545313660415941,2,Bear
2010-12-16,-0.0066291956887806,0.0057852587912685,0.0069040391723698,17.389999389648438,0.1335757625982263,0.1770107835291453,0.1510129780665804,2,Bear
2010-12-17,0.0029103367256325,0.0010706816247588,0.0180730029609861,16.110000610351562,0.1334782641858291,0.1897641143721886,0.1497683424244603,2,Bear
2010-12-20,0.0067580641920994,0.0024106091280717,-0.0010728636276046,16.40999984741211,0.1261810241285302,0.1888559720714295,0.1451222417191859,1,Bull
2010-12-21,0.0015531320483722,0.0063204872386991,0.0069539135098111,16.489999771118164,0.1270315734343808,0.1892862494168018,0.1451284459650132,1,Bull
2010-12-22,-0.0019972952018134,0.0031049372161393,-0.0071685610294246,15.449999809265137,0.1265682495650722,0.1892548658492955,0.1420812775261124,1,Bull
2010-12-23,-0.0028919925235061,-0.0014314274917923,-0.0020429138170168,16.469999313354492,0.1116326161541567,0.187672228102679,0.1405881017252529,1,Bull
2010-12-27,0.0026698369445326,0.0003974661723479,0.0088924735576266,17.670000076293945,0.1035612785841797,0.1820080354067873,0.1407002817858099,1,Bull
2010-12-28,0.0161625389018061,0.0014317332929257,-0.0197801937785298,17.520000457763672,0.0901968054873187,0.1851467882973745,0.1474750656294274,1,Bull
2010-12-29,0.003564587333997,0.0007149398454941,0.0167782896302428,17.280000686645508,0.0905389938296346,0.1933337915433672,0.1475628059864379,1,Bull
2010-12-30,-0.0049502024428796,-0.0015893085093872,-0.0007519019900883,17.520000457763672,0.0867470945094572,0.1916213746146957,0.1415379899979594,1,Bull
2010-12-31,0.0122576507821761,0.0002382074499091,0.0110045779906025,17.75,0.0574070632771211,0.1821039247712408,0.1471477896207454,1,Bull
2011-01-03,-0.00520383667479,0.0102850916351543,-0.0075715755797781,17.610000610351562,0.0520742482609282,0.1835564521801345,0.1485787698447561,1,Bull
2011-01-04,-0.0238324753680981,-0.0005509771716916,0.0011756517089468,17.3799991607666,0.0527108264847615,0.1819323824036944,0.1535230405108995,1,Bull
2011-01-05,-0.0028240572403502,0.0051842252648768,-0.0222728243477736,17.020000457763672,0.0528680360876174,0.1886725711753726,0.1503150574958251,1,Bull
2011-01-06,-0.0040268010585284,-0.0019609344105331,0.004364056903391,17.399999618530273,0.054496427740082,0.1760994488201467,0.136988345390026,1,Bull
2011-01-07,-0.0018697884851869,-0.0019641579815571,0.0053202034317693,17.139999389648438,0.0557876709354753,0.1744433098681073,0.1303561248457899,1,Bull
2011-01-10,0.0040343221866894,-0.0012591328727865,0.0053994610756276,17.540000915527344,0.0561143769509647,0.1746319477469859,0.130240724413326,1,Bull
2011-01-11,0.0058730314038275,0.0035374840826227,-0.0056164167035096,16.889999389648438,0.0544373493590409,0.1744364913429097,0.1320589885204463,1,Bull
2011-01-12,0.0040685267546649,0.0089842314523497,-0.0078295221194305,16.239999771118164,0.0603864565532436,0.1756913676824661,0.1317758642260444,1,Bull
2011-01-13,-0.0104635559024375,-0.0016349263180822,0.0089114109886164,16.389999389648438,0.0614686861989495,0.1712033286967216,0.1363639609748395,1,Bull
2011-01-14,-0.0101972885001168,0.0072185795140984,-0.0064028013053902,15.460000038146973,0.0599857997194223,0.1660781555360672,0.1356992291257151,1,Bull
2011-01-18,0.0055613419148153,0.0017000813951513,-0.0046936029773184,15.869999885559082,0.0585655765891607,0.1654173057226749,0.1355766421680941,1,Bull
2011-01-19,0.0021711298182139,-0.0098536938825901,0.007194721113953,17.309999465942383,0.0715583107007166,0.1544355088276083,0.1353914566441733,1,Bull
2011-01-20,-0.0190252174310584,-0.0013264602798254,-0.0138906512115446,17.989999771118164,0.0721211024633605,0.1613281763481687,0.1476696996379785,1,Bull
2011-01-21,-0.0012965579493562,0.0022614932531656,0.007897740013505,18.46999931335449,0.0699058665572376,0.1619500285245786,0.1472814753131802,1,Bull
2011-01-24,-0.0051264366488757,0.0056707712551066,0.0004377680302384,17.649999618530273,0.0713742007873841,0.1604383118553417,0.1478034378414773,1,Bull
2011-01-25,-0.0019964262189162,0.0005418544758882,0.0094568263365568,17.59000015258789,0.0707681417775064,0.1640771843577378,0.1477436910560057,1,Bull
2011-01-26,0.0081145474648875,0.0038636809116457,-0.0152618920699444,16.639999389648438,0.0712070812630631,0.1686786273527875,0.150915004149013,1,Bull
2011-01-27,-0.0249347381829446,0.0024646921511252,0.0044929879334322,16.149999618530273,0.071284531251743,0.1555140684277806,0.1577148905691321,1,Bull
2011-01-28,0.0182027293237558,-0.0176174450006247,0.0052361571976447,20.040000915527344,0.0974661201276887,0.1444900880440368,0.1731808252177682,1,Bull
2011-01-31,-0.0031520585138855,0.0074885114939633,-0.0076441033297446,19.530000686645508,0.0998515937650178,0.1465168395214789,0.1729906568634955,1,Bull
2011-02-01,0.0071355498302754,0.0158819154927697,-0.0049626645155098,17.6299991607666,0.1120896850308403,0.1403917773494387,0.1683109007992922,1,Bull
2011-02-02,-0.0026794741659231,-0.0019139345024634,0.0002207525128961,17.299999237060547,0.1084332265660879,0.1388911144865802,0.1680835343500855,1,Bull
2011-02-03,0.013325916144528,0.002219925305319,-0.0083242993147023,16.690000534057617,0.1082709288928866,0.1405978725673009,0.1581559447571002,1,Bull
2011-02-04,-0.0040930344785571,0.0028252797473161,-0.0101950155488814,15.93000030517578,0.1075391102840722,0.1236508571195237,0.1584103588951409,1,Bull
2011-02-07,0.0001518114527852,0.0062329002723295,0.0051667209386989,16.280000686645508,0.1081604712354001,0.1241389308571097,0.15805539723231,1,Bull
2011-02-08,0.0110265202808607,0.0045360350052814,-0.0092282045598788,15.8100004196167,0.1077425726673933,0.1247473383941043,0.1631571827196836,1,Bull
2011-02-09,-0.0005258409922787,-0.0022655211586465,0.0086678244064528,15.869999885559082,0.1081806611120108,0.127633254888225,0.1624442795521601,1,Bull
2011-02-10,-0.0016546424472632,0.0003779560649907,-0.0116119244531045,16.09000015258789,0.1081477742510533,0.1315618730853569,0.1608820656290432,1,Bull
2011-02-11,-0.0039974315210337,0.0059527490516883,0.0142982344924893,15.6899995803833,0.1060983884915924,0.1412201438482004,0.1602742734988136,1,Bull
2011-02-14,0.0047498081071537,0.0024009979306595,0.0006702877479517,15.949999809265137,0.1054436419941494,0.1367747500331924,0.1577399045121018,1,Bull
2011-02-15,0.0076428086658074,-0.0031528647813352,0.0044587264644271,16.3700008392334,0.1048983781862257,0.1369000801206965,0.1558624558898103,1,Bull
2011-02-16,0.0009699324016305,0.0062957455278871,-0.0032304316530676,16.719999313354492,0.1062920095617052,0.1364741232470954,0.1547756619526192,1,Bull
2011-02-17,0.0069851453277375,0.0029835428313214,0.0015603217197653,16.59000015258789,0.0978840972698478,0.133698879087424,0.1564226763779699,1,Bull
2011-02-18,0.0027362589093055,0.0020837090969691,-0.0031242611251707,16.43000030517578,0.0970554146497252,0.1256149288564029,0.1395028990260924,1,Bull
2011-02-22,0.0064776791384601,-0.0202734922875941,0.0148635814233983,20.799999237060547,0.1247318180973065,0.1335659089061739,0.1401344386603608,2,Bear
2011-02-23,0.0089116826096806,-0.0061635904057967,0.0036262244080946,22.1299991607666,0.1261950523743656,0.1342107566945833,0.1397352131977878,2,Bear
2011-02-24,-0.0075185493487721,-0.0006870246005589,0.0063425429495325,21.31999969482422,0.1262865898015387,0.1318465460873006,0.1432602865048677,2,Bear
2011-02-25,0.0065727918894157,0.0106359528531115,0.0058684038225348,19.21999931335449,0.1305682280114146,0.1213077001754275,0.1425669618727381,2,Bear
2011-02-28,0.0020360592446673,0.0061774170868373,0.0013002157555893,18.350000381469727,0.13173307647958,0.120590637474069,0.1029932918091177,2,Bear
2011-03-01,0.0170697730774608,-0.0168133699399488,0.0028947394720715,21.01000022888184,0.1303119701244044,0.119742042628635,0.1010098216486554,2,Bear
2011-03-02,-0.0007858590263391,0.0021362597042001,-0.0154928506417204,20.700000762939453,0.1283525317269261,0.1292235543604293,0.0993845806192015,2,Bear
2011-03-03,-0.0131651976463761,0.0170775377474141,-0.0098327085905321,18.600000381469727,0.1301618539886807,0.1327192687517507,0.1139654712121009,2,Bear
2011-03-04,0.0090831777503226,-0.007520784443542,0.0082929668618004,19.059999465942383,0.133149619061078,0.1358377842653101,0.1144056316142812,2,Bear
2011-03-07,0.0026516309475596,-0.0078814754992097,-0.0064078326485382,20.65999984741211,0.1362744717356329,0.134454171453011,0.1082439670173281,2,Bear
2011-03-08,-0.0025799111915446,0.008711913070546,-0.0061148632891941,19.81999969482422,0.1391784795312148,0.1310951218412895,0.1071807128709294,2,Bear
2011-03-09,0.0003587405497558,-0.0014343243261509,0.0096551555084481,20.21999931335449,0.1377373540914217,0.1339486399652958,0.1071209458958868,2,Bear
2011-03-10,-0.0118335989655689,-0.0186790994070882,0.0166468885078565,21.8799991607666,0.1512406243551251,0.1393455979582367,0.1138361539174143,2,Bear
2011-03-11,0.0032609684267887,0.0069021704987167,-0.005664316206298,20.07999992370605,0.1535556298695988,0.1396309292504389,0.1136891783436502,2,Bear
2011-03-14,0.004619608225729,-0.00605618623271,-0.0004361543894755,21.1299991607666,0.1546961545820307,0.1316677877251726,0.1133583568545621,2,Bear
2011-03-15,-0.0188279926059346,-0.011523118981992,0.0148592884733414,24.31999969482422,0.1568800243706861,0.1323453506126681,0.1333073412627254,2,Bear
2011-03-16,-0.0002201664404463,-0.0186863444783017,0.0112413259475241,29.39999961853028,0.1667077020783265,0.1360811039663389,0.1328450337069839,2,Bear
2011-03-17,0.0053438559847313,0.0131481373057051,-0.0076943349162505,26.3700008392334,0.1754360671511166,0.1402610310236137,0.1316658161101988,2,Bear
2011-03-18,0.0101692887342829,0.0036304436838572,0.0026785246155672,24.440000534057617,0.1741081685036525,0.1390449060005788,0.1353949901328396,2,Bear
2011-03-21,0.0055493947156889,0.0153790688734708,-0.0059023413921768,20.61000061035156,0.1836234886399176,0.1418164164314806,0.134750940428791,2,Bear
2011-03-22,-0.0006470134817238,-0.003474354058855,0.0033305238758802,20.209999084472656,0.1832960491697072,0.1407566390022439,0.1348455265464805,2,Bear
2011-03-23,0.0092344211024195,0.0028575829320124,-0.001287514544302,19.170000076293945,0.1708302337828174,0.1332177871078375,0.1365165325011032,2,Bear
2011-03-24,-0.008012599220911,0.0095181507122007,-0.0075470520328752,18.0,0.1730000454158302,0.1363751952877626,0.1373604513012454,2,Bear
2011-03-25,0.000287225560337,0.0030510773406849,-0.0024929923462672,17.90999984741211,0.1732531214052145,0.1352781606039828,0.1341802914053977,2,Bear
2011-03-28,-0.0051836059361381,-0.0024403751598407,0.0014099783457606,19.440000534057617,0.1693399881712089,0.1338716629482634,0.1341645166932815,2,Bear
2011-03-29,-0.0023847279396549,0.0066962439696171,-0.0077220750526758,18.15999984741211,0.1695986838570996,0.1365285000420908,0.1343592872618489,2,Bear
2011-03-30,0.0033226803681451,0.0068773127952008,0.0079391641845709,17.709999084472656,0.1600455100137367,0.1390941244252594,0.1203019592109579,2,Bear
2011-03-31,0.0085449300783698,-0.0013565293186129,-0.0020604777183882,17.739999771118164,0.1601548916259801,0.1275804771899536,0.1242651192240684,2,Bear
2011-04-01,-0.0047302006629672,0.0042149992085142,0.0048490658611053,17.399999618530273,0.1494251548625463,0.1224679615325558,0.1161960904538823,1,Bull
2011-04-04,0.0045871597426004,0.0008255398133986,0.001084242592807,17.5,0.1468421206087679,0.1198082204981632,0.1129520933560011,1,Bull
2011-04-05,0.0156802440645123,-0.0001502716568402,-0.0040166019067654,17.25,0.1436974866951028,0.1182288510464782,0.1249432706260977,1,Bull
2011-04-06,0.0023204441860725,0.0031476200837672,-0.0151270082969361,16.899999618530273,0.1411353499696389,0.1287924652741503,0.1244312561810857,1,Bull
2011-04-07,0.0009125601693485,-0.0025471916974046,-0.0019899370910273,17.110000610351562,0.1413891667802934,0.1247937538718409,0.1244089094040591,1,Bull
2011-04-08,0.0080372879988532,-0.0034563663818708,-0.0053264147109147,17.8700008392334,0.1240930109393733,0.110475713081023,0.1173275307454978,1,Bull
2011-04-11,-0.0071254528622386,-0.0030150486941258,0.0008896436135956,16.59000015258789,0.1231681568009226,0.1092754838598246,0.1213612017800274,1,Bull
2011-04-12,-0.0072471647308646,-0.0075020462756671,0.0107245312670599,17.09000015258789,0.12427796995729,0.1161533549963717,0.1244394079329105,1,Bull
2011-04-13,0.0020457366081456,-7.626960589843067e-05,0.0062495523976937,16.920000076293945,0.1161236275869798,0.1055218490556638,0.1015807053130162,1,Bull
2011-04-14,0.0133704257684773,0.0007605423014016,-0.0007651774288807,16.270000457763672,0.0907948489873919,0.0964797386162816,0.1086252277426197,1,Bull
2011-04-15,0.008585564685085,0.0036421204908444,0.0134702807125328,15.31999969482422,0.0818789242113896,0.1056330582942664,0.1102349101281196,1,Bull
2011-04-18,0.006048472882944,-0.0112720971163626,0.0022636859908103,16.959999084472656,0.0930591081457616,0.1055064191111016,0.1076239423229784,1,Bull
2011-04-19,0.0,0.005728179769966,0.0042976491698559,15.829999923706056,0.0793001963897573,0.1043444069342604,0.1073808824684178,1,Bull
2011-04-20,0.0038984239674144,0.0135395189499796,-0.0064527605037244,15.06999969482422,0.0895933455357103,0.10635391471336,0.1069793688084744,1,Bull
2011-04-21,0.0016369222633994,0.0050956298972065,-0.0008643396624485,14.6899995803833,0.0903893761700757,0.1063033006016314,0.1041397509431845,1,Bull
2011-04-25,0.0008854577994363,-0.0010465699987853,0.0037730635272195,15.770000457763672,0.0858611642120869,0.1034472456706124,0.0975825593150044,1,Bull
2011-04-26,-0.003341794989776,0.008568269729933,0.0096363113484805,15.619999885559082,0.0895793533267465,0.1075047906242647,0.0994337777684681,1,Bull
2011-04-27,0.0190816537853374,0.0065076531703969,-0.0102811561543189,15.350000381469728,0.0902956449346061,0.1144307451435127,0.1110453881902805,1,Bull
2011-04-28,0.0041469550910052,0.003237648322926,0.0076137145622313,14.619999885559082,0.088652340025957,0.1128618755528495,0.1089471835336944,1,Bull
2011-04-29,0.0168771190289777,0.0023483587797192,0.0030934214863391,14.75,0.0865613869924674,0.1104570110564006,0.117886090679802,1,Bull
2011-05-02,-0.0129468184208681,-0.0015403991824453,0.0016029735668609,15.989999771118164,0.0866346642062169,0.1099044685260845,0.131308090528311,1,Bull
2011-05-03,-0.0035299165110023,-0.0036041796018776,0.0056449039860483,16.700000762939453,0.0875336271625253,0.1102734275971546,0.1304273045471514,1,Bull
2011-05-04,-0.0144487520908556,-0.0066525330700683,0.0044490451155366,17.079999923706055,0.0913774300717125,0.1108376368648855,0.1443877631232283,1,Bull
2011-05-05,-0.0292602917940569,-0.0090897793243559,0.0094695007444185,18.200000762939453,0.0973052431436023,0.1124054205317955,0.1740280110542351,1,Bull
2011-05-06,0.0126746289606685,0.0044065402209195,-0.0044069602412813,18.39999961853028,0.0978927842397455,0.0968630666019106,0.1790366769230641,1,Bull
2011-05-09,0.0142137268902323,0.0038673159990357,-0.0010529150020822,17.15999984741211,0.0981527890274689,0.096365470851838,0.184821621977455,1,Bull
2011-05-10,0.003522009979279,0.008499652669975,-0.0071862400619843,15.90999984741211,0.1007872718228974,0.0984785664665724,0.1834972200300665,1,Bull
2011-05-11,-0.0092379455330178,-0.0105800753141275,0.0057109662581841,16.950000762939453,0.1078099496718947,0.0989102243249915,0.1848724924939465,1,Bull
2011-05-12,0.0003411664040718,0.0047491288611183,-0.0063469484021601,16.030000686645508,0.1043544202085577,0.0991677151622235,0.1823111539459571,1,Bull
2011-05-13,-0.0065703572965729,-0.0077292836569806,0.0089791792918488,17.06999969482422,0.1088859467102993,0.101107745330152,0.1845030488879829,1,Bull
2011-05-16,-0.0017870091740066,-0.0063611828120318,0.0055595297089075,18.239999771118164,0.1117782750272328,0.1012776302543734,0.1793410840388062,1,Bull
2011-05-17,-0.0043431154594507,-0.0001503505934186,0.0101979283315272,17.549999237060547,0.1112427012242602,0.0972993436030461,0.1775928533412344,1,Bull
2011-05-18,0.0059241102924121,0.0088960412514942,-0.0133410853404077,16.229999542236328,0.1063994943683984,0.1111524742175376,0.1775391008558116,1,Bull
2011-05-19,0.0003432638177482,0.0023788354914688,-0.0004200337359725,15.520000457763672,0.1052962532923585,0.1108214830025245,0.1775457090471974,1,Bull
2011-05-20,0.0125539726156423,-0.0079766221174536,0.0005256377431134,17.43000030517578,0.099778170210992,0.1073242988441785,0.1824603322882955,1,Bull
2011-05-23,0.0023025631834914,-0.011668364744192,0.0048146102888246,18.270000457763672,0.106076989123693,0.1075235529063127,0.1825353885574932,1,Bull
2011-05-24,0.0051278333233063,-0.0008333461417328,0.0037501074321542,17.81999969482422,0.1060686600032926,0.1075183046495014,0.1832815538827727,1,Bull
2011-05-25,-6.726457516765322e-05,0.0033293010670619,-0.004690925862199,17.06999969482422,0.1018268745901017,0.1058196768579127,0.1827547245745334,1,Bull
2011-05-26,-0.0024258812883911,0.0045969461061432,0.00853312583615,16.09000015258789,0.1002895168935956,0.100181257978279,0.1702736680739116,1,Bull
2011-05-27,0.0099356062807943,0.0038270421825141,-0.0004151100599719,15.979999542236328,0.1006195891367626,0.098381090769263,0.1733376285467754,1,Bull
2011-05-31,-0.0004008656386129,0.0103575211074885,0.0022776196610784,15.449999809265137,0.1074867436024277,0.098269912684611,0.1620594891396064,1,Bull
2011-06-01,0.0018027330517969,-0.0227173992465548,0.0134245657836577,18.299999237060547,0.1321757856985498,0.1064616510745417,0.1561463342197213,2,Bear
2011-06-02,-0.0027387456222016,-0.0010621142085542,-0.0192322305526212,18.09000015258789,0.1319700807300882,0.1287607213916034,0.1559550341863707,2,Bear
2011-06-03,0.004804501553227,-0.0099945419449496,0.0057251946053153,17.950000762939453,0.1341284285700175,0.1292687019865509,0.1477112167958102,2,Bear
2011-06-06,0.0017292622165884,-0.0106376723030268,-0.0076075010811646,18.489999771118164,0.1353217700093295,0.1287752224476649,0.0993520028650319,2,Bear
2011-06-07,-0.0003987873752467,-0.0006200408462301,0.0045929164313012,18.06999969482422,0.1335929564375399,0.128466817286858,0.0921657285728219,2,Bear
2011-06-08,-0.0040635609927037,-0.0041960014030618,0.0077778781033231,18.790000915527344,0.1321214396083752,0.1306100519163816,0.0819518971750716,2,Bear
2011-06-09,0.0049938513889593,0.0076021323498515,-0.0040369388380809,17.770000457763672,0.1312323089071406,0.1285385790563583,0.0827276153134621,2,Bear
2011-06-10,-0.0088058744610236,-0.0140079480779656,0.0076473153597365,18.86000061035156,0.1344476090690263,0.129560536420136,0.0820747943823581,2,Bear
2011-06-13,-0.0098987453320882,0.0007833842450078,-0.0050581728552817,19.61000061035156,0.1324453587573196,0.1286735066323413,0.0901712252156964,2,Bear
2011-06-14,0.0060720324805705,0.0126064025969666,-0.0152204376701134,18.26000022888184,0.1411182181085769,0.1376619203896163,0.0885095438279504,2,Bear
2011-06-15,0.0030222458840737,-0.0179454476670196,0.018010882440335,21.31999969482422,0.1512724211803616,0.1499463085716214,0.0881798321010836,2,Bear
2011-06-16,-0.0010063666073081,0.0022015845479819,0.0045300880006305,22.729999542236328,0.1519035304833,0.1467316710688276,0.0862676825888395,2,Bear
2011-06-17,0.0064902787716807,0.0029797877653896,-0.0047361103233832,21.850000381469727,0.1478118813893593,0.1393058706811872,0.0866655107964967,2,Bear
2011-06-20,0.0006000356050579,0.0051032246311474,0.0012371640465225,19.989999771118164,0.1492228508686525,0.1392170411581713,0.0866306688474977,2,Bear
2011-06-21,0.0048538659999233,0.0136108189706137,-0.0044417479267408,18.86000061035156,0.1573875703694046,0.1405059720632542,0.0778083545713271,2,Bear
2011-06-22,0.0015245138749051,-0.0060435223800458,0.0006201614327494,18.520000457763672,0.1538723044021037,0.1397466223337663,0.077696411271475,2,Bear
2011-06-23,-0.0177067342162135,-0.0028798155230203,0.0076281497685357,19.290000915527344,0.1540071456847163,0.1414815525309465,0.0996121824079546,2,Bear
2011-06-24,-0.0141210893358671,-0.0116813607686019,-0.004218582798027,21.100000381469727,0.1573100764755747,0.1412603304603511,0.110851841129787,2,Bear
2011-06-27,-0.00363025705732,0.0088717574625546,-0.013809078479843,20.559999465942383,0.1601764250462227,0.1469592638039075,0.111159426611366,2,Bear
2011-06-28,0.0034935800405475,0.012968434344187,-0.0080829287735536,19.170000076293945,0.1670691918394167,0.1494455685408396,0.1054063936069344,2,Bear
2011-06-29,0.0064071324662657,0.0085273770858279,-0.0066625047091397,17.270000457763672,0.1655909891615299,0.1504685913623964,0.1085769756490437,2,Bear
2011-06-30,-0.008049656026433,0.0095169826766078,-0.0015924335627119,16.520000457763672,0.149872618590712,0.1409674500703694,0.110951494831819,2,Bear
2011-07-01,-0.007355805010163,0.0146680292657941,-0.0015999513633349,15.869999885559082,0.1578048489013396,0.1258508455071243,0.1128639330627675,2,Bear
2011-07-05,0.0184583599224856,-0.0008215619760667,0.0022394611131488,16.059999465942383,0.1528588636834683,0.1240992344046355,0.1309090960801889,2,Bear
2011-07-06,0.0086329445742243,0.0011945946960569,0.0051023232137373,16.34000015258789,0.1464220642889016,0.1234908071899908,0.1347369520718223,2,Bear
2011-07-07,0.0016103488438778,0.0103221367627298,-0.0029735933171314,15.949999809265137,0.1488219622652125,0.1223510863087044,0.1349354711197705,2,Bear
2011-07-08,0.0073481033765557,-0.0071171917111177,0.0140449960034174,15.949999809265137,0.1508190450544211,0.1296230524870276,0.1368131212233017,2,Bear
2011-07-11,0.0088789103986217,-0.0182460070373967,0.0148820993080182,18.38999938964844,0.1654606471899806,0.1393944804304809,0.1391912247477013,2,Bear
2011-07-12,0.0077540665303148,-0.0043284819650751,0.0034035148829485,19.8700008392334,0.1574763566557226,0.1373591663934264,0.1373124520436655,2,Bear
2011-07-13,0.0089277260458714,0.0033430562175366,0.0027758672408149,19.90999984741211,0.1575519860888811,0.1362878556085346,0.1337294431204667,2,Bear
2011-07-14,0.0025916426711083,-0.0069263641674989,-0.0143739014915124,20.799999237060547,0.1551113731325545,0.1350813535156562,0.1329384569740379,2,Bear
2011-07-15,0.0042616690244966,0.0057878487005597,0.0016643169091149,19.530000686645508,0.1399741296370227,0.1194541074609009,0.1331460412727522,2,Bear
2011-07-18,0.0087886530168965,-0.008234799470364,-0.0097163288616144,20.950000762939453,0.144342915815662,0.1224903249210092,0.1347629103708676,2,Bear
2011-07-19,-0.0122740582432856,0.016101108522836,0.0205759155033944,19.209999084472656,0.1529841311387167,0.1422551046326648,0.1429603515001237,2,Bear
2011-07-20,0.008755048684885,-0.0006030350857045,-0.0118990033618067,19.09000015258789,0.1528415308948102,0.1483352356673503,0.1451058812391784,2,Bear
2011-07-21,-0.0076564788892538,0.0137760485660313,-0.0077324971317373,17.559999465942383,0.1530032460184581,0.1499207342221453,0.1482946689694781,2,Bear
2011-07-22,0.0082971583814199,0.000668779275964,0.0075240407629669,17.520000457763672,0.1504019211072018,0.1524357025707409,0.1502844851589709,2,Bear
2011-07-25,0.0077841345895714,-0.0055885037496969,-0.0109925975405141,19.350000381469727,0.1518266233459426,0.1541264426031484,0.1341139351294496,2,Bear
2011-07-26,0.0027292577237113,-0.0037427489074826,0.0068203345473692,20.229999542236328,0.1451505785123082,0.1559735394821719,0.1191910727032748,2,Bear
2011-07-27,-0.0036830230779663,-0.0206881934303025,0.0001035265094207,22.979999542236328,0.1634747203602033,0.1482656514361538,0.1192315771005445,2,Bear
2011-07-28,0.0008267138480823,-0.0029138137279511,0.0037560902840288,23.739999771118164,0.1579643108307671,0.1456134922050114,0.1196201745096546,2,Bear
2011-07-29,0.006146757162875,-0.0068582230686658,0.0195947051326944,25.25,0.1567603296918824,0.1567943781226901,0.119543208528172,2,Bear
2011-08-01,-0.0036074345335545,-0.0042617629495551,0.0100422605510605,23.65999984741211,0.1528749785636064,0.1586224379239801,0.1150579958331258,2,Bear
2011-08-02,0.0238076837070609,-0.0258793601008377,0.0295842040464156,24.790000915527344,0.1640778840868873,0.183250749156242,0.1273895735526802,2,Bear
2011-08-03,-0.0001857451996914,0.0054039990927414,0.0019675336873894,23.3799991607666,0.1665637120457435,0.1832864630603426,0.1189611467275609,2,Bear
2011-08-04,-0.0052774225526159,-0.0479735755220523,0.0349631782293272,31.65999984741211,0.2276063699849485,0.2124098755397532,0.1222514285033223,0,Crisis
2011-08-05,0.0068861006771447,-0.0014984382737813,-0.029278844712328,32.0,0.2210775043409325,0.2428821600464466,0.1225294908982506,0,Crisis
2011-08-08,0.0326601546498963,-0.067340397515097,0.0310804625874008,48.0,0.307477292871547,0.2582840555781142,0.1578784698308777,0,Crisis
2011-08-09,0.0088762713788843,0.0454504982588023,0.0030261992577018,35.060001373291016,0.3573517506639486,0.2558149923779531,0.157877667291478,0,Crisis
2011-08-10,0.0347947403857546,-0.0451831972809444,0.0293200042808689,42.9900016784668,0.3827321664914742,0.2698801147504416,0.1884959090776523,0,Crisis
2011-08-11,-0.0221826013446458,0.0439055969801371,-0.0517667035585118,39.0,0.4210638463966434,0.3354021070186773,0.2124329717625843,0,Crisis
2011-08-12,-0.0045785403797653,0.0067105918295929,0.0196101097238753,36.36000061035156,0.4231479250455247,0.3338009424038155,0.2148417431946191,0,Crisis
2011-08-15,0.0107090692424539,0.0209442712446863,-0.0101880897601629,31.8700008392334,0.4311542981896402,0.3376523051537685,0.2158979001204438,0,Crisis
2011-08-16,0.0122643855311679,-0.0085762284408774,0.0164198353190289,32.849998474121094,0.431196364735631,0.3362992186003126,0.2170318561363106,0,Crisis
2011-08-17,0.0028707604561206,0.000668702670559,0.0173576932189042,31.57999992370605,0.4253165542592443,0.3346450896075421,0.2079925560363644,0,Crisis
2011-08-18,0.0187431116355185,-0.0440756961719356,0.0203302861974858,42.66999816894531,0.4459034030763095,0.3325060548944198,0.2126512573667804,0,Crisis
2011-08-19,0.0124697326297236,-0.0164651674494796,0.0080349225886705,43.04999923706055,0.4404195287710912,0.328318587455495,0.207492140945789,0,Crisis
2011-08-22,0.0254581120152361,0.0007983698907556,-0.0025207048079224,42.43999862670898,0.440453536095599,0.330144622885342,0.2169767715530276,0,Crisis
2011-08-23,-0.0382092428394707,0.0323809463512502,-0.0138891143300703,36.27000045776367,0.4626276785288389,0.3322805869366493,0.2696050483576177,0,Crisis
2011-08-24,-0.0344704023960957,0.0139856995213973,-0.0288426446329866,35.900001525878906,0.4680652447410723,0.3545721215388961,0.3035765441811763,0,Crisis
2011-08-25,0.0041278319429928,-0.0153610297978175,0.0107617926133304,39.7599983215332,0.4662883441248899,0.3545730559303263,0.3022839117098523,0,Crisis
2011-08-26,0.0292162711360556,0.0144290387148102,0.009819623979399,35.59000015258789,0.4713572561550307,0.3547797466757162,0.3138470562614187,0,Crisis
2011-08-29,-0.0203786755408457,0.0283313122458161,-0.0139225666998406,32.279998779296875,0.4848994426952626,0.3575527002524485,0.3266046769475018,0,Crisis
2011-08-30,0.0295214312614888,0.0026331292853851,0.0159484111857771,32.88999938964844,0.4852666520503412,0.3593129102459626,0.3362923053919172,0,Crisis
2011-08-31,-0.0077350582090846,0.0044284886279104,-0.0155748661246913,31.6200008392334,0.4783340807532721,0.3538523737771841,0.3330456989038479,0,Crisis
2011-09-01,0.0008436339994106,-0.010528467963147,0.0209758890813233,31.81999969482422,0.4787223825873441,0.3595673596914198,0.33288026179421,0,Crisis
2011-09-02,0.0297438800607096,-0.0258823165809361,0.0319696457099756,33.91999816894531,0.4576536056066985,0.3563932384277614,0.3417741550559426,0,Crisis
2011-09-06,-0.0018572769704758,-0.0073238436952849,0.0103460099887001,37.0,0.4581839155894688,0.336683970867752,0.3429151148175429,0,Crisis
2011-09-07,-0.0323379038218312,0.0278172472746593,-0.0192730477647436,33.380001068115234,0.4001108282391047,0.3329973854136492,0.352671174706738,0,Crisis
2011-09-08,0.0263605540986342,-0.010446159083707,0.0089270377760434,34.31999969482422,0.3717454416579004,0.3336836887980665,0.361582204880221,0,Crisis
2011-09-09,-0.0061239915931924,-0.0265594279911495,0.0106092297553388,38.52000045776367,0.3476444629765953,0.3211770159602697,0.3444650572852865,0,Crisis
2011-09-12,-0.0225546054493261,0.0064493368670842,0.0010543969223932,38.59000015258789,0.3125379064444985,0.2546929809683617,0.3447914849957913,0,Crisis
2011-09-13,0.0105290528866166,0.0091294564405294,-0.0143338185453345,36.90999984741211,0.3133298181362935,0.2567303860491125,0.3453390253254699,0,Crisis
2011-09-14,-0.0074771202731849,0.0137491809687353,0.0084306908265986,34.599998474121094,0.3081743784983549,0.2527055041454233,0.3455336753457905,0,Crisis
2011-09-15,-0.0159840313960997,0.0171100854658508,-0.0154058604311624,31.96999931335449,0.3125038238052813,0.2569073729113501,0.3482666560348632,0,Crisis
2011-09-16,0.0093029516455937,0.0059010583483772,0.0072424487356953,30.979999542236328,0.3130167276510178,0.2518359185636089,0.3496143485794977,0,Crisis
2011-09-19,-0.0155725437488983,-0.0100071284522136,0.0188871004547495,32.72999954223633,0.2706088076755089,0.250554205197229,0.3471759409069814,0,Crisis
2011-09-20,0.0141513218176539,-0.0011644076912602,0.0041880110991454,32.86000061035156,0.2620837826620512,0.2497143090493447,0.34805773887649,0,Crisis
2011-09-21,-0.012537030407863,-0.0299007228388427,0.032548767291537,37.31999969482422,0.2862751189351862,0.2709212488749325,0.3361892260610851,0,Crisis
2011-09-22,-0.0265016285778498,-0.0328583638930422,0.0368968694805183,41.34999847412109,0.2878520657921266,0.2868432369926188,0.3228904801308644,0,Crisis
2011-09-23,-0.0562714947767603,0.0060073676000257,-0.0187750635241247,41.25,0.2838330555257832,0.2733367508942046,0.3572089493738818,0,Crisis
2011-09-26,-0.0139897749921482,0.0235015634049359,-0.0161859260231331,39.02000045776367,0.2919399489363045,0.2834881668043481,0.3579068988137261,0,Crisis
2011-09-27,0.0191703365301768,0.0111214780138426,-0.0154270259798871,37.709999084472656,0.2901321457694844,0.2914257105651724,0.3476079860113416,0,Crisis
2011-09-28,-0.0278383359714093,-0.0206299567658396,-0.0003414538650116,41.08000183105469,0.2794207064145999,0.2847592674075814,0.3527569535806493,0,Crisis
2011-09-29,0.0094291966211744,0.0078723976380856,0.0068978590845729,38.84000015258789,0.2811606663831634,0.2818514467495803,0.3342914611906036,0,Crisis
2011-09-30,0.0022802177134303,-0.0253067487804624,0.0248084607761351,42.959999084472656,0.2912677134725085,0.2812580078202272,0.3354572533057355,0,Crisis
2011-10-03,0.0181812362920186,-0.0288701702406254,0.0271478042621414,45.45000076293945,0.3035731926737889,0.2861938609202475,0.3448859933536838,0,Crisis
2011-10-04,-0.0208419801677785,0.0216859060806174,-0.0127609587580881,40.81999969482422,0.3056759867837274,0.2772537953923304,0.3250738859216237,0,Crisis
2011-10-05,0.0114792007231221,0.0183457916940076,-0.0072257750788115,37.810001373291016,0.3129270622245188,0.27891942954251,0.3310460272259719,0,Crisis
2011-10-06,0.0064385203823994,0.017929565291145,-0.0186298288147633,36.27000045776367,0.3032540207151372,0.2782736006957307,0.3200265044988863,0,Crisis
2011-10-07,-0.0081960781949954,-0.0067182141812235,-0.0074153556678389,36.20000076293945,0.3021074847229834,0.2798375586696199,0.2995199607097896,0,Crisis
2011-10-10,0.0253697069406209,0.0328983147015329,-0.0142241207705863,33.02000045776367,0.3091162291096211,0.2839472105298828,0.3190263484052077,0,Crisis
2011-10-11,-0.0071918319117339,0.0010029161037921,-0.0033508598473942,32.86000061035156,0.3086430408388553,0.2844056381915375,0.3126469327133762,0,Crisis
2011-10-12,0.0071305219820763,0.0087337107594736,-0.0146534857422801,31.26000022888184,0.3085222622958417,0.2846261987959524,0.3108600182071867,0,Crisis
2011-10-13,-0.0058974950527501,-0.0019895344403744,0.0099078059981502,30.700000762939453,0.3054170083742614,0.2851524531937977,0.3107021844307737,0,Crisis
2011-10-14,0.0067546517489492,0.0169494607111105,-0.0146360147153703,28.239999771118164,0.3053087421316277,0.2846012420619025,0.3098055998383114,0,Crisis
2011-10-17,-0.0047849843188978,-0.0192752701585277,0.0171403856660614,33.38999938964844,0.312272169359677,0.2892822581531747,0.3065241458315528,0,Crisis
2011-10-18,-0.0048079905222593,0.019357294275755,-0.0062300995692921,31.559999465942383,0.3175406813351215,0.2834587522889297,0.3035569197220247,0,Crisis
2011-10-19,-0.0122472157971213,-0.0118996829299074,-0.0003472078178624,34.439998626708984,0.3205789220581759,0.2831425903420397,0.2982049630616288,0,Crisis
2011-10-20,-0.0132226510847313,0.0043659944231312,-0.0071458536812732,34.779998779296875,0.301188036585843,0.2583874395139943,0.2984466377118152,0,Crisis
2011-10-21,0.0110310296470836,0.018809248923965,-0.0106391344020255,31.31999969482422,0.2781158787006553,0.218426797362655,0.291912316310579,0,Crisis
2011-10-24,0.0093592744088043,0.0121866569664633,0.0016785701100787,29.26000022888184,0.2793669315029973,0.2122921655971544,0.2200097649577352,0,Crisis
2011-10-25,0.0279862241333074,-0.0196355606389754,0.0250966380993978,32.220001220703125,0.2828572633879474,0.2274502479321597,0.2331666641212534,0,Crisis
2011-10-26,0.0108712900558373,0.0101072330864004,-0.0176237033527249,29.86000061035156,0.2824988774356891,0.2293291535189711,0.2273274112916589,0,Crisis
2011-10-27,0.0127617649761014,0.0342418221470755,-0.0344849876865145,25.459999084472656,0.2893579562339183,0.2568097557042982,0.2023977578905733,0,Crisis
2011-10-28,0.0004127255759713,-0.0002329835780109,0.0104617652717947,24.530000686645508,0.2898034112345706,0.2587771479544759,0.201702524600215,0,Crisis
2011-10-31,-0.0135329631635717,-0.0244011808770037,0.0388888635633208,29.959999084472656,0.2886291101338905,0.2811494934581194,0.2101395591529499,0,Crisis
2011-11-01,0.0002390567935377,-0.028284732830193,0.0329269482557899,34.77000045776367,0.2877710518840293,0.2892581105952861,0.2025575570608858,0,Crisis
2011-11-02,0.0099869612829713,0.0161799808300233,-0.0125525272290306,32.7400016784668,0.2843507755027664,0.289157517247739,0.1865364387147348,0,Crisis
2011-11-03,0.0156115834053256,0.0180632718574662,-0.0138289446107149,30.5,0.2841815620988668,0.2916774161464968,0.1893392176399508,0,Crisis
2011-11-04,-0.005079236179332,-0.0061176577543899,0.0012030966085321,30.15999984741211,0.2822630131706191,0.2853572729125236,0.191301471573605,0,Crisis
2011-11-07,0.0238856429755539,0.0061967445787654,0.0063325591997074,29.850000381469727,0.2798845091440905,0.2854030835637787,0.1997815745462125,0,Crisis
2011-11-08,-0.0083211691933893,0.0127489928409688,-0.0128781032877083,27.479999542236328,0.2619399104183736,0.2846120258165639,0.1892630144265942,0,Crisis
2011-11-09,-0.0084490747374664,-0.0376079936501619,0.0205266432154183,36.15999984741211,0.2977172729708292,0.2931979237385042,0.1901558817915239,0,Crisis
2011-11-10,-0.0054194819068881,0.0093745435288269,-0.0150116075924831,32.810001373291016,0.2979255442785611,0.2934399957501239,0.1915544093196954,0,Crisis
2011-11-11,0.0163434949002315,0.0186476372968693,-0.0061203533798783,30.040000915527344,0.303503073884339,0.2924881266685783,0.1951040017185255,0,Crisis
2011-11-14,-0.0043784478152669,-0.0095191663878476,0.0159551469480035,31.1299991607666,0.3013248387070963,0.2922243404176897,0.1964300387843121,0,Crisis
2011-11-15,0.000923382240335,0.0049291202701183,-0.0013630655957935,31.21999931335449,0.2922208406494408,0.2867956152275752,0.1946496217310373,0,Crisis
2011-11-16,-0.0107288188330755,-0.0159899383799689,0.0090767681493707,33.5099983215332,0.2918198515100305,0.287032231481434,0.1986980612827412,0,Crisis
2011-11-17,-0.0260490697882722,-0.0160041903704082,0.0079911563223024,34.5099983215332,0.2943666437502173,0.287831872655842,0.2167663242995829,0,Crisis
2011-11-18,0.0031070114130365,-0.0010652907898216,-0.0002521259016669,32.0,0.2940419323381695,0.2861077955599163,0.2094745114485788,0,Crisis
2011-11-21,-0.0248864932032016,-0.0192024212902527,0.0059314840141781,32.90999984741211,0.2930901606297125,0.2825023342602787,0.2280048650136191,0,Crisis
2011-11-22,0.0110094939589583,-0.0039353625407048,0.0111001660804399,31.96999931335449,0.2887649014246681,0.2838500493895998,0.2288215607020543,0,Crisis
2011-11-23,-0.0029078334442552,-0.0223133354366295,0.0097560430041154,33.97999954223633,0.290913579580691,0.2738738035819903,0.2073626955928587,0,Crisis
2011-11-25,-0.008713505779326,-0.0018889495582675,-0.0146276553906205,34.470001220703125,0.2872666742055678,0.2712609777852124,0.2052524388027496,0,Crisis
2011-11-28,0.0195746697811684,0.0285552827848489,-0.0004969307446288,32.130001068115234,0.2784810460135228,0.2355860474949669,0.2123070460784002,0,Crisis
2011-11-29,0.0014992056580314,0.0028362230784847,-0.0082333586966755,30.63999938964844,0.2791261460114082,0.2384386091790326,0.2124203297959279,0,Crisis
2011-11-30,0.01928785888264,0.0403253790097935,-0.0157388954913734,27.799999237060547,0.3061510167253829,0.2097624933800029,0.2179389218224944,0,Crisis
2011-12-01,-0.0029432561018175,-0.0001603393803695,-0.0050296415169911,27.40999984741211,0.2886369232706471,0.1751885906803783,0.2183182822698413,2,Bear
2011-12-02,0.001119472407815,-0.0008803133524293,0.0139188562706821,27.520000457763672,0.2834435413890664,0.1769360676071036,0.2156776653764732,2,Bear
2011-12-05,-0.0148309053528062,0.0108332689330205,-0.0020250733669611,27.84000015258789,0.2788137800024312,0.1695538711140063,0.2140682520566448,2,Bear
2011-12-06,0.0051266005071551,0.0003168533939308,-0.0095899465191348,28.1299991607666,0.2779277221956622,0.17343124699584,0.214678149897697,2,Bear
2011-12-07,0.0072279553328834,0.0037157209368323,0.0035751575330042,28.670000076293945,0.2773962905832388,0.1725112280840381,0.1976740513347213,2,Bear
2011-12-08,-0.020395472758271,-0.0221805758311842,0.0124135350675751,30.59000015258789,0.2837663855862689,0.1703880136230812,0.2070913343173941,2,Bear
2011-12-09,0.0025272182778424,0.0168002143080071,-0.0207750531233849,26.3799991607666,0.2579157244852817,0.1723709864282618,0.2063527220628362,2,Bear
2011-12-12,-0.0268598528647667,-0.0147047345978226,0.011076839235949,25.670000076293945,0.2616486427008397,0.1682522124438369,0.2239727007738875,2,Bear
2011-12-13,-0.022095571965698,-0.0093831222759654,0.0092787717126972,25.40999984741211,0.2543358029839005,0.1687413807763272,0.2225502252861171,2,Bear
2011-12-14,-0.035720362296435,-0.0107031601473431,0.0187135237711786,26.040000915527344,0.2548459526121714,0.1719543159471308,0.2475121622815843,2,Bear
2011-12-15,-0.0036694724115009,0.0036077863426357,-0.0037153758555812,25.11000061035156,0.2544711312386924,0.1726656856505023,0.2464165161697905,2,Bear
2011-12-16,0.0188586283460033,0.0014810780748882,0.0115942386460178,24.290000915527344,0.2490727963755898,0.1742630210106629,0.2604192688652438,2,Bear
2011-12-19,-0.0023218367153054,-0.0107489255129182,0.0125929650547906,24.920000076293945,0.2456362492162604,0.1770759296769584,0.2486729510972867,2,Bear
2011-12-20,0.0135323576824499,0.0298113195847928,-0.0252624350051697,23.21999931335449,0.2669659366632587,0.2005130678767213,0.254773689922209,2,Bear
2011-12-21,0.0011460365099759,0.0019349664536223,-0.0140070548600526,21.43000030517578,0.25659547401852,0.2057708923123389,0.242414116095487,2,Bear
2011-12-22,-0.007152076380172,0.0088197378066503,0.0041894394119951,21.15999984741211,0.2566428656428399,0.2023269743100157,0.2383737944935822,2,Bear
2011-12-23,0.0017288576765001,0.0089010460169701,-0.0111824508294974,20.729999542236328,0.2406356083555751,0.201836838160661,0.2388752582423766,2,Bear
2011-12-27,-0.0089968725298674,0.0007907765871845,0.0047387505508153,21.90999984741211,0.239965447886885,0.1971664474226008,0.2389697203165305,2,Bear
2011-12-28,-0.0253658422627807,-0.0132103730158476,0.0183202312293267,23.520000457763672,0.2301536195714712,0.2078540659601772,0.2372689027350703,2,Bear
2011-12-29,-0.0045791131052559,0.0102807961471059,0.001821551040123,22.64999961853028,0.2318128855490574,0.2056010021926131,0.2362059819880911,2,Bear
2011-12-30,0.0109153939595107,-0.0049279525250619,0.0032213415406318,23.39999961853028,0.1880080933334534,0.1967903891581937,0.22697205944233,2,Bear
2012-01-03,0.0255282781057687,0.0158106057205771,-0.0151240581471768,22.96999931335449,0.1953053021843082,0.2040561594660426,0.2509666388370337,2,Bear
2012-01-04,0.0050539629219921,0.0015674060801346,-0.0119610664191479,22.21999931335449,0.195152033261536,0.2033149271098934,0.2523468122071379,2,Bear
2012-01-05,0.0068046435524566,0.0026590950437561,-0.0017810715034969,21.479999542236328,0.19219055556399,0.203287576731804,0.2515868183831546,2,Bear
2012-01-06,-0.0036827893483132,-0.0025808620539076,0.0078639578623902,20.6299991607666,0.192578812192055,0.201996237741675,0.2499369936818519,2,Bear
2012-01-09,-0.0044628506016804,0.0024247167867752,-0.0017704516652594,21.06999969482422,0.1923881460159608,0.2019004610174734,0.2470465657794318,2,Bear
2012-01-10,0.0135814703839325,0.0086330772112456,-0.001688972550178,20.690000534057617,0.174858258665448,0.1972617510046971,0.2462755577674952,2,Bear
2012-01-11,0.0064716935197255,0.0005416683403166,0.0129321906393929,21.049999237060547,0.1666922655391494,0.1872312069822529,0.2475957467118671,2,Bear
2012-01-12,0.0044368559402869,0.002396711720314,-0.0014197627815022,20.46999931335449,0.1559565628633896,0.184089355997512,0.2311368106075924,2,Bear
2012-01-13,-0.0070079774866545,-0.0051866732885726,0.0098929923552739,20.90999984741211,0.1526409200553251,0.1844566267479615,0.2189424505586105,2,Bear
2012-01-17,0.0077558902325723,0.0038731003942173,0.0046224620098012,22.200000762939453,0.1449223910822884,0.1733946459411931,0.1766824964159046,2,Bear
2012-01-18,0.0068302412862036,0.0109952986792122,-0.0121782442716122,20.88999938964844,0.1474318959276107,0.1782045982476088,0.1759451197306315,2,Bear
2012-01-19,-0.0023542844291586,0.0052625533367263,-0.0138496379513537,19.8700008392334,0.1473495517324025,0.1787498344746815,0.1666707805615845,2,Bear
2012-01-20,0.0052584864346114,0.0037206407128908,-0.0113894313101664,18.280000686645508,0.1376579473181069,0.1742943437999185,0.1663753287720457,2,Bear
2012-01-23,0.0067029510325276,-0.0025800492890433,-0.0063459236644641,18.670000076293945,0.103934526916337,0.1544541459574883,0.1621231626773981,1,Bull
2012-01-24,-0.0070733090782552,-0.0011405914238475,0.0018047577623594,18.90999984741211,0.1048228651460539,0.1481247052869079,0.1650396430002021,1,Bull
2012-01-25,0.0268566746536727,0.0083329029752194,-0.0024072629814401,18.309999465942383,0.1044787234482594,0.1470171367191804,0.1837045748235087,1,Bull
2012-01-26,0.0050945963965476,-0.0051430098447686,0.0131692851602836,18.56999969482422,0.105288757502133,0.1504131934706618,0.1837656965006516,1,Bull
2012-01-27,0.0101118927307167,-0.0004547155983135,0.0031382268913797,18.530000686645508,0.1055607293676717,0.1498692914125816,0.1796253059093453,1,Bull
2012-01-30,-0.0055786639718783,-0.0034196950973544,0.0117030234894676,19.39999961853028,0.0924613491844489,0.1410901953469912,0.1491725082930433,1,Bull
2012-01-31,0.007588812095342,-0.0003808464628897,0.01148461760055,19.440000534057617,0.0883419301491198,0.1469133031975718,0.1451467555673265,1,Bull
2012-02-01,0.0014754923655564,0.0087193577452702,-0.0115206953267483,18.549999237060547,0.0876517283807921,0.1516352711157899,0.144521354448992,1,Bull
2012-02-02,0.0087490971789772,0.0015835036441207,-0.0004197714693952,17.979999542236328,0.0732534434847768,0.142285798815926,0.1251929124661242,1,Bull
2012-02-03,-0.0201371098489097,0.0139216498003067,-0.0217233521684967,17.100000381469727,0.0842329055672738,0.1559807600717383,0.1512601632677435,1,Bull
2012-02-06,-0.0027477869553913,-0.000668841640632,0.0099017567888252,17.760000228881836,0.0849320634591143,0.159943907033148,0.1520179346722422,1,Bull
2012-02-07,0.0149611217962961,0.0025251825777509,-0.0124786836760884,17.649999618530273,0.0830356217625731,0.1629740098826233,0.1557421950864015,1,Bull
2012-02-08,-0.0070964044645123,0.0029636339720865,0.0007737852625123,18.15999984741211,0.0830447813197167,0.1630377455090486,0.1577239373886277,1,Bull
2012-02-09,-0.0028527044274277,0.001256260104877,-0.0075045703988807,18.6299991607666,0.0801685130160201,0.1646907244413298,0.1547583994593749,1,Bull
2012-02-10,-0.005251264443437,-0.007415386543993,0.0129041740629485,20.790000915527344,0.0867643822254641,0.1646608040427319,0.1565105593921339,1,Bull
2012-02-13,0.0022112372609914,0.0074153865439929,0.0012814119726209,19.040000915527344,0.0888682916520111,0.1648480922992042,0.1562954425532314,1,Bull
2012-02-14,-0.0023309301516369,-0.0012562601048769,0.0052785509234818,19.540000915527344,0.085795433830637,0.1617838803128397,0.1536901632077922,1,Bull
2012-02-15,0.0059064426447289,-0.0046713232854403,-0.0017848085599275,21.13999938964844,0.0888609929032523,0.1604295922426335,0.1529939689457729,1,Bull
2012-02-16,-0.0006545512723762,0.0110120661991588,-0.0080285660214546,19.21999931335449,0.0888826715517023,0.1575467836427632,0.1523390882921401,1,Bull
2012-02-17,-0.0038765152743636,0.002642877385286,-0.0002573735378749,17.780000686645508,0.0880880333026963,0.1507263390589209,0.1529583691292629,1,Bull
2012-02-21,0.0216930695811433,0.0004396338130828,-0.0111268696915858,18.190000534057617,0.0879009898460744,0.1504918976615686,0.1675686744026351,1,Bull
2012-02-22,0.0111641939393163,-0.003229390710993,0.0124994082284291,18.190000534057617,0.0883182159632846,0.1554697008461034,0.1696581835680831,1,Bull
2012-02-23,0.0004624917963242,0.0044009707818411,0.0,16.799999237060547,0.0882591204440599,0.1553779768424834,0.1661195368887112,1,Bull
2012-02-24,-0.0045764514047417,0.0021934222622843,0.0064879034871643,17.309999465942383,0.0850702975678641,0.1565250181247893,0.1437312485536941,1,Bull
2012-02-27,-0.0030820179112864,0.0016785143963866,0.0088122523841747,18.190000534057617,0.0815215001033205,0.1528200566453997,0.1440413763259883,1,Bull
2012-02-28,0.0103712423712981,0.0029116442832523,-0.0032953339036248,17.959999084472656,0.0811454815872612,0.1530182964572801,0.1442451993265336,1,Bull
2012-02-29,-0.0544868744486559,-0.0039330690694578,-0.0061121120722207,18.43000030517578,0.081598100137364,0.1484352698658093,0.2406985795006227,2,Bear
2012-03-01,0.0140226375520391,0.0051681971410624,-0.009459143293864,17.260000228881836,0.0818174739303027,0.1444391484324604,0.2446154405553959,2,Bear
2012-03-02,-0.0016218911795983,-0.0030541973659293,0.0093473668796379,17.290000915527344,0.0802735698695321,0.1446572637973816,0.244493190700374,2,Bear
2012-03-05,-0.0041567725246832,-0.004086207196573,-0.0079697813200087,18.049999237060547,0.0827495811866616,0.1468148200637461,0.2421430873234357,2,Bear
2012-03-06,-0.0179690964320213,-0.014733517883803,0.0120590172604161,20.8700008392334,0.0876750937280269,0.1329150134500079,0.2401519629969538,2,Bear
2012-03-07,0.0056998158133444,0.0069516023918658,-0.0061394675561026,19.06999969482422,0.0907803566981374,0.1302675781778332,0.2413453359668329,2,Bear
2012-03-08,0.0100331867042869,0.0098999412615723,-0.0100579154273857,17.950000762939453,0.0963419279601051,0.1276417335795536,0.2378111247941819,2,Bear
2012-03-09,0.0066333602174327,0.0038601611555969,0.0019845255556702,17.110000610351562,0.0966465616510909,0.1278160462347999,0.2383185601155754,2,Bear
2012-03-12,-0.0079046874732642,7.276273116053001e-05,-0.0001723562939972,15.640000343322754,0.0966679022192176,0.1249198116928085,0.2395588154254924,2,Bear
2012-03-13,-0.0169231774060935,0.0178655885559388,-0.0177500168746485,14.800000190734863,0.108611680621694,0.1309303728715894,0.2456006838602797,2,Bear
2012-03-14,-0.0169637500016782,-0.0010718808720363,-0.0255180162231233,15.3100004196167,0.1072290452368272,0.1552774458774989,0.2509725309377958,2,Bear
2012-03-15,0.0094184040285579,0.00577270354576,0.0015294295506793,15.420000076293944,0.1076548043291492,0.1534623459250066,0.2542406051324254,2,Bear
2012-03-16,0.0013648567003107,0.0013839769807793,0.0019767646891506,14.470000267028809,0.1050020520496705,0.154270367860479,0.2530003970867147,2,Bear
2012-03-19,0.0017962362702596,0.0039124331154902,-0.0120072721927939,15.039999961853027,0.1002659126839086,0.1566839928146236,0.2533031143979189,2,Bear
2012-03-20,-0.0090762244939983,-0.0029154767023818,0.0039873290512257,15.579999923706056,0.1015590790380477,0.1581757389889635,0.2544643950603285,2,Bear
2012-03-21,0.0004994807381019,-0.0016389386437049,0.0112445864955253,15.130000114440918,0.1021106864141087,0.1616154627325464,0.2396554705386911,2,Bear
2012-03-22,-0.0040027532432319,-0.0072295974316322,0.0032155836559464,15.56999969482422,0.1053324436091113,0.1546333369921439,0.2339652848229744,2,Bear
2012-03-23,0.0122081330464796,0.0032274844409259,0.0094076509594844,14.81999969482422,0.1049757143214609,0.1593758467699893,0.2401380055426627,2,Bear
2012-03-26,0.0176115691275342,0.0139377052595553,-0.0051369940122053,14.260000228881836,0.1138176343805664,0.1572422454122973,0.2506884678283658,2,Bear
2012-03-27,-0.0070809013076213,-0.0031118623790707,0.0071662215162809,15.59000015258789,0.1150892071143066,0.1559262286069418,0.2512447169628237,2,Bear
2012-03-28,-0.0106545179493227,-0.004970870429773,-0.0014115678477106,15.470000267028809,0.1171610280306788,0.1558634103440293,0.2483120162233164,2,Bear
2012-03-29,-0.0014250489249673,-0.0017101456665724,0.0074754494143314,15.479999542236328,0.116181647961809,0.158320064913426,0.1647545517166119,1,Bull
2012-03-30,0.0051947943274394,0.0041274410544207,-0.0170544772242251,15.5,0.1158015935353622,0.1653147209706945,0.157365335308454,1,Bull
2012-04-02,0.0050452782243641,0.0072878422342224,0.0055243694514509,15.640000343322754,0.1164850965783909,0.1626304064396084,0.1588815049589629,1,Bull
2012-04-03,-0.0188959748859561,-0.0040969945538887,-0.0174803298796094,15.65999984741211,0.1164919168631769,0.1703363968127606,0.1703787939030322,1,Bull
2012-04-04,-0.0169035410702235,-0.0099608203271864,0.0136519445699216,16.440000534057617,0.1089073098228749,0.1721021484477235,0.1691310306429662,1,Bull
2012-04-05,0.0069725867542217,-0.0005003515607577,0.0071995387989175,16.700000762939453,0.1076739748563502,0.174413023920781,0.1698822707852354,1,Bull
2012-04-09,0.0066733915693202,-0.011294552179518,0.0231126218289946,18.809999465942383,0.1120933390779547,0.1910462177652119,0.1673699677273898,2,Bear
2012-04-10,0.0107968158361052,-0.0169270653963713,0.01127330468094,20.38999938964844,0.1266928233727904,0.1949051904866231,0.1705831370132411,2,Bear
2012-04-11,-0.0001862294945727,0.0080617378712027,-0.0120526242349177,20.020000457763672,0.1300260402216103,0.199697818736495,0.1690405121406877,2,Bear
2012-04-12,0.0100688968931712,0.0129809267879318,-0.0041661059266333,17.200000762939453,0.1224533477891033,0.1898532076578536,0.1630980287908318,2,Bear
2012-04-13,-0.0114357038376069,-0.0119596128284859,0.0160472637814204,19.549999237060547,0.1290331220668175,0.1716163527815541,0.1568062009756796,2,Bear
2012-04-16,-0.0024275594635374,-0.000656993231193,-0.0014567272698096,19.549999237060547,0.1268453685944326,0.1721505378853367,0.1535386393818676,2,Bear
2012-04-17,-0.0013096363661056,0.0147040427925861,-0.0005999872787412,18.459999084472656,0.1379706473728569,0.1724625357904707,0.1534782865420436,2,Bear
2012-04-18,-0.0058831215408536,-0.0033850226005387,0.0029123120020546,18.63999938964844,0.1374007759966929,0.1644437529319867,0.1544521406294243,2,Bear
2012-04-19,0.0007529342193186,-0.0064419967233784,0.0009402644808418,18.36000061035156,0.1386342740590984,0.1645504050290357,0.1514407092652961,2,Bear
2012-04-20,0.0006897239210806,0.0016687583667619,0.0001706790887577,17.440000534057617,0.1388948132041834,0.1618805049215656,0.1514533508314214,2,Bear
2012-04-23,-0.0029502294460589,-0.008444067595539,0.00723444524299,18.96999931335449,0.1396676253956688,0.1627566425015785,0.1511639405103937,2,Bear
2012-04-24,0.0014448331190362,0.0037938271290786,-0.0070633156983707,18.100000381469727,0.1398886187420763,0.1639608943199559,0.1445299651917969,2,Bear
2012-04-25,0.0020067237843301,0.0135987772387483,-0.0051374130437384,16.81999969482422,0.1394427828747567,0.1639611153871509,0.1289384163301295,2,Bear
2012-04-26,0.0087947155916777,0.0069448144264775,0.0059910884103775,16.239999771118164,0.1416944359248046,0.1635199425874477,0.1318288037438681,2,Bear
2012-04-27,0.0021711872276646,0.0016393837779682,0.0008530429794257,16.31999969482422,0.1408210763959565,0.1631696753927434,0.126960567377281,2,Bear
2012-04-30,0.0030934874938505,-0.003710928784603,0.0002556274677302,17.149999618530273,0.1412921425233956,0.1619061002090816,0.1273031472685926,2,Bear
2012-05-01,-0.0034653347638567,0.0062011124857856,-0.0051991949647145,16.600000381469727,0.1422573510637013,0.1495863531904477,0.1265344539093314,2,Bear
2012-05-02,-0.0045355051376627,-0.0029884372359602,0.0070175289189203,16.8799991607666,0.1400391729978548,0.1501180390000779,0.1258470575700757,2,Bear
2012-05-03,-0.0101389974176985,-0.0076551482233596,-0.0002565011197283,17.559999465942383,0.1417189262452787,0.1326989537029886,0.1128737062947388,2,Bear
2012-05-04,0.0031403115630244,-0.0162894357822805,0.0078181145427126,19.15999984741211,0.1484742202325858,0.1282011669337555,0.0957197915667274,2,Bear
2012-05-07,-0.002448592564866,0.000729148957824,0.0001694551783019,18.940000534057617,0.1485857114629676,0.1273429951849282,0.093452445974671,2,Bear
2012-05-08,-0.0195512246002286,-0.0040192356501085,0.0053179580101477,19.049999237060547,0.1442629326457767,0.1033141590474824,0.1128212725678404,2,Bear
2012-05-09,-0.0098560966208518,-0.0059496300770527,0.0006726218560387,20.07999992370605,0.1331743511581313,0.0969190131195269,0.1081583480116298,2,Bear
2012-05-10,0.0019402609012093,0.002060302393227,-0.0029483116669434,18.82999992370605,0.1301533890105393,0.0860816033636032,0.1088565669745653,2,Bear
2012-05-11,-0.0078488172960099,-0.00301858587133,0.0082344035511832,19.88999938964844,0.1209963913312838,0.0867655138363876,0.1014792398844385,2,Bear
2012-05-14,-0.014628459435203,-0.0111227681147066,0.0138780515535263,21.8700008392334,0.1200816259135913,0.0825479621115498,0.1054463587268951,2,Bear
2012-05-15,-0.0105624013114625,-0.0057580807059422,0.0040358158202564,21.96999931335449,0.1211591601083384,0.0819682477302598,0.1086974015713536,2,Bear
2012-05-16,-0.0018716500642464,-0.0038321872338361,0.0028728777516094,22.270000457763672,0.1064131710819697,0.0814027692214402,0.1085855950673621,2,Bear
2012-05-17,0.0221010532816842,-0.0149419469302163,0.0175483739680657,24.489999771118164,0.1152158486802882,0.0971191910248789,0.1392128653629162,2,Bear
2012-05-18,0.0113877916195556,-0.0085958293735432,0.0002417851696425,25.100000381469727,0.1163241202861803,0.0973331821487955,0.1465321103747926,2,Bear
2012-05-21,0.0006467713402268,0.0170423632346588,-0.0020957287977558,22.01000022888184,0.1345925662965928,0.0984553897290875,0.1465241707628113,2,Bear
2012-05-22,-0.0167577494441903,0.0017411820578833,-0.0111968832395547,22.479999542236328,0.1331704036245674,0.1082799013414547,0.1557813795448715,2,Bear
2012-05-23,-0.0030293517963689,0.0005296603652844,0.0069114986800377,22.32999992370605,0.1319714084755336,0.1043690997406459,0.1552542513770968,2,Bear
2012-05-24,-0.0013859452168922,0.001963385737629,-0.0038152416448981,21.540000915527344,0.1205470228799675,0.1032253667605076,0.1544968409451459,2,Bear
2012-05-25,0.0083527666989975,-0.0032497478082438,0.0037342582302028,21.76000022888184,0.1157357882568901,0.1026077899673024,0.1540962869812793,2,Bear
2012-05-29,-0.0109318732400102,0.0120394128832625,-0.0030843342640963,21.030000686645508,0.1259423923701261,0.1043318238042735,0.1557298871319237,2,Bear
2012-05-30,0.0058759576606944,-0.0146164457470881,0.0250454771224858,24.13999938964844,0.1329267627205368,0.1301096953491087,0.1574266563991187,2,Bear
2012-05-31,-0.0019109059027896,-0.0022035336201227,0.0115082048117295,24.059999465942383,0.1288463543679917,0.1287923868161449,0.1574642086853603,2,Bear
2012-06-01,0.0380480998418076,-0.0254993766286496,0.0234632251925316,26.65999984741211,0.1501232993886506,0.1446837877874089,0.2117950031255795,2,Bear
2012-06-04,-0.0011434641458968,-0.0004682352836895,-0.0079338460402708,26.1200008392334,0.1501737737738677,0.1506181088252482,0.2091399173819189,2,Bear
2012-06-05,-0.0011448702562414,0.007544012796144,-0.0134665387348388,24.68000030517578,0.1482296689814248,0.162765573965922,0.2087273233188417,2,Bear
2012-06-06,0.0004454100462342,0.0222196852475902,-0.0201866170302572,22.15999984741211,0.1716004333103752,0.1825107465839214,0.2086627436415898,2,Bear
2012-06-07,-0.0173884375719835,0.0006057669641709,0.0015181848919691,21.71999931335449,0.1716001369843524,0.182323996312317,0.206304086532451,2,Bear
2012-06-08,0.0014875385514176,0.0079202329185808,-0.0002395508241561,21.229999542236328,0.1738772874504367,0.1824738274050067,0.2035179951696897,2,Bear
2012-06-11,0.0040633735824244,-0.0127784556296622,0.0045422151326291,23.559999465942383,0.178200506139583,0.1814603392660272,0.2038950459203491,2,Bear
2012-06-12,0.0070554206963688,0.0114249203160979,-0.0091849956995598,22.09000015258789,0.183732715214775,0.1850413792396192,0.2030341436469542,2,Bear
2012-06-13,0.0042093843611807,-0.0064150178212777,0.0098208065319399,24.270000457763672,0.1811554632748628,0.1823008782697975,0.1952280201801936,2,Bear
2012-06-14,0.0040016878921306,0.0105446699678359,-0.001271759335584,21.68000030517578,0.1842306720469864,0.1824469029938559,0.1900699028341919,2,Bear
2012-06-15,0.0005703370916346,0.0101750216414539,0.0055530958266429,21.11000061035156,0.1868857704519384,0.1829081966164116,0.1895527486998107,2,Bear
2012-06-18,0.0005700119926437,0.0019366835796225,0.005365130816296,18.31999969482422,0.178005825892964,0.1743441350873431,0.1758156243016456,2,Bear
2012-06-19,-0.0048874325135516,0.0096261232186865,-0.0131485738927255,18.3799991607666,0.1761440683450759,0.1813044162299988,0.1733900722012292,2,Bear
2012-06-20,-0.0076007291017899,-0.001622817218472,0.0049307832600641,17.239999771118164,0.1682648666613798,0.1816393432793169,0.1758172109624159,2,Bear
2012-06-21,-0.0256515696477675,-0.0226941270189343,0.0053024168190851,20.07999992370605,0.1879551400694611,0.1767218301697384,0.1889640685705479,2,Bear
2012-06-22,0.0040700844588502,0.00767226215238,-0.0134269529046248,18.11000061035156,0.1896703172274522,0.1830715383071216,0.1891391979820986,2,Bear
2012-06-25,0.0073107057950671,-0.0161648806361017,0.0144521969705262,20.3799991607666,0.1983148032864069,0.1882389524495674,0.1905452906178391,2,Bear
2012-06-26,-0.0074417696281899,0.005013278770061,-0.0039494961280396,19.71999931335449,0.1987740018171511,0.1890140052423647,0.1904427477206274,2,Bear
2012-06-27,0.0013750646525157,0.008976392433228,0.0015812466525784,19.450000762939453,0.1967486835765943,0.1883653236715366,0.1862831679023155,2,Bear
2012-06-28,-0.0117152764844272,-0.0028580246655975,0.0024470505428246,19.709999084472656,0.1897926784042732,0.1678327921925098,0.1898987264925374,2,Bear
2012-06-29,0.0270392603789497,0.0246212378300196,-0.0130926406431029,17.079999923706055,0.2067595770704658,0.1688859490617677,0.2119481383554807,2,Bear
2012-07-02,-0.0006446184566975,0.0030078181902683,0.010264787949964,16.799999237060547,0.1811694557555399,0.150136309090218,0.1639178773167104,2,Bear
2012-07-03,0.0151659304363174,0.006571574607248,-0.0077147055981627,16.65999984741211,0.1809893454300867,0.1500186508566018,0.1728954988853487,2,Bear
2012-07-05,-0.0113689290038095,-0.0045224373539921,0.0050965133500549,17.5,0.1824858833664394,0.1449388507396534,0.177350260395916,2,Bear
2012-07-06,-0.0127348174754354,-0.009548836585912,0.0092511545734839,17.100000381469727,0.1733067588857785,0.1297374408810664,0.1823243223966554,2,Bear
2012-07-09,0.0021445114458555,-0.0012556037725338,0.0087760611901007,17.979999542236328,0.1735475013542629,0.1326046166382587,0.1725955145922842,2,Bear
2012-07-10,-0.0123454291336292,-0.0087586435299705,0.0020262139963684,18.71999931335449,0.1752742249061344,0.1325253687517084,0.1775313613953714,2,Bear
2012-07-11,0.0055057594568082,0.0001493425297356,0.001244663162404,17.950000762939453,0.1684122976989152,0.1320049445577682,0.1780987089332134,2,Bear
2012-07-12,-0.002618033780691,-0.0048569827036935,0.0070516593947239,18.32999992370605,0.1654141662845236,0.1278936165932367,0.1759082324631292,2,Bear
2012-07-13,0.0101067144861493,0.0166387916246459,-0.0026286372366483,16.739999771118164,0.1724738909673657,0.1254652657929516,0.1793428583256731,2,Bear
2012-07-16,0.0004540770166103,-0.0023602408232336,0.0046344938588173,17.110000610351562,0.1697708601604024,0.1255851187330023,0.1785374453825433,2,Bear
2012-07-17,-0.0048102372657139,0.0068434678132081,-0.0078914321949111,16.479999542236328,0.1678690918543615,0.1288723702792715,0.1788830682814873,2,Bear
2012-07-18,-0.0027404308099867,0.0073799958661363,0.0005431705020962,16.15999984741211,0.1693931144149206,0.1278835587908582,0.1788059636458325,2,Bear
2012-07-19,0.0021538488404184,0.0026168532043988,-0.0025645007581622,15.449999809265137,0.1666347398116276,0.1182855334571305,0.178786207360955,2,Bear
2012-07-20,0.0018888999802889,-0.0091902765958609,0.0121447800077777,16.270000457763672,0.1699960081855577,0.1236300142840041,0.1774957932860366,2,Bear
2012-07-23,-0.004173461525685,-0.0101633674740704,0.0055965182830914,18.6200008392334,0.1533204412228038,0.1237452085896908,0.153425871917957,2,Bear
2012-07-24,0.0031969069033827,-0.0086240942260065,0.0078447468843218,20.46999931335449,0.1546954723570536,0.1126115786686662,0.1531862509025147,2,Bear
2012-07-25,0.013907490755906,0.0002241030924161,0.0025756085872312,19.34000015258789,0.1428586867556951,0.1040869193637031,0.1586129101787258,2,Bear
2012-07-26,0.0070414200481452,0.0163629363246722,-0.009197189958399,17.530000686645508,0.1520432398642951,0.1093577164182072,0.1573040894412739,2,Bear
2012-07-27,0.0048995613247813,0.0182648837369657,-0.0190422655504514,16.700000762939453,0.1609509259640404,0.1310779973625298,0.1578046325089206,2,Bear
2012-07-30,-0.0006984831553893,0.0,0.0074440009960194,18.030000686645508,0.1601821875078601,0.1329852740826171,0.1506818940488571,2,Bear
2012-07-31,-0.0059887232254703,-0.0070190925318582,0.0020060802183224,18.93000030517578,0.1403142907328326,0.1226130773985809,0.1221880837188634,2,Bear
2012-08-01,-0.0086642141488858,-0.0008719321481468,-0.0050110090449223,18.959999084472656,0.1401049897619398,0.1207039545122147,0.1261437558109871,2,Bear
2012-08-02,-0.006531497290067,-0.006928406892004,0.0056524186097431,17.56999969482422,0.1403866749890656,0.1172988488973822,0.1152285838439546,2,Bear
2012-08-03,0.0091708091243296,0.0196389201475104,-0.0162690059565722,15.640000343322754,0.1553159504164335,0.1319255732135649,0.1139406380020036,2,Bear
2012-08-06,0.0048100139896431,0.0019357083967038,0.0003921439698191,15.949999809265137,0.1506210962832763,0.1281860894840027,0.1051830188474119,1,Bull
2012-08-07,-0.0001279945765631,0.0050012021000093,-0.0129492908948605,15.989999771118164,0.1507748991047288,0.1320218666384349,0.1051103978226036,1,Bull
2012-08-08,0.0012789166070782,0.0012106829709885,-0.0053390904285016,15.31999969482422,0.1459152129558417,0.1325131984802283,0.0938138378727797,1,Bull
2012-08-09,0.0032539650598126,0.00085387233854,-0.0007188976003373,15.279999732971191,0.1458106774401764,0.1322438522302985,0.0928724051411485,1,Bull
2012-08-10,0.0012094547976165,0.0016344042660741,0.0050242094596192,14.739999771118164,0.143548291136222,0.1308238987200051,0.0918151420079235,1,Bull
2012-08-13,-0.0075996609947528,-0.0004972015976497,-0.0016719924569908,13.699999809265137,0.134327246045694,0.1307454192532707,0.0911718366787869,1,Bull
2012-08-14,-0.0055284312937676,0.000142240335133,-0.013639415134266,14.850000381469728,0.1336453136368298,0.1355720670957135,0.0935894369953929,1,Bull
2012-08-15,0.0032179200395555,0.0011354052793152,-0.0141555347190111,14.630000114440918,0.1324142624245096,0.140561614165414,0.0922059552218462,1,Bull
2012-08-16,0.0059578809023472,0.0073518833333403,-0.0085579245923264,14.289999961853027,0.1323987725931234,0.141655608246621,0.0930767740775497,1,Bull
2012-08-17,0.0010214739315963,0.0013369603954932,0.0048636185029568,13.449999809265137,0.1323461182218048,0.1441773109734444,0.0929947452991496,1,Bull
2012-08-20,0.0034396702075541,7.055386148859753e-05,0.0020540465100847,14.020000457763672,0.126674814867043,0.1351993234637985,0.0933306483331519,1,Bull
2012-08-21,0.0099340077425469,-0.0030290808067284,0.0044219134366534,15.020000457763672,0.1203268735489073,0.134316110986549,0.0960427896585023,1,Bull
2012-08-22,0.0107086315074474,0.0004234077489394,0.0163696431985214,15.109999656677246,0.1138917650653494,0.1457932559401668,0.1008521775308862,1,Bull
2012-08-23,0.008373997600348,-0.0082130882165871,0.0041713500466807,15.960000038146973,0.1198226557045653,0.1466170298730621,0.094319549435121,1,Bull
2012-08-24,0.0004940519516532,0.0060244634072029,-0.0009607672325724,15.18000030517578,0.1094647111805199,0.1446958630017785,0.0925020268038392,1,Bull
2012-08-27,-0.0037732430064034,0.0002120317721065,0.0058316873345321,16.350000381469727,0.0917464518596779,0.1334010549756953,0.0934238714436269,1,Bull
2012-08-28,0.0017337390057776,-0.0009893861768192,0.0023869575168029,16.489999771118164,0.0919423383365144,0.1304852084957173,0.0932001597399871,1,Bull
2012-08-29,-0.0065171261649737,0.0007773544047127,-0.0043804799635641,17.059999465942383,0.0873043105763865,0.1303570785717404,0.0937341912456397,1,Bull
2012-08-30,-0.0004359382542126,-0.0072338203445619,0.0051748090864408,17.829999923706055,0.0919528062517272,0.1317148753937661,0.0868714151488016,1,Bull
2012-08-31,0.0227884276988895,0.0047576822372905,0.0140342717859984,17.469999313354492,0.088097970387781,0.1400360219850062,0.1087989930032805,1,Bull
2012-09-04,0.0015819565772519,-0.0009216732472512,-0.0010047737843519,17.979999542236328,0.058835432371322,0.1280740702307868,0.1065455210571799,1,Bull
2012-09-05,-0.0010340836860325,-0.0008510532796334,-0.0047235844474479,17.739999771118164,0.0588127307807545,0.1291306614119902,0.106980774045908,1,Bull
2012-09-06,0.0035237086061065,0.0200934508152342,-0.0167906009543733,15.600000381469728,0.0890380158893946,0.1344913586499049,0.10664953217243,1,Bull
2012-09-07,0.0213010365766371,0.0038876106458323,-0.0046657654875783,14.380000114440918,0.0895399707544319,0.1341973272584652,0.124665576044751,1,Bull
2012-09-10,-0.0068508245778626,-0.005697892052551,0.0024159369216774,16.280000686645508,0.0927552996760737,0.1345219462485663,0.1297353997637738,1,Bull
2012-09-11,0.0036397345213229,0.0027834333381054,-0.0062935277368159,16.40999984741211,0.0929438862637951,0.1347169889936,0.1295796913339188,1,Bull
2012-09-12,0.0001191368766436,0.0033303286055857,-0.0125423213972518,15.800000190734863,0.0930987000128535,0.14080985579073,0.1241632037764901,1,Bull
2012-09-13,0.0199871018829235,0.0151212600292557,-0.003942095631898,14.050000190734863,0.1046762465468474,0.1338850985278397,0.1319765641370081,1,Bull
2012-09-14,0.0028562608226146,0.0044244926105845,-0.0269379056363718,14.510000228881836,0.1049843127406467,0.155549639503233,0.1320345118930929,1,Bull
2012-09-17,-0.0081824487371269,-0.0034020831280565,0.0119324697605094,14.59000015258789,0.1047880110894181,0.1597808988776438,0.1392365226783306,1,Bull
2012-09-18,0.0077166718885823,-0.0008175924973683,0.0049991722502614,14.18000030517578,0.1051128778578043,0.1598379383534361,0.1393430478992678,1,Bull
2012-09-19,0.0001164867646451,0.0005455547791226,0.0065444914046409,13.880000114440918,0.1050463772419537,0.1614561882634022,0.1400908978123068,1,Bull
2012-09-20,-0.0015734059198807,6.831394991044648e-05,0.0024736552431507,14.06999969482422,0.1039104124971016,0.1608952903320047,0.1398216022995322,1,Bull
2012-09-21,0.0028535993614637,-0.0004180909970693,0.0011525559267012,13.979999542236328,0.1040747408715347,0.1492677554122272,0.1374501642533667,1,Bull
2012-09-24,-0.0053060014063377,-0.0015096509080624,0.0077850807686337,14.149999618530272,0.098559868035022,0.1513573433266248,0.1392103670423558,1,Bull
2012-09-25,-0.0016382823469836,-0.010698889796694,0.0098296078172217,15.43000030517578,0.1064783626545396,0.1557938355474572,0.1398155003621505,1,Bull
2012-09-26,-0.0056374963370224,-0.0056368192487333,0.0106926924870352,16.809999465942383,0.1090025934237782,0.1590875199870564,0.1410166680276149,1,Bull
2012-09-27,0.0147890979813636,0.0093770347489953,-0.0071425579177272,14.84000015258789,0.112665708060365,0.1606365570924337,0.1473151419789306,1,Bull
2012-09-28,-0.0026145147730523,-0.0046429716946721,0.00056403838656,15.729999542236328,0.1145509776246828,0.160060118775497,0.1447183673426862,1,Bull
2012-10-01,0.0023243307866659,0.0026362351287477,0.0037033796282127,16.31999969482422,0.1105645590619152,0.1595053665301262,0.1441501746142504,1,Bull
2012-10-02,-0.0011033258934751,0.0010383663222601,-0.0013670625001921,15.710000038146973,0.1099515089107117,0.1506492175292796,0.1262437944510257,1,Bull
2012-10-03,0.0017996437460312,0.0040746765463325,0.0003217827164788,15.43000030517578,0.1100032725303717,0.1507309945720421,0.1262319261821922,1,Bull
2012-10-04,0.0069360253410432,0.0071422399010698,-0.0125495725482706,14.550000190734863,0.1112326422905162,0.1554986482861126,0.126644138267561,1,Bull
2012-10-05,-0.0057187892644753,6.84804430985165e-05,-0.0130389919184689,14.329999923706056,0.0897049415981702,0.1513128014508633,0.1298219725044141,1,Bull
2012-10-08,-0.0033074685239183,-0.0034271294309932,0.0083839614926753,15.109999656677246,0.0903475547138563,0.1543143713912687,0.1107433102914938,1,Bull
2012-10-09,-0.0061800425949646,-0.0099365478917778,-0.0018018044167178,16.3700008392334,0.0951836508479234,0.1539601918915115,0.1101662683624708,1,Bull
2012-10-10,-0.0008776828487819,-0.0064003612954699,0.0070274211654466,16.290000915527344,0.0976698160100699,0.1549061741207427,0.1099351503956961,1,Bull
2012-10-11,0.0028057709614905,0.0005581324651975,0.0068976986071585,15.59000015258789,0.0969643016520377,0.1499260335786261,0.1101111023724271,1,Bull
2012-10-12,-0.0073818938973548,-0.003283844247647,0.0025037642721856,16.139999389648438,0.0800821048847688,0.1490501868924253,0.0893670589624417,1,Bull
2012-10-15,-0.010106119739498,0.0082936705672485,-0.0022620056775858,15.270000457763672,0.0843692434751659,0.1100964051282152,0.0946352588456657,1,Bull
2012-10-16,0.0063356463336193,0.0100827095959464,-0.0139211848090983,15.220000267028809,0.0917010134110809,0.1175384539890298,0.0940475916722456,1,Bull
2012-10-17,0.0007080193841468,0.0045240224289199,-0.0093069479874682,15.06999969482422,0.0930586760126504,0.1217621063364154,0.0895711535060568,1,Bull
2012-10-18,-0.0044335486553835,-0.0026021056365969,-0.0061421535409354,15.029999732971191,0.0935136883258821,0.1215069100292024,0.0904892768734339,1,Bull
2012-10-19,-0.0108411360526059,-0.0168047874482894,0.0134800394651062,17.059999465942383,0.1100825105983912,0.1303286364059534,0.0969214677057747,1,Bull
2012-10-22,0.0036466972398128,0.0001393711014225,-0.0064279192790867,16.6200008392334,0.1101261347469417,0.1322826460473359,0.0973840916893285,1,Bull
2012-10-23,-0.0129127597664921,-0.0139737655777484,0.0142010456981741,18.82999992370605,0.1192132548782652,0.1388262076290304,0.1046881494447368,1,Bull
2012-10-24,-0.0034514677577762,-0.0028323673129283,-0.0099108743595094,18.32999992370605,0.1145062900590712,0.1383671482699033,0.1048867373301022,1,Bull
2012-10-25,0.0070116561741819,0.002903401334604,-0.0051169375577734,18.1200008392334,0.1139965635323348,0.1325875230796872,0.1079761958633327,1,Bull
2012-10-26,-0.0005423202272228,-0.0005660922376424,0.0146199364353874,17.809999465942383,0.1080561771017244,0.1420522300818095,0.0913806510120085,1,Bull
2012-10-31,0.0054093723088719,0.0,0.0058543431992775,18.600000381469727,0.1073302234217153,0.1437159236616013,0.0946536555866061,1,Bull
2012-11-01,-0.0045659105212916,0.0104161817795486,-0.0082217306662417,16.690000534057617,0.113729568818847,0.1455280692533593,0.0942251829728066,1,Bull
2012-11-02,-0.0211161956711567,-0.0089313327458982,-0.0007357568014486,17.59000015258789,0.1172161853607852,0.1455134457091594,0.1155766394380736,1,Bull
2012-11-05,0.0038669883407539,0.0020462464673086,0.0056274371753326,18.420000076293945,0.1163214991158327,0.1471658352264391,0.116806975571855,1,Bull
2012-11-06,0.0186331815583408,0.0077947067505461,-0.0094791999493257,17.579999923706055,0.1169226918712333,0.1443601281852034,0.134529869838985,1,Bull
2012-11-07,0.0011418760009174,-0.0229247262224109,0.0179834203928694,19.07999992370605,0.1391774364268566,0.1499478254431399,0.1342704537365726,2,Bear
2012-11-08,0.0089692059707555,-0.012096616432104,0.0147298661573349,18.489999771118164,0.1433654053295797,0.155342404125817,0.1390920092031241,2,Bear
2012-11-09,-0.0010124664362506,0.0008688786324807,0.0011116142279073,18.61000061035156,0.1412231045655171,0.1549107944389861,0.1378779755200921,2,Bear
2012-11-12,-0.0022072390698996,0.0007958908464086,0.0016657667583885,16.68000030517578,0.1406208465205772,0.1536294321091126,0.1379532502390874,1,Bull
2012-11-13,-0.0020923088878503,-0.003477700193439,0.0033227944107142,16.649999618530273,0.1405010319988834,0.152480936531845,0.1373130295739223,1,Bull
2012-11-14,0.0002393087940783,-0.0135906969813859,0.0009468830346909,17.920000076293945,0.146212533999047,0.1523986092987576,0.1355073071946651,1,Bull
2012-11-15,-0.0063019928595901,-0.0016932392443096,-0.0019739852523499,17.989999771118164,0.141029285749468,0.1523230237928952,0.1328387617670539,1,Bull
2012-11-16,-0.0012651232479694,0.0049253032200274,-0.0008701474191778,16.40999984741211,0.1361145803133003,0.1425427193947173,0.1303940116639001,1,Bull
2012-11-19,0.0119251764334622,0.0200369121160928,-0.0056340377820319,15.239999771118164,0.1561890282976874,0.1395100207179251,0.1378291228976076,1,Bull
2012-11-20,-0.0028634257792102,0.0004309220696214,-0.0100783067461851,15.079999923706056,0.1564829791073193,0.1429775080631164,0.137366950497699,1,Bull
2012-11-21,0.0010150660402493,0.0018665471359888,-0.0005623999050357,15.3100004196167,0.1476685818548654,0.1364919238505164,0.132045210808671,1,Bull
2012-11-23,0.012160205973813,0.0135327228015248,-0.0009658833937641,15.140000343322754,0.1563759364048423,0.1340347281771945,0.1380290686675923,1,Bull
2012-11-26,-0.0010618685408751,-0.0021247125197868,0.0047390145131786,15.5,0.1489008126176988,0.1263114247108385,0.1292664515686575,1,Bull
2012-11-27,-0.004258514528236,-0.0051177222984235,0.0039182326352796,15.920000076293944,0.1496330857522137,0.1204684916722896,0.1296571015143104,1,Bull
2012-11-28,-0.0128857214501335,0.0080205073403652,-0.0014372219882357,15.510000228881836,0.1520157702635045,0.1185929757745234,0.1363718407417671,1,Bull
2012-11-29,0.0037754494975707,0.004654474352678,0.0001593110112264,15.0600004196167,0.1528399296206603,0.1088380172722349,0.1369141099373518,1,Bull
2012-11-30,-0.0067820662593296,0.000211154971627,-0.0027202734243009,15.869999885559082,0.152837176735163,0.108026913484806,0.1377568664797202,1,Bull
2012-12-03,0.0004816775885995,-0.004936784737821,0.0009220773427595,16.639999389648438,0.1492038087014879,0.1032093879546763,0.1368586775442376,1,Bull
2012-12-04,-0.0103465252023627,-0.0014148125487536,0.0057598611245527,17.1200008392334,0.1460670709620197,0.1042926055045872,0.1199442138917132,1,Bull
2012-12-05,-0.0018262807650325,0.0017682883925105,-0.0004786791688944,16.459999084472656,0.1460186698204027,0.1032351312185219,0.1195693156801745,1,Bull
2012-12-06,0.0023127323829192,0.0033864686292106,0.0021510647858781,16.579999923706055,0.1437903949893423,0.0959612305529791,0.0996806474394892,1,Bull
2012-12-07,0.0040041529855637,0.0030242845182139,-0.0092784084105054,15.899999618530272,0.1182339615800542,0.0827155575846487,0.100768474534061,1,Bull
2012-12-10,0.0038675379164635,0.0004209314435436,0.0044102556371214,16.049999237060547,0.1084310920930934,0.0660033306586641,0.0962517970013824,1,Bull
2012-12-11,-0.0009051692074031,0.0067857328497959,-0.0076297482124004,15.56999969482422,0.1099212737033132,0.0705491848741674,0.0962470703679114,1,Bull
2012-12-12,0.0007242193101501,0.0004877121818662,-0.0116781312111338,15.949999809265137,0.1099614242615798,0.0795955250360788,0.0961735326114563,1,Bull
2012-12-13,-0.0084813566979942,-0.0061506764245488,0.000733418815948,16.559999465942383,0.1119411301970876,0.0782001251287113,0.0999937455216737,1,Bull
2012-12-14,-0.0014611280186981,-0.0037226639204042,0.0074712720623951,17.0,0.0995534127818962,0.0837450986140617,0.0999478852918271,1,Bull
2012-12-17,0.0018869503829595,0.011683482246644,-0.0150805716363982,16.34000015258789,0.1038015872328354,0.0967687907727747,0.0983482493177973,1,Bull
2012-12-18,-0.0144557250788671,0.0110671818915499,-0.0102372294618826,15.56999969482422,0.1075360018900802,0.1010750618034552,0.1096484322620434,1,Bull
2012-12-19,-0.0024091149465752,-0.0074569658983752,0.0033138349604377,17.360000610351562,0.0941329994205127,0.101957207433347,0.0989047521031251,1,Bull
2012-12-20,-0.0121960737971789,0.0057361253422889,0.0001656188457169,17.670000076293945,0.0949975821587057,0.0974801031692117,0.1052648527583668,1,Bull
2012-12-21,0.0037493395674361,-0.0091190203677833,0.0108563386722771,17.84000015258789,0.1024987960949915,0.1061409536967395,0.1067428647998573,1,Bull
2012-12-24,0.0018070937392538,-0.0030857559973501,-0.0018015270153205,17.84000015258789,0.093625401379177,0.1062058108976447,0.0946558324883167,1,Bull
2012-12-26,0.0009956669468964,-0.0042237327098314,0.0035904185449521,19.479999542236328,0.0946917766065092,0.1055302792549428,0.0953411522101264,1,Bull
2012-12-27,0.0023607197391517,-0.0013415510521184,0.003349971461404,19.46999931335449,0.0927156234671106,0.1052277886766239,0.0965484662336158,1,Bull
2012-12-28,-0.0038545921636806,-0.0108670829604311,0.0056929229444398,22.71999931335449,0.0970441237859457,0.1075829550593908,0.0886787760314516,1,Bull
2012-12-31,0.0091767198894007,0.0168540767026774,-0.01742488721872,18.020000457763672,0.1126043231865475,0.1224581993093098,0.0946895252482388,1,Bull
2013-01-02,0.0070727801089134,0.0253067290991573,-0.013458406755115,14.68000030517578,0.1417620813289008,0.1294454973051251,0.0970717363038985,1,Bull
2013-01-03,-0.0121467797401906,-0.002261489518792,-0.0136422900982092,14.5600004196167,0.1404982147245929,0.1352318710282034,0.1044903193474271,1,Bull
2013-01-04,-0.0047257550222331,0.0043815838119807,0.0038931546749705,13.829999923706056,0.1402845682085817,0.1339377485858503,0.1001749277183781,1,Bull
2013-01-07,-0.00631514763955,-0.0027360587376669,0.0004220281999287,13.789999961853027,0.1412556991516995,0.1341556025557582,0.1017418721619006,1,Bull
2013-01-08,0.0070627808032687,-0.0028824687341063,0.0065633492022665,13.619999885559082,0.1420454848655774,0.136957637816184,0.1051867973704175,1,Bull
2013-01-09,-0.0004360197219949,0.002539671756279,-0.0009236941434958,13.8100004196167,0.1419906893628053,0.1346867019161761,0.1035550035247135,1,Bull
2013-01-10,0.0092411748838534,0.0079178203733987,-0.0027736104806085,13.489999771118164,0.1436408523589538,0.1326815166593695,0.1085303385871619,1,Bull
2013-01-11,-0.0056958932353376,-6.788933051418322e-05,0.0088833373837429,13.359999656677246,0.1426338621507999,0.1366184557973164,0.1096791763980728,1,Bull
2013-01-14,0.0029757972434763,-0.0006799293114631,-0.0027569699446617,13.520000457763672,0.1427982797308198,0.1316728075193091,0.1104869792978597,1,Bull
2013-01-15,0.0062944009191135,0.0006799293114631,0.004591257265276,13.550000190734863,0.1401402969303601,0.133022019835966,0.1101251188645811,1,Bull
2013-01-16,0.0005534660222785,-0.0001358576534468,0.0020801704556414,13.420000076293944,0.13890587046447,0.1300142894316442,0.1101309916076844,1,Bull
2013-01-17,0.0042945600178262,0.0064394480776674,-0.0100241846793902,13.56999969482422,0.1354282875269838,0.1242529317862655,0.1110812733631016,1,Bull
2013-01-18,-0.001593002197433,0.0022278117314007,0.0076939776572422,12.460000038146973,0.1311325439477632,0.1228571541944268,0.0986985873393653,1,Bull
2013-01-22,0.0035500211160177,0.0053785818929113,0.0019150146464721,12.43000030517578,0.1278335527585162,0.1224650077076381,0.0987995282344346,1,Bull
2013-01-23,-0.0028144380313383,0.0016080393344196,-0.0014981072528144,12.460000038146973,0.1270733805430925,0.1225469100175126,0.0883014292737851,1,Bull
2013-01-24,-0.0110281037461678,0.0002675415567294,-0.0035040595331115,12.6899995803833,0.1210089497732131,0.116109667220837,0.0969721089727774,1,Bull
2013-01-25,-0.004781604983568,0.0056062379822068,-0.0137983936009566,12.890000343322754,0.1200049045774568,0.1244096508837576,0.0983770797614142,1,Bull
2013-01-28,-0.0022434148172023,-0.0011985613850037,-0.003650000067349,13.56999969482422,0.1182917205591466,0.1232123298004413,0.0986073239561795,1,Bull
2013-01-29,0.0043576526233162,0.0039243341819069,-0.0055432893302212,13.3100004196167,0.117419094540947,0.1223524477719007,0.0994855235697497,1,Bull
2013-01-30,0.0074262171769992,-0.0039243341819069,-0.001711151484785,14.31999969482422,0.1092946900314539,0.1189362888778601,0.1017003767664352,1,Bull
2013-01-31,-0.0061226914113249,-0.0024685217356751,0.0048701796179873,14.279999732971191,0.0991187833040544,0.1085509842954111,0.0990026354243012,1,Bull
2013-02-01,0.0015496671610711,0.010234628606306,-0.0130696237537377,12.899999618530272,0.0619802711732533,0.108020258370654,0.0956532444577844,1,Bull
2013-02-04,0.0034008569302853,-0.0113039183709204,0.0127277839520493,14.670000076293944,0.0756057145220305,0.1093588640077037,0.0865383707875693,1,Bull
2013-02-05,-0.0002469026145644,0.0100471069114782,-0.0089262507785284,13.720000267028809,0.0809413750943268,0.1121935088490933,0.0846736185113854,1,Bull
2013-02-06,0.0026514131006226,0.0007280704309443,0.0081571547448279,13.40999984741211,0.0795350675410018,0.1164419355998222,0.0812772995002006,1,Bull
2013-02-07,-0.0033926754869145,-0.0013244417090838,-0.0022260531622817,13.5,0.0785904785285347,0.1136626875407136,0.0792951441864758,1,Bull
2013-02-08,-0.0016696396112383,0.0055495926915635,0.0038499999707327,13.020000457763672,0.0796617453527331,0.114861542153318,0.0795694098994795,1,Bull
2013-02-11,-0.0116414945086392,-0.0001979161112983,-0.0007692857416727,12.9399995803833,0.0768231199178115,0.1146153416911664,0.0828811442995919,1,Bull
2013-02-12,0.001189038868357,0.0016457100054063,-0.0024804944828587,12.640000343322754,0.0766129846587867,0.109403416143106,0.081036978054612,1,Bull
2013-02-13,-0.0052674375974427,0.000854684939665,-0.0081717188310647,12.979999542236328,0.0762269904518004,0.1119853560560415,0.0818053876402103,1,Bull
2013-02-14,-0.0044108258534539,0.0009195846930594,0.0090270157295945,12.65999984741211,0.0761930976523221,0.1159612189707192,0.0785476750971783,1,Bull
2013-02-15,-0.0164914857320137,-0.0011822445864166,-0.0029139113474704,12.460000038146973,0.0765891930854143,0.1154745569935929,0.0942426237337624,1,Bull
2013-02-19,-0.0027644280091223,0.0074664691205744,-0.0049904765070759,12.3100004196167,0.077482423530505,0.1120194508678172,0.091373014014837,1,Bull
2013-02-20,-0.0253623747656297,-0.01254183221495,0.0030143082803284,14.68000030517578,0.0917053459488772,0.1084590266791389,0.1210250400201454,1,Bull
2013-02-21,0.0077616168458742,-0.0060975347524802,0.0058313995298829,15.220000267028809,0.0933351996771476,0.1107969088431597,0.1249449534609282,1,Bull
2013-02-22,0.0022906918469714,0.0097252043995653,0.0006838776286638,14.170000076293944,0.0987276844691811,0.1109873933202395,0.1264521211992524,1,Bull
2013-02-25,0.0089161055867207,-0.0192100930840644,0.0194626919728032,18.989999771118164,0.1206623607187049,0.1314156374611788,0.1295048314309106,1,Bull
2013-02-26,0.0121073406942403,0.0068224038885447,-0.0057990632294407,16.8700008392334,0.1214618484051098,0.1235412047752174,0.13808793970615,1,Bull
2013-02-27,-0.0106181624474475,0.0125195965044261,-0.0029540965222529,14.729999542236328,0.1289267549132098,0.1232804700484044,0.1417827807970963,1,Bull
2013-02-28,-0.0102091941562685,-0.0019767730782552,0.0018574993470323,15.510000228881836,0.1286184372175529,0.1214489657560848,0.142877075395374,1,Bull
2013-03-01,-0.0036668293712536,0.003292559216639,0.0054313406554891,15.359999656677246,0.1280608039901509,0.1221533900560197,0.1383363483834896,1,Bull
2013-03-04,-0.0009188120822602,0.0053104442281124,-0.0053131134280114,14.010000228881836,0.1285137036677256,0.12325739155438,0.1380077752352476,1,Bull
2013-03-05,0.0005251531495988,0.0089194148428123,-0.0028782282758438,13.479999542236328,0.1274005752553096,0.1137109251254153,0.1376550388710533,1,Bull
2013-03-06,0.0055625996188978,0.0013600074264202,-0.009115060598595,13.529999732971191,0.1193505673360465,0.1106459558671081,0.1390691820046669,1,Bull
2013-03-07,-0.0035302945226979,0.0018107597334379,-0.007731308673222,13.0600004196167,0.1153072965559154,0.1094977404572166,0.1388191077455755,1,Bull
2013-03-08,0.0001310037451856,0.0042553259644668,-0.0104896058380507,12.59000015258789,0.1157865953519085,0.1112352372480047,0.1378416082230733,1,Bull
2013-03-11,0.0018318537547607,0.0037881553081073,0.0009583169284722,11.5600004196167,0.1156644441862488,0.1112656502457978,0.1388038336096519,1,Bull
2013-03-12,0.0078130283323465,-0.0022457741950525,0.0072006768574136,12.270000457763672,0.115439623480699,0.1135521573121892,0.1434799274416267,1,Bull
2013-03-13,-0.0034432307449765,0.0014124745282506,-0.0010381760406364,11.829999923706056,0.115328327932746,0.1135645241740249,0.139455692040289,1,Bull
2013-03-14,0.0001300775293696,0.0053099573681361,-0.0030330474282557,11.300000190734863,0.1161707852990937,0.1137022555308794,0.1392143056454933,1,Bull
2013-03-15,0.0020801316122226,-0.0013214200073707,0.0046757036694861,11.300000190734863,0.1165559364018446,0.1114998773916629,0.1392926002477572,1,Bull
2013-03-18,0.0089211585336192,-0.0055338492144561,0.0075729247114509,13.359999656677246,0.1189745429074312,0.1101367769573544,0.1434212221321609,1,Bull
2013-03-19,0.004494947099121,-0.0023259715820452,0.0067499534263471,14.390000343322754,0.1193094628057659,0.1119649617619314,0.1327026194126072,1,Bull
2013-03-20,-0.0045593703694571,0.0069611342129492,-0.0112175284893894,12.670000076293944,0.11897607936734,0.117728614726675,0.1333345785101368,1,Bull
2013-03-21,0.0056479509395984,-0.0085795606135339,0.0095985323178629,13.989999771118164,0.1139965004803122,0.1218598346314503,0.09740906951053,1,Bull
2013-03-22,-0.0044900456537212,0.0080013848531473,0.0007671999454094,13.56999969482422,0.1131581801793661,0.1203200300554352,0.0967115705134944,1,Bull
2013-03-25,-0.0019949010771062,-0.0041860246337579,-0.0009378521381839,13.739999771118164,0.1111621683856897,0.1203786095812772,0.0970769291342515,1,Bull
2013-03-26,-0.0033553022909427,0.007970730572804,0.0011941415577845,12.770000457763672,0.0852594460465309,0.0980739332447656,0.0932238417034665,1,Bull
2013-03-27,0.0041279688769014,0.0,0.0084842507143773,13.149999618530272,0.0841245093557879,0.1011330030601549,0.0839269297925015,1,Bull
2013-03-28,-0.0058746088659239,0.0030678684140164,-0.0050818143215935,12.699999809265137,0.0753290559531259,0.1021765600248579,0.0779480522997373,1,Bull
2013-04-01,0.0014234036058695,-0.0039643601643398,0.0075033377227443,13.579999923706056,0.0768443626238351,0.1053694451760773,0.0686863230740593,1,Bull
2013-04-02,-0.0145883769875583,0.0049219139151815,-0.0040629495645562,12.779999732971191,0.0775047731917561,0.1045109649736866,0.0854438109022151,1,Bull
2013-04-03,-0.0112152977467187,-0.01019095314238,0.0089500628554576,14.210000038146973,0.0864052564202072,0.107517934575006,0.0938639993104236,1,Bull
2013-04-04,-0.002923412204056,0.0040501449324678,0.0118648842836522,13.890000343322754,0.0822767441836678,0.1138258178121989,0.0941522294254703,1,Bull
2013-04-05,0.0166285873671669,-0.0045013392403701,0.0199833636198964,13.920000076293944,0.0841621601468831,0.12504586240625,0.1098576943333468,1,Bull
2013-04-08,-0.0042626807758511,0.0067446165347954,-0.0076826598569153,13.1899995803833,0.086885033536584,0.1249959495820468,0.1101721063827217,1,Bull
2013-04-09,0.0077250313838939,0.0034506689360107,-0.0024646832839608,12.84000015258789,0.0865081339212062,0.1173674582380429,0.1135195163251834,1,Bull
2013-04-10,-0.0170348186411695,0.0121747384434605,-0.0138306991339533,12.359999656677246,0.0948638639703374,0.1307940675376905,0.127985806337275,1,Bull
2013-04-11,0.0019880924290127,0.0032713599057284,0.0019154824281386,12.239999771118164,0.0944019046074447,0.1294986209000884,0.1246497640016576,1,Bull
2013-04-12,-0.0481449321782465,-0.0024528615211146,0.0147893709479592,12.0600004196167,0.0952755274443473,0.136396209225788,0.2056490718933306,0,Crisis
2013-04-15,-0.0919050745798384,-0.0234461754758875,0.0086563473847575,17.270000457763672,0.1262602230517193,0.1362656389698761,0.3693591973763844,0,Crisis
2013-04-16,0.0112833387442147,0.0146546936350037,-0.0082456952461319,13.960000038146973,0.1363281234282196,0.1417564211758683,0.3737142701353054,2,Bear
2013-04-17,0.0005269098319827,-0.0147196400898726,0.006618083108109,16.510000228881836,0.1448795694446877,0.1413720528166583,0.3703091530793221,2,Bear
2013-04-18,0.0107049563982102,-0.006272839094552,0.0024399803249779,17.559999465942383,0.1463305854371347,0.1405446942292874,0.3734452072396324,2,Bear
2013-04-19,0.0086740963508889,0.0086556889939434,-0.0021138172766451,14.970000267028809,0.1474806736393058,0.132800438015669,0.3773976876008043,2,Bear
2013-04-22,0.017778517935289,0.0044282008893234,0.0007318719756979,14.390000343322754,0.1448782281412332,0.1305965647668343,0.3845991055090749,2,Bear
2013-04-23,-0.0074240752826579,0.0102559971356663,-0.0035039834179337,13.479999542236328,0.1465393059837618,0.1320810309771561,0.3845931673897099,2,Bear
2013-04-24,0.0108265561370557,0.000633940536358,0.0025274098117841,13.609999656677246,0.1454772712129544,0.1316039993844574,0.3888538145489739,2,Bear
2013-04-25,0.0232868363089332,0.0040454918205701,-0.0043250109645505,13.619999885559082,0.1436952624708808,0.1335717655012511,0.4014351407747859,2,Bear
2013-04-26,-0.0050966430061307,-0.0017677008274121,0.0091181934179649,13.609999656677246,0.1439348296837997,0.1339736919328326,0.4002913560295657,2,Bear
2013-04-29,0.0098161118457415,0.006676234400286,-0.0036535972636684,13.710000038146973,0.1452445568942736,0.1330995225642257,0.4033644000387629,2,Bear
2013-04-30,0.0032974471848591,0.0023832786119536,0.0005693059691635,13.520000457763672,0.1442863170217332,0.1317481171006398,0.4037282008159027,2,Bear
2013-05-01,-0.01169524133158,-0.0088069995784522,0.0102205375833235,14.489999771118164,0.1475003508770497,0.1329932356991629,0.402878707720772,2,Bear
2013-05-02,0.0057237732642198,0.0092443496644505,-0.0012910900825738,13.59000015258789,0.1451956898305686,0.1314608602878966,0.4031569959552676,2,Bear
2013-05-03,0.0011971282175668,0.0100900976293993,-0.0238593997986736,12.850000381469728,0.1480810283283653,0.1540442867373832,0.4034024652218649,2,Bear
2013-05-06,0.0004221612830436,0.0025375669625323,-0.0024839647335371,12.65999984741211,0.1463920855164368,0.1365680075311117,0.3974959694334048,2,Bear
2013-05-07,-0.0125297290747631,0.0050558975052566,-0.0039038195906764,12.829999923706056,0.1458166965978295,0.1347684555586692,0.3987403217890601,2,Bear
2013-05-08,0.0147082395931966,0.0045403293639926,0.0015803817556812,12.65999984741211,0.1460105708060469,0.1347825284488162,0.4020120618028839,2,Bear
2013-05-09,-0.0116498590873744,-0.0028200461277372,-0.0025795564535032,13.130000114440918,0.1419780633876088,0.1259864818163036,0.4001569763775031,2,Bear
2013-05-10,-0.0086302125411887,0.0032484161908937,-0.0108045643972759,12.59000015258789,0.1419739636301393,0.1313359901927535,0.4000968170634434,2,Bear
2013-05-13,-0.0084165042592745,0.0007956412307896,-0.007692757711788,12.550000190734863,0.1413522214120009,0.1211566562941701,0.3668448833438124,2,Bear
2013-05-14,-0.0044888226191427,0.0102804798865738,-0.0109208144440206,12.770000457763672,0.1118603570055463,0.1193981088336965,0.1670908637240027,1,Bull
2013-05-15,-0.0233455959117858,0.0053723178938484,0.0066696783715134,12.8100004196167,0.1040289423850201,0.1214467165342854,0.1856626885250145,1,Bull
2013-05-16,-0.0040191222788075,-0.0047068283053242,0.0103427546578692,13.06999969482422,0.0875436324020159,0.1253028723726216,0.1863677243640696,1,Bull
2013-05-17,-0.0227796014690591,0.0096307330525255,-0.0127326287704857,12.449999809265137,0.0834631709047583,0.130118325958594,0.1988009482489781,1,Bull
2013-05-20,0.0304316488510243,-5.977637124122839e-05,-0.0011967546479017,13.020000457763672,0.0825280425965365,0.1301728033850231,0.2249312034821674,1,Bull
2013-05-21,-0.0167167343116151,0.0014360444538312,0.0078377648330252,13.369999885559082,0.0827016065221261,0.1344779250778241,0.2220619565084125,1,Bull
2013-05-22,-0.0070992097524315,-0.0074450223793253,-0.0149613133190716,13.81999969482422,0.0864315574222712,0.1418455701224548,0.2219604853344839,1,Bull
2013-05-23,0.0200344208915859,-0.0028965857860203,0.0047261092786546,14.06999969482422,0.088187095940541,0.1430181703778668,0.2306560147542194,1,Bull
2013-05-24,-0.0063346049211476,-0.0008462376418279,0.0013702807674689,13.989999771118164,0.0885456749531584,0.143387281096383,0.2130009105226082,1,Bull
2013-05-28,-0.0020204984510566,0.0059706369051849,-0.0256690888230636,14.479999542236328,0.088457510385412,0.1589542200410047,0.2128353667160956,1,Bull
2013-05-29,0.0099881294084336,-0.006515445898692,0.0111817312923746,14.829999923706056,0.0920871161548718,0.1671462722721095,0.2129623582069424,1,Bull
2013-05-30,0.0137739821789609,0.0036852616711585,-0.0024354465526108,14.529999732971191,0.0923123217902365,0.166654728187971,0.2195871646648519,1,Bull
2013-05-31,-0.0205461283369983,-0.0144565181812118,-0.0034017375805794,16.299999237060547,0.1020519634241994,0.1593842869747199,0.2265075495229565,2,Bear
2013-06-03,0.0191552387064584,0.005491848226552,0.0052848384283474,16.280000686645508,0.0992680061906781,0.1623002546116979,0.2371724607200806,2,Bear
2013-06-04,-0.0094208308836374,-0.0048187637379093,-0.0092773665432451,16.270000457763672,0.0961167913671416,0.1463358592760552,0.2383026251508911,2,Bear
2013-06-05,0.0021422615389313,-0.014099583129512,0.0137106272005466,17.5,0.1084675325792059,0.1571480550752808,0.2386295989382365,2,Bear
2013-06-06,0.0074250993255778,0.0090119979785993,-0.0006072518752786,16.6299991607666,0.1116783055562699,0.1570707191708156,0.2378349065383525,2,Bear
2013-06-07,-0.0240921924961497,0.0126405410033129,-0.0180405684937419,15.140000343322754,0.1190732371940229,0.1660655682181859,0.2428066081098674,2,Bear
2013-06-10,0.0049397874499197,0.0,-0.0047824106203029,15.4399995803833,0.1185046227694131,0.1662008409492026,0.2423083620579391,2,Bear
2013-06-11,-0.0051648936635613,-0.0103692029677437,0.0118274748323496,17.06999969482422,0.1238764915340172,0.1710981888325879,0.2414783664693734,2,Bear
2013-06-12,0.0074766703430201,-0.0083117850427401,-0.0144066057766947,18.59000015258789,0.1270329651917539,0.1755126751166708,0.2426106190053769,2,Bear
2013-06-13,-0.0038060756896859,0.0150941950314992,0.0155459226603492,16.40999984741211,0.1331393688760988,0.1826780314498428,0.2425147323844688,2,Bear
2013-06-14,0.0051459052833579,-0.00629272376819,-0.002368855941331,17.149999618530273,0.133015225047081,0.1806272801441645,0.2298210748478553,2,Bear
2013-06-17,-0.0049216237362944,0.0076930167115884,-0.0052844944528028,16.799999237060547,0.1353996480132233,0.1759478300663146,0.2300376000687985,2,Bear
2013-06-18,-0.0123356158656178,0.0078739927285597,0.0005289175112275,16.610000610351562,0.1339113234041464,0.171779062534168,0.2196834898343342,2,Bear
2013-06-19,-0.0117237071912194,-0.0139135330340167,-0.0103820284237563,16.639999389648438,0.1419024284334114,0.1745342635635821,0.1940752130677596,2,Bear
2013-06-20,-0.0550120835112227,-0.0250901164148794,-0.0165488861803001,20.489999771118164,0.1641626905415503,0.1778288776963582,0.2642515533848126,2,Bear
2013-06-21,0.0116631490496367,0.0032048608144018,-0.0171040227663696,18.89999961853028,0.1640749856678707,0.1797818807803189,0.2689360372749587,2,Bear
2013-06-24,-0.0089967891886606,-0.0127158468075983,0.0041431280904698,20.11000061035156,0.1684014408844728,0.1794711847001274,0.256739081502972,2,Bear
2013-06-25,-0.0037186710729782,0.0095678409403223,-0.0089515425073838,18.46999931335449,0.1732708770428626,0.1797376085764166,0.2565910779147479,2,Bear
2013-06-26,-0.0429435368024657,0.009852461898512,0.0064682087649163,17.209999084472656,0.1759460180518182,0.1639568598809522,0.2899792579823609,2,Bear
2013-06-27,-0.0199818476947398,0.0058523152938267,0.0101710193825514,16.860000610351562,0.1767590070554198,0.1629566038339496,0.2880490658804291,2,Bear
2013-06-28,0.0269746040479934,-0.0041053496139975,0.0068140254587021,16.860000610351562,0.1762403467636442,0.1659017819212565,0.3033749611023704,2,Bear
2013-07-01,0.0168168853369691,0.0058428359352776,0.0020122565359377,16.3700008392334,0.1711422547911527,0.1662805221153921,0.3092229855941523,2,Bear
2013-07-02,-0.0089559782660616,-0.0009305847786661,-0.0006346275704323,16.440000534057617,0.1698155176192853,0.1644973790586152,0.2968939416251628,2,Bear
2013-07-03,0.0057311075874801,0.0004342159142967,-0.002993998818541,16.200000762939453,0.1691711737208049,0.1623096155511949,0.2993995326161284,2,Bear
2013-07-05,-0.0221924410734478,0.0107306550982055,-0.0346828179040506,14.890000343322754,0.1656984740210604,0.1895619199892137,0.3035174820338864,2,Bear
2013-07-08,0.011953053151682,0.0056884498249948,0.0096468926042644,14.779999732971191,0.1640056121623234,0.1949719928513114,0.3065357652246475,2,Bear
2013-07-09,0.0092450630396769,0.0071719384014225,0.0010238699369035,14.350000381469728,0.1599949234399179,0.1878495525587528,0.3039526642545483,2,Bear
2013-07-10,0.0027320810310944,0.0003632477653405,-0.0078510332690654,14.210000038146973,0.1599899578464997,0.1886433336723424,0.3031608071965226,2,Bear
2013-07-11,0.0268379498215752,0.01352859829098,0.0116619616757226,14.010000228881836,0.1612027793100993,0.1884854701235477,0.3224112790600245,2,Bear
2013-07-12,-0.0008857802448473,0.0004182899165914,-0.0008353933076355,13.84000015258789,0.1572956747556814,0.1835107433394739,0.3201719034034982,2,Bear
2013-07-15,0.0004027469930758,0.0038130813085975,0.0052772987494523,13.789999961853027,0.150077260903378,0.1744433741059529,0.3204914557801411,2,Bear
2013-07-16,0.0057012165936061,-0.0037534855536104,0.0034115952397372,14.420000076293944,0.1486928555773175,0.1755917254485204,0.3206866174719611,2,Bear
2013-07-17,-0.0126507444445967,0.0025634446437946,0.0018385001218857,13.779999732971191,0.1470542051740576,0.1756979404755087,0.3222307421082742,2,Bear
2013-07-18,0.0055796241976728,0.0054628147694326,-0.0125717113618867,13.770000457763672,0.1459199982476944,0.1793689240354988,0.3222789017611294,2,Bear
2013-07-19,0.0088311304668714,0.0017748734478626,0.0156901733335526,12.539999961853027,0.1352549766549106,0.187286401015767,0.3231492611228918,2,Bear
2013-07-22,0.0293779408314707,0.0019487740030447,0.001464499026306,12.289999961853027,0.093187534992149,0.1788209599380194,0.2779146886378315,2,Bear
2013-07-23,0.0067299450738798,-0.0021256034845703,-0.0042150660278853,12.65999984741211,0.0949795639517549,0.1688426765161228,0.2762688617668241,2,Bear
2013-07-24,-0.0173417252310216,-0.0036724562064949,-0.0127536694143114,13.18000030517578,0.0802404027980021,0.1740958824828249,0.2818128470623572,2,Bear
2013-07-25,0.0092914570841155,0.0024301783174911,-0.000371908414291,12.970000267028809,0.0770203450482128,0.1713486726112016,0.282470402074367,2,Bear
2013-07-26,0.0008545396647843,0.0010644070518274,0.0061214907323253,12.720000267028809,0.0731053875788476,0.1711861576908194,0.2307452276847063,1,Bull
2013-07-29,-0.0024100890856849,-0.0030794260700454,-0.0073314029092784,13.390000343322754,0.074623146872146,0.1686931028228215,0.2151907084824398,1,Bull
2013-07-30,-0.0027281369156585,0.0,-0.000372598798688,13.390000343322754,0.0715657118661314,0.1663635539825751,0.2009008350961786,1,Bull
2013-07-31,-0.0012495787031893,0.000711574115066,0.0036274103565879,13.449999809265137,0.0706254552660368,0.1668572286858711,0.1954545723526734,1,Bull
2013-08-01,-0.0106062075736405,0.0114919211939996,-0.0194564796713443,12.9399995803833,0.0767102291147908,0.1784158374599387,0.1967644151088462,1,Bull
2013-08-02,-0.0019765195887397,0.0016979878744591,0.0109491460776298,11.979999542236328,0.0763614006690606,0.1839670348698081,0.1969975727393381,1,Bull
2013-08-05,-0.0052368894460473,-0.0014634693094718,-0.0077270977478867,11.84000015258789,0.0719030295667171,0.1412988304744665,0.1784653085130888,1,Bull
2013-08-06,-0.0138584806212786,-0.0056993667826332,0.0029281112833426,12.720000267028809,0.0756497875664224,0.1373002367459926,0.1844021912486759,1,Bull
2013-08-07,0.001450913547965,-0.003245285330342,0.0074248297652828,12.979999542236328,0.0746692249791228,0.139932443666732,0.1823732317459013,1,Bull
2013-08-08,0.0215935967721895,0.0036580447446459,0.002711511576883,12.729999542236328,0.0751007426656723,0.1373656519647225,0.1953836777500009,1,Bull
2013-08-09,0.0,-0.0028898734188045,0.0015863467627056,13.40999984741211,0.061804690023789,0.1312129364553941,0.173791746135776,1,Bull
2013-08-12,0.0177355656547404,-0.0011821070168734,-0.0068294456839238,12.8100004196167,0.0620887666672042,0.1332495092747685,0.1829826116786249,1,Bull
2013-08-13,-0.0108227552615397,0.0029523718316413,-0.0145609672260856,12.3100004196167,0.0615712419783791,0.1401255471983314,0.1881829085245109,1,Bull
2013-08-14,0.0098154729514987,-0.0051426061804358,0.0015220497664942,13.039999961853027,0.0629283631993998,0.139467150903983,0.1899144119582382,1,Bull
2013-08-15,0.020638289899497,-0.0140846154386529,-0.0135956689339363,14.729999542236328,0.0797207056539885,0.1450272657048906,0.1935444588360512,1,Bull
2013-08-16,0.0067355563630182,-0.0033111922546037,-0.0034770609475015,14.369999885559082,0.0772816191113007,0.1401556993367268,0.1937703121546328,1,Bull
2013-08-19,-0.0043086149432469,-0.0064122689299449,-0.0087449622068481,15.100000381469728,0.0789439270695363,0.1267751697818538,0.1942890931035989,1,Bull
2013-08-20,0.0033275569963088,0.004903809935934,0.0076802454113072,14.90999984741211,0.0810894478550919,0.1312277015198452,0.168179040931281,1,Bull
2013-08-21,-0.0028730521644412,-0.006178940936983,-0.0110044532989095,15.9399995803833,0.0829214271624314,0.1343423287446623,0.1675727475815777,1,Bull
2013-08-22,0.0055873765166521,0.0090734725556579,0.0101321039678246,14.760000228881836,0.0898095487851382,0.1366433823131906,0.1545093875114389,1,Bull
2013-08-23,0.0156142009395074,0.0033665311288384,0.0107980572083577,13.979999542236328,0.0902781377390105,0.1434707950947805,0.1597577462068697,1,Bull
2013-08-26,0.0040688280316244,-0.0037278754318722,0.0049732226794358,14.989999771118164,0.0906532295961195,0.1427743011204628,0.1597916098763399,1,Bull
2013-08-27,0.0095518953014983,-0.0162154911807922,0.0125154019895113,16.770000457763672,0.1049546292781474,0.1487603679053504,0.1606208942601629,1,Bull
2013-08-28,-0.000292498247905,0.0035447585469823,-0.0081356024078818,16.489999771118164,0.1063065822525805,0.1511377201058811,0.1597506142016198,1,Bull
2013-08-29,-0.006163432755339,0.0015854383219253,0.0079471902467121,16.809999465942383,0.1065619294929284,0.1534532258581902,0.1623188342611366,1,Bull
2013-08-30,-0.009242551987358,-0.0031729303471742,-0.0011315266286821,17.010000228881836,0.0959645984556868,0.1373485631124394,0.1609568074021803,1,Bull
2013-09-03,0.0132823904928981,0.0045118196135422,-0.0142045672242567,16.610000610351562,0.0978071803368852,0.1403449589585037,0.1637614916155347,1,Bull
2013-09-04,-0.0129852384920244,0.0082390341595252,-0.0022096313795917,15.880000114440918,0.1038926021773818,0.1382559626189556,0.1710937616772164,1,Bull
2013-09-05,-0.0184372059791775,0.0012665546068366,-0.014041961717875,15.770000457763672,0.1030605327163847,0.1450511702369407,0.1774880816079649,1,Bull
2013-09-06,0.0146426270407535,0.0004815745797914,0.0049612102095666,15.850000381469728,0.1028776581771533,0.1433914953589495,0.1818106331714535,1,Bull
2013-09-09,-0.0017905715189216,0.0095304608804732,0.0004855614949459,15.630000114440918,0.1080323618993662,0.1427586857263085,0.1704877443390081,1,Bull
2013-09-10,-0.0163376349454609,0.0073699214101504,-0.0070079275855689,14.529999732971191,0.1111095809842154,0.1433820349859449,0.182563449725291,1,Bull
2013-09-11,-0.0003037393323617,0.0031338231680611,0.0088491932393335,13.81999969482422,0.1115964868442153,0.1470932025986707,0.1731735846047273,1,Bull
2013-09-12,-0.031077790087025,-0.0026605450034745,-0.0013563600899715,14.289999961853027,0.1114709669307872,0.139036459402744,0.2022758253420075,1,Bull
2013-09-13,0.0011742263444235,0.0022473712432407,0.0038702795805385,14.15999984741211,0.1102633298909664,0.1397489586509767,0.1991694446865503,1,Bull
2013-09-16,-0.0107760728527254,0.0057710726988422,-0.0066854626273603,14.380000114440918,0.0987845349393862,0.1335685589732722,0.1866179620094809,1,Bull
2013-09-17,0.0003953591857079,0.004452040309392,0.0082297244434215,14.529999732971191,0.0980628649082208,0.1361641360333666,0.1841834905983428,1,Bull
2013-09-18,0.0426353275133656,0.011507803100497,0.0122667166759154,13.59000015258789,0.0995248680482231,0.1380539450062754,0.2406570308883385,1,Bull
2013-09-19,-0.0019714482594688,-0.001677255464292,-0.0059230487603455,13.15999984741211,0.0999943190217767,0.1381531865382444,0.2404338056465622,1,Bull
2013-09-20,-0.0291884794949476,-0.007015832692267,0.0052555634769811,13.119999885559082,0.1008970278433209,0.1322490103968996,0.2604925369080633,1,Bull
2013-09-23,-0.0032092394127312,-0.004638545098655,0.0073122050611079,14.3100004196167,0.099929310233935,0.1302510781155935,0.2592539817402295,1,Bull
2013-09-24,0.0008620400005458,-0.0023563323464745,0.0107283207837671,14.079999923706056,0.1004239635475486,0.1301870413006158,0.2516030861417088,1,Bull
2013-09-25,0.0088126102598934,-0.0028949464014886,0.0020577144059057,14.010000228881836,0.0999644146449729,0.1295325786654724,0.2537214505647089,1,Bull
2013-09-26,-0.0077948199893089,0.0038380344157032,-0.0070311504621623,14.0600004196167,0.0779128880713055,0.1255253021859429,0.2505203666479725,1,Bull
2013-09-27,0.0091915298563927,-0.0046069424907205,0.0024427208246635,15.460000038146973,0.0809993431717272,0.1219708867928782,0.2540494920723217,1,Bull
2013-09-30,-0.0061443597053424,-0.0053431011951618,-0.0015025222131094,16.600000381469727,0.0845600206462854,0.1192642864548605,0.2540462956454561,1,Bull
2013-10-01,-0.028407152018487,0.0078856521892288,-0.0030389087363565,15.539999961853027,0.0858040780514013,0.1197259167324348,0.2684598086628111,2,Bear
2013-10-02,0.019631079706307,-0.0009455960525798,0.0015113763944178,16.600000381469727,0.085760852838307,0.1077375283844804,0.2743523744151192,2,Bear
2013-10-03,0.0009440116150262,-0.0092637396437874,-0.0016059899410639,17.670000076293945,0.0900137764533002,0.1075371863207875,0.272447360895948,2,Bear
2013-10-04,-0.0051239836851865,0.0075480257400244,-0.0007562082416826,16.739999771118164,0.0930334937677909,0.0930903424818549,0.2666119387279714,2,Bear
2013-10-07,0.008734372074589,-0.008682000999095,0.0040596179227489,19.40999984741211,0.0989827640635789,0.0927287344435323,0.2626973681842571,2,Bear
2013-10-08,-0.0018820415130879,-0.0117155145193563,0.0002826742879921,20.34000015258789,0.1022164866278262,0.0927602272509273,0.2626950224446778,2,Bear
2013-10-09,-0.0101772083075164,0.0007249632159669,-0.0080385325994413,19.600000381469727,0.0983859617538295,0.0940145418394327,0.2594151121949616,2,Bear
2013-10-10,-0.0146979560029409,0.0213289832387456,0.0016130482241703,16.479999542236328,0.1241380545107658,0.0901220083684734,0.2629415989224985,2,Bear
2013-10-11,-0.0135295797485602,0.0064226090710463,-0.0002842917163689,15.720000267028809,0.1255114563562086,0.0898256406650063,0.2455877199781321,2,Bear
2013-10-14,0.0018742894021133,0.0039860605057275,-0.0080924569585434,16.06999969482422,0.1259428812207282,0.0947348106863954,0.2457111431076652,2,Bear
2013-10-15,0.0073004988987751,-0.0072804090622767,-0.0006699177376383,18.65999984741211,0.1274047675995413,0.0911211176509456,0.2454589643979793,2,Bear
2013-10-16,-0.0015368016784752,0.0138693453339828,0.0124537159906659,14.710000038146973,0.1354191512351543,0.0964250760217271,0.2454083001447243,2,Bear
2013-10-17,0.0309237046395825,0.0066607377409547,0.0090284118967524,13.479999542236328,0.1314413476097929,0.0922612649440282,0.2212585178650382,2,Bear
2013-10-18,-0.0044834283018233,0.0067315843359512,0.0021502840957432,13.039999961853027,0.1330824719920429,0.0888673619500622,0.2214704791032723,1,Bull
2013-10-21,0.0010243461627259,5.761681268847891e-05,-0.0031800533240452,13.15999984741211,0.1301529414615199,0.0889735186956385,0.1978737708954449,1,Bull
2013-10-22,0.0184149475256124,0.0057745924574652,0.0110899298655295,13.329999923706056,0.1294499635636721,0.0932498076085404,0.2078845445191361,1,Bull
2013-10-23,-0.0050381372278342,-0.0048002665322021,0.0038856413035514,13.420000076293944,0.1306413796222194,0.0871670601733916,0.2088162530424213,1,Bull
2013-10-24,0.0093584462134963,0.0033167970498929,-0.0038856413035513,13.199999809265137,0.12984091515968,0.088490545361289,0.2091022650743195,1,Bull
2013-10-25,0.0043018411406916,0.0045571855547259,0.0037006912931753,13.09000015258789,0.1300145466241103,0.0847158911839685,0.2073137583122521,1,Bull
2013-10-28,0.0007661546853194,0.0015901265149172,-0.0034226012968127,13.3100004196167,0.1279678847372233,0.0858924601080134,0.2051544912243628,1,Bull
2013-10-29,-0.0060691868438285,0.0053197957120292,0.001296865143846,13.40999984741211,0.1255452074822798,0.0855229082575387,0.2051235924023399,1,Bull
2013-10-30,-0.0013108546592705,-0.0049791457960647,-0.006033435222897,13.649999618530272,0.126533395564016,0.0878415000245376,0.1763184040646068,1,Bull
2013-10-31,-0.0144558996030279,-0.0028404032008436,0.0021388879366498,13.75,0.1272414636577957,0.0879396460379988,0.1725715578907781,1,Bull
2013-11-01,-0.0062036472985393,0.0023862489786408,-0.0108828074468075,13.279999732971191,0.1206797444344478,0.0965228023546769,0.1739820555730499,1,Bull
2013-11-04,-0.0011034001173,0.003512442961068,0.0009406660649464,12.93000030517578,0.1193040062588665,0.0964661908493371,0.1730702593701044,1,Bull
2013-11-05,-0.0019733992654948,-0.0031719686847255,-0.0120202001237718,13.270000457763672,0.1144049174051061,0.1045022635852253,0.1702960580584528,1,Bull
2013-11-06,0.0050441421853756,0.0050928257419251,0.0004758888792316,12.670000076293944,0.1023650889113668,0.1045197868666625,0.1712265901234154,1,Bull
2013-11-07,-0.0082096552319324,-0.0127241803281441,0.0084351214300983,13.90999984741211,0.1162114596132689,0.1048656408663223,0.1698943792570681,1,Bull
2013-11-08,-0.0150138969796366,0.013401005507963,-0.0243601458577062,12.899999618530272,0.1025649551552739,0.1353094284764859,0.1702423834580509,1,Bull
2013-11-11,-0.0033044239634363,0.0001693744027343,-0.0037790461336858,12.529999732971191,0.1016293381731869,0.1356759289605325,0.1635539891746159,1,Bull
2013-11-12,-0.0115298922635141,-0.0020321472987876,0.004648644615851,12.81999969482422,0.1022352490169643,0.134441975176267,0.1686375736723526,1,Bull
2013-11-13,0.003261328070826,0.0079924399719038,0.0036647306922012,12.520000457763672,0.0990695651019446,0.1351609911271438,0.1669619560570399,1,Bull
2013-11-14,0.0114925042581555,0.0049766866230404,0.0061420791970878,12.369999885559082,0.0904875797154446,0.1293756235848784,0.1718151817758995,1,Bull
2013-11-15,0.0004022933599002,0.0043413912742253,0.0020078496887523,12.1899995803833,0.0893159481338701,0.1250930068456048,0.1308826734888168,1,Bull
2013-11-18,-0.0114878551769745,-0.0035050999545342,0.0059967103528336,13.100000381469728,0.089293635462335,0.1269355454208877,0.1352899618187444,1,Bull
2013-11-19,0.0004067148534695,-0.0021757505545714,-0.0076212467363285,13.390000343322754,0.0900342911392613,0.1289775119499014,0.1351612451471404,1,Bull
2013-11-20,-0.0232864778606247,-0.0031328231558617,-0.0171700652313252,13.399999618530272,0.0896779989515878,0.1331344852687631,0.1347994983864133,1,Bull
2013-11-21,-0.0014996278848543,0.0080359519159189,0.0016517049325119,12.65999984741211,0.0905550364881597,0.1320721232065525,0.1348552030666935,1,Bull
2013-11-22,-0.0001667995702194,0.0049900433262848,0.009282367254149,12.260000228881836,0.091176574224396,0.1378190257954845,0.1273713540300755,1,Bull
2013-11-25,0.0044929014899409,-0.0009957885700377,0.0028827766872596,12.789999961853027,0.090870306300311,0.1374466209406153,0.1275262329330537,1,Bull
2013-11-26,-0.0053271259064878,0.0002765331914167,0.0037352490729576,12.8100004196167,0.0909222825104742,0.1385492306568058,0.1265215944497154,1,Bull
2013-11-27,-0.003009034468549,0.0024328073417002,-0.0017223625964543,12.979999542236328,0.0898122732383724,0.1382139825105113,0.1263617279134162,1,Bull
2013-11-29,0.0103265231793815,-0.0006630294868527,0.000286974083255,13.699999809265137,0.0873728881559738,0.1373356221933202,0.1355140039108894,1,Bull
2013-12-02,-0.0261891342727092,-0.0026002346773314,-0.0078078320081688,14.229999542236328,0.0872348785363271,0.1386023547883539,0.1526061791298517,1,Bull
2013-12-03,0.0032266076387879,-0.0043300323441611,0.0036709622955112,14.550000190734863,0.0892288621999879,0.1355581520228595,0.154335430166623,1,Bull
2013-12-04,0.0168127700631316,-0.0001112814660921,-0.0095919304344302,14.699999809265137,0.0887981454450035,0.1385512649846723,0.1695647530165993,1,Bull
2013-12-05,-0.0139345494677597,-0.0044049721739685,-0.0028271810719012,15.079999923706056,0.0895878392302637,0.1333043114768539,0.1739735425557169,1,Bull
2013-12-06,0.0021110414726728,0.011114945376915,0.0047718031473419,13.789999961853027,0.0955269819372043,0.1347457681328617,0.172509830514524,1,Bull
2013-12-09,0.0098208549270327,0.0025390637520886,0.0023298786542671,13.489999771118164,0.0814935458793146,0.1310582025905986,0.1773538750769158,1,Bull
2013-12-10,0.0173888497223861,-0.0035897258075498,0.0071470938148761,13.90999984741211,0.0714707079112425,0.1031859994542339,0.1839330536766504,1,Bull
2013-12-11,-0.0079116869197182,-0.0112945027224218,-0.0077285595615982,15.420000076293944,0.0830787020345497,0.1060525520597391,0.1853623783290227,1,Bull
2013-12-12,-0.0214936116861528,-0.0033067354178286,-0.0037904596086073,15.539999961853027,0.0836592265650954,0.1055989202724996,0.1953237943075496,1,Bull
2013-12-13,0.0091724154361196,-0.0001125056379925,0.0048565170775439,15.760000228881836,0.0788595446040112,0.1062306252300868,0.1982464402933897,1,Bull
2013-12-16,0.002593427549575,0.0062128265266992,-0.0036883611295176,16.030000686645508,0.0799652366147592,0.104315754330292,0.1933099227967834,1,Bull
2013-12-17,-0.0087270915409162,-0.0031857401831556,0.0044633030216345,16.209999084472656,0.0790463218178081,0.1054402202542237,0.1945891464323661,1,Bull
2013-12-18,-0.0088039246895406,0.0169286516321982,-0.0050471581275619,13.800000190734863,0.0982105122128371,0.1037701093102029,0.1931961230863285,1,Bull
2013-12-19,-0.0240083889709399,-0.0011566758070738,-0.0009739895968795,14.149999618530272,0.09791041733263,0.1009784527191733,0.2072164219508268,1,Bull
2013-12-20,0.0097071548874557,0.0057999485822464,0.0152720531458381,13.789999961853027,0.0984504022492004,0.0968697192392707,0.1983655703886432,1,Bull
2013-12-23,-0.0031964326223482,0.005328997067174,-0.0056752641865367,13.039999961853027,0.0964654579059812,0.0993678819876783,0.1984324942877956,1,Bull
2013-12-24,0.0045754712143115,0.0021885964596625,-0.0080389442564944,12.479999542236328,0.0954687846298404,0.0981184809305307,0.1995910908383435,1,Bull
2013-12-26,0.0054973459155529,0.0050712817945406,-0.0038619198918657,12.329999923706056,0.0963299976920081,0.0980951019152614,0.2000036374076702,1,Bull
2013-12-27,0.0032498521874086,-5.476581078066546e-05,-0.0028446705184965,12.460000038146973,0.0963725877147798,0.0970080196186873,0.2001391564563651,1,Bull
2013-12-30,-0.0148813837468993,-0.0001629869013743,0.0068520828874978,13.5600004196167,0.096335020717938,0.1006710814469287,0.2057247182228683,1,Bull
2013-12-31,0.0063064728922819,0.0047219709445768,-0.0063606675747087,13.720000267028809,0.0969940011142138,0.1025639339418119,0.2032319794065717,1,Bull
2014-01-02,0.0160604616562731,-0.0096299280998668,0.0030388590831898,14.229999542236328,0.1033314177383515,0.1002130598162417,0.1918372490987198,1,Bull
2014-01-03,0.0108728865029934,-0.0001637128517218,0.0,13.760000228881836,0.1016771389335264,0.0991434134133811,0.1951720347825366,1,Bull
2014-01-06,0.001758860402907,-0.0029024915264583,0.0041995401767759,13.550000190734863,0.1025460893925806,0.0947197732967307,0.1861075979959273,1,Bull
2014-01-07,-0.0057066310123573,0.0061231382627262,0.0025306790123989,12.920000076293944,0.1021037787995285,0.0944517439830414,0.180546715834524,1,Bull
2014-01-08,-0.005908660231014,0.0002177466607602,-0.0027252345593259,12.869999885559082,0.0958975544510944,0.0936008766196697,0.1816162951876724,1,Bull
2014-01-09,0.0028742629920471,0.0006537740023963,0.0058319969075452,12.890000343322754,0.0957216971353794,0.0954678574453542,0.1783649869925924,1,Bull
2014-01-10,0.0150807402546145,0.0027187698583856,0.0118503930079022,12.140000343322754,0.0945285145413626,0.1010304384982881,0.175605469728567,1,Bull
2014-01-13,0.0062997100806515,-0.0133940369282557,0.0049680656637756,13.279999732971191,0.0982169269515146,0.0976958635081425,0.1750635654680672,1,Bull
2014-01-14,-0.0093811428268745,0.0108386182383707,-0.0045848872428554,12.279999732971191,0.1024561100466718,0.0982233251675461,0.1607108591044297,1,Bull
2014-01-15,-0.001920232062457,0.0053755717171887,-0.0010540684901206,12.279999732971191,0.1029842941022357,0.0973959752262539,0.1578587175145003,1,Bull
2014-01-16,0.0010857988198335,-0.001300338806714,0.0066868962188367,12.529999732971191,0.102378090108486,0.0981691767419705,0.1576463076267849,1,Bull
2014-01-17,0.0094716509347488,-0.0042385840789751,0.0041801035645922,12.4399995803833,0.1030634504986563,0.0980542300018683,0.1574996328672615,1,Bull
2014-01-21,-0.0102232812518835,0.0029362462053749,0.0007579328848547,12.869999885559082,0.0869242339159251,0.0954557250179345,0.1586745888319702,1,Bull
2014-01-22,-0.0042697080909429,0.0006514319114181,-0.0024659702023232,12.84000015258789,0.0866093996543608,0.0960673016096218,0.1322635991072665,1,Bull
2014-01-23,0.0215793786383496,-0.0082272559692549,0.0140504203763049,13.770000457763672,0.0903432862458865,0.0939071140013926,0.1468233100357003,1,Bull
2014-01-24,0.0040970230715239,-0.0215665287548613,0.0064407882834321,18.13999938964844,0.1159674137769422,0.0919233252504894,0.1455235431511256,1,Bull
2014-01-27,-0.010935375825426,-0.0049314757162264,-0.0070024600186895,17.420000076293945,0.1161550162953489,0.0905745438721205,0.1527340667845731,1,Bull
2014-01-28,-8.269303790833496e-05,0.0059366587854664,0.0024335716603459,15.800000190734863,0.1167898892110098,0.0880953892183082,0.1523250099776846,1,Bull
2014-01-29,0.0124889001760895,-0.0096514499730644,0.0081907737109883,17.350000381469727,0.1202259405106048,0.0883830079945146,0.1568154561576777,1,Bull
2014-01-30,-0.0222929030693126,0.0105448439194701,-0.0028785487676124,17.290000915527344,0.1274703918378637,0.0891218398586815,0.1686028343991669,1,Bull
2014-01-31,0.0026682222466366,-0.0058757788508015,0.0066728007250044,18.40999984741211,0.1265456459820373,0.0844981160597812,0.1678398342089003,1,Bull
2014-02-03,0.0101902491270345,-0.0227623586375792,0.0121101798531125,21.440000534057617,0.1438913685020616,0.0903146053601508,0.1626183186337094,2,Bear
2014-02-04,-0.0027238004077891,0.0069803289982999,-0.0106671409934845,19.11000061035156,0.1473360714733582,0.1020817942129785,0.1593437480578456,2,Bear
2014-02-05,0.0024764999719102,-0.0012552172411606,-0.0092890888029257,19.950000762939453,0.1473185860423712,0.1101818319461991,0.1594246920249324,2,Bear
2014-02-06,-0.0004123452992865,0.0131010041576031,-0.0043012099917189,17.229999542236328,0.1539499544151144,0.1124360575361301,0.1577871081452795,2,Bear
2014-02-07,0.0076414678584546,0.0123196371949071,0.0008428305769363,15.289999961853027,0.1612677898240227,0.1112732467431567,0.157335981116868,2,Bear
2014-02-10,0.0061202199377636,0.001834616811958,0.0028057794361922,15.260000228881836,0.1614727578928548,0.1104636100774881,0.1580659362456018,1,Bull
2014-02-11,0.0116468677325225,0.0108847244221489,-0.0058072264899071,14.510000228881836,0.1662190187934601,0.1072978217812845,0.1548342334416881,1,Bull
2014-02-12,0.0005627211416357,0.0004946482270172,-0.0051792895752937,14.300000190734863,0.1595378255437731,0.108383708048582,0.1539111093128767,1,Bull
2014-02-13,0.0084827458589736,0.0051495768816107,0.0056492079121757,14.140000343322754,0.1558880936785679,0.108049844522761,0.1506627725413209,1,Bull
2014-02-14,0.0131414467696457,0.0055036295264115,0.0005625478581052,13.56999969482422,0.1559461284387692,0.1077968840965283,0.1544913736259308,1,Bull
2014-02-18,0.0019642512463853,0.0011943764425474,0.0022499333334827,13.869999885559082,0.1559567983793077,0.1059972550761257,0.1543919710671798,1,Bull
2014-02-19,-0.0089093102499072,-0.0066436046731683,-0.004221995019275,15.5,0.1569904418874222,0.1067363686790789,0.1576783457604141,1,Bull
2014-02-20,0.0104779140871635,0.0058836006932563,-0.002447269283673,14.789999961853027,0.1580515351770851,0.1072233383871062,0.1536175168948571,1,Bull
2014-02-21,-0.0001567257863737,-0.0011414476243415,0.0052641126440566,14.68000030517578,0.1580774927364439,0.1079891248232865,0.1518003830748248,1,Bull
2014-02-24,0.0109912913969952,0.0055317194877874,-0.0025346811765309,14.229999542236328,0.156346982061178,0.0969443178998121,0.1396250134376863,1,Bull
2014-02-25,0.0017041151320099,-0.0003787052279298,0.0088889616381543,13.670000076293944,0.1342504656473857,0.0993515552985671,0.1395769663313844,1,Bull
2014-02-26,-0.0085497650624025,5.396434970014714e-05,0.0052963495227159,14.350000381469728,0.1323107782888829,0.0974463175546557,0.1368760072013716,1,Bull
2014-02-27,0.0007022460492867,0.0052342955810143,0.0054523289044294,14.039999961853027,0.1320559144629619,0.0986957683252219,0.1366993230582821,1,Bull
2014-02-28,-0.0045344007201413,0.0025253839004507,0.000552922558263,14.0,0.1253625701304915,0.0949582866478237,0.1341485733829669,1,Bull
2014-03-03,0.0207055637228936,-0.0070565798458592,0.0066524977276409,16.0,0.1256782297673734,0.0965018571938645,0.117903133267287,1,Bull
2014-03-04,-0.0124340382319163,0.0139575639530849,-0.0151560854867085,14.100000381469728,0.1297192632615415,0.1088391584163434,0.1309517690741962,1,Bull
2014-03-05,0.0016306772285005,0.000906411231886,0.0021390253099434,13.890000343322754,0.0922644651577834,0.0997841896492955,0.1286045892044205,1,Bull
2014-03-06,0.0098819517304848,0.0022871475780243,-0.0098977720749087,14.210000038146973,0.0915113581330634,0.0988402890154792,0.1290935650154336,1,Bull
2014-03-07,-0.0083314672617628,0.000424871994617,-0.0063073519870772,14.109999656677246,0.090626431844427,0.0960351996720599,0.1354285824526344,1,Bull
2014-03-10,0.0003098795217479,-0.0005309934082958,0.0014150843730808,14.199999809265137,0.0843888876194124,0.0951862428248476,0.1352244059824529,1,Bull
2014-03-11,0.0056372651087014,-0.0049551009065518,0.0026376958599637,14.800000190734863,0.0809369676690194,0.0956312854561622,0.1345345121817152,1,Bull
2014-03-12,0.0145250923982891,0.0002673523073757,0.0069351426013266,14.470000267028809,0.0811493731087593,0.0982434169076148,0.1400994014514718,1,Bull
2014-03-13,0.0034095741251415,-0.011276899940962,0.0133614244591835,16.219999313354492,0.0863306304088504,0.1058608238752227,0.1367878041264017,1,Bull
2014-03-14,0.0067091529538362,-0.0028117149056843,0.0001841085086124,17.81999969482422,0.0872473989475934,0.1035109424822437,0.1371128421277472,1,Bull
2014-03-17,-0.0110298518190625,0.0090028078508844,-0.0074920536613757,15.640000343322754,0.0906917689784734,0.1064739793908824,0.1441349980240812,1,Bull
2014-03-18,-0.0077786123459218,0.0071126492363069,0.0036145956153952,14.520000457763672,0.0918940101090468,0.1069681429230339,0.1424773838320552,1,Bull
2014-03-19,-0.0195591938397794,-0.0053428467343222,-0.0078006118887604,15.119999885559082,0.0944151873321441,0.1108356704563971,0.159652543843923,1,Bull
2014-03-20,-0.0017971931407437,0.0058227269286079,-0.0017737680529614,14.520000457763672,0.0921782026993575,0.1098944543755093,0.156374706730749,1,Bull
2014-03-21,0.0047595034331983,-0.0038861843924882,0.0107756909135194,15.0,0.092156479556977,0.1149648254107841,0.1530405547115764,1,Bull
2014-03-24,-0.0179859621841334,-0.0041444945456562,0.0070896986878758,15.09000015258789,0.0935102239779112,0.1159759813056652,0.165685813502255,1,Bull
2014-03-25,0.0018211601163198,0.0047345344959062,-0.0037690459479815,14.020000457763672,0.0930207050767655,0.1165467922144718,0.1606222736115942,1,Bull
2014-03-26,-0.0079422224405048,-0.0072180147596222,0.0077975981113298,14.93000030517578,0.0968373891119171,0.11568421854608,0.1620740887672271,1,Bull
2014-03-27,-0.0065600821195669,-0.0021106304945393,0.0050126353359326,14.619999885559082,0.0971803845193572,0.1155566010237795,0.1611151854228929,1,Bull
2014-03-28,-0.0002408089919865,0.0049178254649605,-0.0056523282895488,14.40999984741211,0.0969773303243827,0.1165881977490789,0.1609986243399918,1,Bull
2014-03-31,-0.0076560550880481,0.0081615121036859,-0.0024718974560047,13.880000114440918,0.1006315851878216,0.1170380776627718,0.1621304909827581,1,Bull
2014-04-01,-0.001781386873533,0.0066085656945384,-0.0085827429830567,13.100000381469728,0.0990053229780164,0.1185855721985067,0.1405685337554836,1,Bull
2014-04-02,0.0075088182006584,0.0033409541876555,-0.0057636887657233,13.09000015258789,0.0877483092731712,0.1078117586232185,0.1399480065994752,1,Bull
2014-04-03,-0.003222702832067,-0.0013243738409378,0.0043721161442374,13.369999885559082,0.0879704807543034,0.1086264124104632,0.1395274669620304,1,Bull
2014-04-04,0.0132271882380384,-0.0118923976940851,0.0066606835997297,13.960000038146973,0.0974102699540601,0.1043388753745621,0.14350297456667,1,Bull
2014-04-07,-0.005269862274747,-0.011113457507687,0.0059753850892428,15.56999969482422,0.104365734113898,0.1022073304421929,0.1421090141223057,1,Bull
2014-04-08,0.0094024013457184,0.0041142873522427,0.0023798811792622,14.890000343322754,0.1057437384610311,0.102246057679376,0.1470279331185489,1,Bull
2014-04-09,0.0018224588899723,0.0106937724130479,-0.004949788909708,13.81999969482422,0.1113173099679014,0.1046216342442903,0.1453989631820631,1,Bull
2014-04-10,0.0054474728041236,-0.0212297475324924,0.0092377471504819,15.890000343322754,0.1337405195197365,0.106490154106858,0.1360364779128715,1,Bull
2014-04-11,-0.000630084531246,-0.0090492479116878,0.0080700193868283,17.030000686645508,0.131760080915025,0.1003672238090099,0.1348208875396649,1,Bull
2014-04-14,0.0072219339979103,0.007847279743578,-0.0026223759733241,16.110000610351562,0.134790772281638,0.1011545610703316,0.1352464486666722,1,Bull
2014-04-15,-0.0186316327031768,0.0068639512041582,0.0062284926069642,15.609999656677246,0.1331371039573802,0.0978252677094141,0.1439822074585566,1,Bull
2014-04-16,0.0003983830829964,0.0104233443366803,0.0012586591841742,14.18000030517578,0.1359360232292611,0.0975573058661187,0.1428280249283484,1,Bull
2014-04-17,-0.0063127055504717,0.001396136111447,-0.0110248197320215,13.359999656677246,0.1347101465870468,0.1019693201147517,0.1288679406222003,1,Bull
2014-04-21,-0.0040965729855821,0.0034811363275364,-0.0008184181749918,13.25,0.1337061675714227,0.1016543515189663,0.1292347700030928,1,Bull
2014-04-22,-0.0037093751967073,0.0045339240193681,0.0033593906752229,13.1899995803833,0.1337808269780119,0.0961230798689074,0.1274937510051247,1,Bull
2014-04-23,-0.0001615629234543,-0.0023441594381751,0.0056935949726442,13.270000457763672,0.1331489990360061,0.095132055182149,0.113065399263917,1,Bull
2014-04-24,0.0064432843996157,0.0020247794626953,0.0018913853330264,13.31999969482422,0.1323959987171006,0.093586640609438,0.1155841138922961,1,Bull
2014-04-25,0.00696032854412,-0.0082330584191647,0.0014385444883314,14.0600004196167,0.1331750418565649,0.0905149438176863,0.1153504029029628,1,Bull
2014-04-28,-0.0043945822562138,0.0031623010773531,-0.0048627205735254,13.970000267028809,0.1332058189806126,0.0913736936033205,0.1140332680272013,1,Bull
2014-04-29,-0.0001601396915206,0.0046452899237868,-0.0013546424161818,13.710000038146973,0.1330975442366017,0.0889269778225499,0.114030477126143,1,Bull
2014-04-30,-0.0051389175637834,0.0029778543135459,0.0041490731456736,13.40999984741211,0.1305626683854895,0.0889352442738627,0.1121876880089371,1,Bull
2014-05-01,-0.0033868120568972,0.0001064647545065,0.0106702878874176,13.25,0.1285502016371603,0.0878317258390183,0.1126878822156755,1,Bull
2014-05-02,0.0101262177160674,-0.0014348500833424,0.0061413366249171,12.90999984741211,0.1280593812892431,0.0843489265704694,0.1151764689751115,1,Bull
2014-05-05,0.0092328232100549,0.0019121138174445,-0.0060510052621475,13.289999961853027,0.1281943273796405,0.0889894495291677,0.1184358768998539,1,Bull
2014-05-06,-0.0019032349869848,-0.0087417402063329,0.0040082065968566,13.800000190734863,0.124951600969362,0.0876945474421631,0.1098397266264401,1,Bull
2014-05-07,-0.0144716111579449,0.0058723459829408,-0.0035626344730414,13.399999618530272,0.1194846272950542,0.0882614648325677,0.1197448292242741,1,Bull
2014-05-08,0.0,-0.0010655179974862,-0.0042918691778909,13.43000030517578,0.1190786955734779,0.0903245737194567,0.1144763471903855,1,Bull
2014-05-09,-0.0005638997673951,0.0014908900850406,-0.0032307474350816,12.920000076293944,0.1134411697138631,0.08906698551159,0.1141036119024922,1,Bull
2014-05-12,0.0067459616910509,0.0096887174094195,-0.0040540295861474,12.229999542236328,0.0873334027874747,0.0857134863246358,0.1150901673466973,1,Bull
2014-05-13,-0.0027250474989195,0.0008953725796039,0.008628132036042,12.130000114440918,0.078241643993176,0.0863518899202566,0.1152838554841106,1,Bull
2014-05-14,0.0096642188504034,-0.0047490963714647,0.0107692290387442,12.170000076293944,0.0788836394483026,0.0923979902488229,0.1177315625937205,1,Bull
2014-05-15,-0.0083007974395812,-0.0088189998601279,0.0079363948224027,13.170000076293944,0.0841466750185252,0.0937510184652644,0.1024223349853218,1,Bull
2014-05-16,-0.0021662996131933,0.0034628060787196,-0.0028149964302177,12.4399995803833,0.0773149347025941,0.0948138589139055,0.1025953684264266,1,Bull
2014-05-19,0.0006423786190592,0.0036622444689716,-0.0074258076832951,12.420000076293944,0.0780451282958724,0.0897079431955897,0.1003459059680196,1,Bull
2014-05-20,0.0008825820644809,-0.0063246617133384,0.0022160424395903,12.960000038146973,0.0808214214474358,0.0894424720223431,0.0993022461940661,1,Bull
2014-05-21,-0.0024088902731867,0.0083890181974926,-0.0061275869210274,11.90999984741211,0.0844885171110548,0.0927894497192802,0.0987624648544981,1,Bull
2014-05-22,0.0022484453545559,0.0024293159000269,-0.0014266635273206,12.029999732971191,0.084214482886582,0.0914633408297948,0.0989933985138466,1,Bull
2014-05-23,-0.0012841805482511,0.0040006818949984,0.0053382080087577,11.359999656677246,0.0849284002743123,0.0928444366953444,0.0965892172003968,1,Bull
2014-05-27,-0.0215952835728062,0.0061278222374225,0.0058390583639922,11.510000228881836,0.0804890206150356,0.0944828475607138,0.1187102932558495,1,Bull
2014-05-28,-0.0053487190929204,-0.000731506202651,0.0122745406709741,11.68000030517578,0.0804953516217664,0.0996483289491837,0.1190611938023313,1,Bull
2014-05-29,-0.002147473423706,0.0051592185874203,-0.0053294777468409,11.56999969482422,0.0807970161233967,0.1021496957376987,0.1189943254178904,1,Bull
2014-05-30,-0.0042259012255481,0.0016104705610823,-0.0004385129703456,11.399999618530272,0.0805473178186892,0.1019447259539578,0.1186859935180886,1,Bull
2014-06-02,-0.0060800867375652,0.0011411461505088,-0.0074609708835208,11.579999923706056,0.0804674410305568,0.1004726349330943,0.1195957000545334,1,Bull
2014-06-03,0.0025865033749125,-0.0005182679879542,-0.0123811729198592,11.869999885559082,0.0801597007380083,0.1076488241989187,0.1129450985235881,1,Bull
2014-06-04,-0.0020853324948185,0.0020205412018731,-0.0002696326463604,12.079999923706056,0.0801729660485548,0.1056428545171159,0.1053594753378414,1,Bull
2014-06-05,0.0074869454142961,0.0065013386695101,0.0004477987806356,11.68000030517578,0.0734893789368588,0.1046192932600614,0.1109069524652995,1,Bull
2014-06-06,-0.0004144987075746,0.0047710243978012,0.0,10.729999542236328,0.0728385369751585,0.1039258979416123,0.1013557428777684,1,Bull
2014-06-09,0.0003316000625026,0.0010230687911251,-0.0014343841103184,11.149999618530272,0.0721360859359229,0.1029354291080575,0.1014193342702176,1,Bull
2014-06-10,0.0061146931634976,0.0001025075038398,-0.0036859929357625,10.989999771118164,0.0724104796423028,0.103130159777327,0.1046742267081419,1,Bull
2014-06-11,0.0001647798373538,-0.003482815725932,0.0017996058026521,11.600000381469728,0.0688403420308399,0.1021996973184607,0.1009122359313714,1,Bull
2014-06-12,0.0100799518677402,-0.0071051456327331,0.0088624623114374,12.5600004196167,0.0747170246578208,0.1024430205163424,0.1082217906061076,1,Bull
2014-06-13,0.0026058621978226,0.0030440204853185,-0.0005347516545579,12.18000030517578,0.0721398887582346,0.0951363726092729,0.1022571517224664,1,Bull
2014-06-16,-0.0044013513188367,0.0008236723877263,0.0024928766028406,12.649999618530272,0.0622152938432714,0.0910366534276367,0.0996520331578619,1,Bull
2014-06-17,-0.0011442534259886,0.0027758201325485,-0.0079476147969268,12.0600004196167,0.062017928993083,0.0943712759874563,0.0995519389365784,1,Bull
2014-06-18,0.0031843210782079,0.0073128332422425,0.0076809860132454,10.609999656677246,0.0647139102747707,0.095357134645898,0.1004199047563125,1,Bull
2014-06-19,0.0342167449930915,0.0011202466056696,-0.0128947169909952,10.619999885559082,0.0575967154327305,0.1048218002766881,0.1574089213213298,1,Bull
2014-06-20,-0.0034722449435065,0.002028239419261,0.0075423313279335,10.850000381469728,0.0530401016652514,0.1066228844928619,0.1577292217464902,1,Bull
2014-06-23,0.0027629658487138,-0.0003061261160883,-0.0031355615154147,10.979999542236328,0.0535480272357396,0.1070597602700467,0.1577987703360757,1,Bull
2014-06-24,0.0010243461627259,-0.0060424716804033,0.0100881581977346,12.130000114440918,0.0592976488487209,0.1113101623687762,0.1576124180896799,1,Bull
2014-06-25,7.870619989025702e-05,0.0045095772787455,0.0025724208734666,11.59000015258789,0.0578870032416695,0.1097418569248874,0.1348069020369842,1,Bull
2014-06-26,-0.0020494607960696,-0.0007163270893423,0.0047733412432919,11.630000114440918,0.0578805574334596,0.1018943810288378,0.1330234634743035,1,Bull
2014-06-27,-0.0005525055816399,0.0019427164684048,-0.0015010359665805,11.260000228881836,0.0561747428093389,0.1004324971615693,0.1324917364628572,1,Bull
2014-06-30,0.0108363026647642,-0.0005107652538145,0.0024699385246422,11.56999969482422,0.0563996948816272,0.1008711428172541,0.133556068923765,1,Bull
2014-07-01,-0.0026589235253348,0.0066709849062463,-0.0084078006082861,11.149999618530272,0.059760307138985,0.1017885371697635,0.1311561566932517,1,Bull
2014-07-02,0.0,0.0010141998754164,-0.0107454425946779,10.81999969482422,0.0594282188875531,0.099445732189579,0.1315843095410784,1,Bull
2014-07-03,-0.0042375742987988,0.0049061284146026,-0.0036070550010173,10.31999969482422,0.0606905707224147,0.1001921863776618,0.132828930482597,1,Bull
2014-07-07,-0.0011016368953835,-0.003487258186504,0.0072913534666331,11.329999923706056,0.0600692769226612,0.1035380273981616,0.1323865618032505,1,Bull
2014-07-08,0.0003935853683654,-0.0064506733471741,0.011150005382372,11.979999542236328,0.0635993829344805,0.1104061952320023,0.1321960119829999,1,Bull
2014-07-09,0.0060413400571193,0.0044741724167184,0.0007990471741316,11.649999618530272,0.0651059977277089,0.1101556729896105,0.1325036547815805,1,Bull
2014-07-10,0.0054606343394769,-0.0039647602769713,0.0002652098717754,12.59000015258789,0.0669955848303441,0.1090100115697173,0.1323140230272851,1,Bull
2014-07-11,0.0018654249196527,0.0013741747818883,0.0063584282200712,12.079999923706056,0.0655388444956171,0.1106133059327268,0.1320301939511053,1,Bull
2014-07-14,-0.0240482909919927,0.0050229231312066,-0.0043232556984066,11.81999969482422,0.0607756673458271,0.1083966199956255,0.1585977353259071,1,Bull
2014-07-15,-0.0095105807084893,-0.0018747069337666,-0.0020351725216644,11.960000038146973,0.0612980674361566,0.1087003369883034,0.1627265314247814,1,Bull
2014-07-16,0.0035270773350869,0.0036946623409817,0.0053019433714619,11.0,0.0620073154347602,0.1098042137562651,0.1619696232290476,1,Bull
2014-07-17,0.0168217498132304,-0.0114312994110488,0.0125242846380231,14.539999961853027,0.0753242863574668,0.112688617059232,0.1707189766775903,1,Bull
2014-07-18,-0.0075823687555933,0.01016752623876,-0.0032256777787556,12.0600004196167,0.0791568056345225,0.1115172274826866,0.1736966802538651,1,Bull
2014-07-21,0.0016635571611118,-0.0018730976312657,0.004964833470015,12.8100004196167,0.0795765647888214,0.1000230011549378,0.1261120647369795,1,Bull
2014-07-22,-0.0047603905187627,0.0043483368771751,0.0020835328311039,12.239999771118164,0.0805614005706781,0.0978821036202207,0.1266078767502503,1,Bull
2014-07-23,-0.0009547670752033,0.0022176537822131,-0.0013015274204186,11.520000457763672,0.0806992716923986,0.0969652951919367,0.1261335618791812,1,Bull
2014-07-24,-0.0101613409118702,5.0318555352655154e-05,-0.0074944736116579,11.84000015258789,0.0769921326140751,0.0969076725955819,0.1303517533406621,1,Bull
2014-07-25,0.0115136991504272,-0.0046924680566416,0.0117399038105768,12.6899995803833,0.07823023293428,0.1039078083811921,0.1373701655731199,1,Bull
2014-07-28,-0.0016708368622554,0.0004046322017724,-0.0013843026261801,12.5600004196167,0.0781036137483566,0.1034951269127207,0.1373209448512491,1,Bull
2014-07-29,-0.0030305859758105,-0.0043065841218243,0.0036295446206848,13.279999732971191,0.0797050274709993,0.1034612523997649,0.1376158689575543,1,Bull
2014-07-30,-0.0029596079595894,0.0001519597279405,-0.0139851458050815,13.329999923706056,0.0796558577383436,0.1159470354032432,0.1313879703922434,1,Bull
2014-07-31,-0.0116027603674273,-0.0199455689683876,-0.0029789971639071,16.950000762939453,0.1028436776392786,0.1121811629162325,0.1361965012738278,1,Bull
2014-08-01,0.0079913076296403,-0.0030602311209729,0.0077115391369285,17.030000686645508,0.1028257621545211,0.1064980482962499,0.1401608506827175,1,Bull
2014-08-04,-0.003140473630863,0.0071948928829488,-0.0026220029479375,15.119999885559082,0.1048123951696491,0.1059450752488655,0.1399179471899669,1,Bull
2014-08-05,-0.0009682492234866,-0.0097438087668642,0.0032327728326964,16.8700008392334,0.1088123468246461,0.1041353270224747,0.1399199175713094,1,Bull
2014-08-06,0.0144267583175031,0.0003129736823792,0.0006109476385978,16.3700008392334,0.1073258318468615,0.0979814207221006,0.1500093589328373,1,Bull
2014-08-07,0.0040500523045255,-0.0054297949300572,0.00928527059755,16.65999984741211,0.1064141377834823,0.1021423960354964,0.1490662948280461,1,Bull
2014-08-08,7.926565064659302e-05,0.0115022557545751,-0.0021622444718959,15.770000457763672,0.1150297347725236,0.1028112853792375,0.1474562618633013,1,Bull
2014-08-11,-0.0018243380474585,0.0028942934391612,-8.628459059607332e-05,14.229999542236328,0.1155042907973472,0.1011753713865042,0.1471447348872497,1,Bull
2014-08-12,0.0002381328025559,-0.001394305526271,-0.0065142992804492,14.130000114440918,0.11363221836863,0.1028785771357907,0.1210653871571023,1,Bull
2014-08-13,0.0016654041582138,0.0067462198101812,0.006514299280449,12.899999618530272,0.1166711475156974,0.104140395752059,0.1159671416275585,1,Bull
2014-08-14,0.0008712575320018,0.0047102245472329,0.0080193604886557,12.420000076293944,0.1171919146964485,0.1058897122746449,0.1154963969133587,1,Bull
2014-08-15,-0.0065927733819829,-0.000203976089004,0.010847292947533,13.149999618530272,0.1102855726651641,0.1038006583132693,0.1014512822300935,1,Bull
2014-08-18,-0.0041527313104027,0.0083441794909575,-0.0099893199445413,12.31999969482422,0.108331594210438,0.1099615338882512,0.0991496890964,1,Bull
2014-08-19,-0.0022432214180039,0.0052053432485836,-0.0030940926313806,12.210000038146973,0.1096262738332567,0.1098052503162168,0.0990269994104024,1,Bull
2014-08-20,-0.0036962603887065,0.0026679690324973,-0.0016363444670385,11.779999732971191,0.108987946076168,0.10991711679654,0.0985351173658392,1,Bull
2014-08-21,-0.010845949910482,0.0029116024546321,0.0055883964933075,11.760000228881836,0.1091783529088148,0.1111596871088643,0.1047703287138569,1,Bull
2014-08-22,0.0025196517444803,-0.0015554253322186,0.0055569808557804,11.470000267028809,0.1093487174091146,0.1081531202878024,0.0999746608419689,1,Bull
2014-08-25,-0.0036596192356669,0.0050582591240669,0.0037443423565873,11.699999809265137,0.1091479551844024,0.1018339961576651,0.0904686254652709,1,Bull
2014-08-26,0.0049575510486128,0.0006488496438015,-0.0032325366109033,11.630000114440918,0.1091459069760806,0.1025700965743214,0.0928867416710998,1,Bull
2014-08-27,-0.0002432300617622,-0.0003994281669288,0.0084855012298743,11.779999732971191,0.1077608599427723,0.1055475564589731,0.0925647687175653,1,Bull
2014-08-28,0.0054989650617529,-0.0005493116077459,0.0052248073699375,12.050000190734863,0.1078406327506889,0.0908926207408105,0.094601901406181,1,Bull
2014-08-29,-0.0011296651673684,0.0028436160039488,0.0006721275512423,12.09000015258789,0.0772789858678525,0.0892250720422768,0.0853660776559242,1,Bull
2014-09-02,-0.0180038186649482,-0.0004981327083985,-0.0174006207879108,12.25,0.0757247186213356,0.1097242102718088,0.1013903250831586,1,Bull
2014-09-03,0.0041017284228743,-0.0005485112373499,0.0055526260819021,12.359999656677246,0.0737105271469612,0.1099760291053092,0.1026114928672462,1,Bull
2014-09-04,-0.0055001423844152,-0.0014474343784273,-0.0122576387018007,12.640000343322754,0.0623564816893456,0.1193958044513049,0.1039463549019861,1,Bull
2014-09-05,0.0047630393034795,0.0044850570440442,-0.0018991421044453,12.09000015258789,0.0626158283674685,0.1197233127699285,0.0904780299198967,1,Bull
2014-09-08,-0.0109560319650655,-0.0025888605477157,0.0004315442488043,12.65999984741211,0.0589243131035729,0.1154203220023182,0.0939790960860242,1,Bull
2014-09-09,0.0011589354452107,-0.0063514973048344,-0.000776950091394,13.5,0.05628793701718,0.1151758024141479,0.0943685323263876,1,Bull
2014-09-10,-0.0050595272199483,0.0037557310869488,-0.0063300479253975,12.880000114440918,0.056639590758935,0.1173667499688155,0.0949343459901662,1,Bull
2014-09-11,-0.0065907793280692,0.001148981717453,-0.0033112534264711,12.800000190734863,0.0556697971749225,0.1156799027649844,0.0956643934925024,1,Bull
2014-09-12,-0.0091655379856101,-0.0058580754698173,-0.0105279351210599,13.3100004196167,0.0581619340766518,0.1186757778400462,0.0970268083401697,1,Bull
2014-09-15,0.0021939266239324,-0.0007536911584682,0.0014979920216395,14.119999885559082,0.056879772058951,0.1146672324678194,0.0978047316892378,1,Bull
2014-09-16,0.0016002230258534,0.0075099851601155,-0.0040590995241184,12.729999542236328,0.0613081834962619,0.1064494340846383,0.0981122104015152,1,Bull
2014-09-17,-0.010915206737387,0.001345816863562,-0.0025675905256545,12.649999618530272,0.0554675352638121,0.1022765260869693,0.1021791733442361,1,Bull
2014-09-18,0.0020397581785849,0.0053160711975454,0.0031863737054366,12.029999732971191,0.0555792798431406,0.1033091233882674,0.1036012358639783,1,Bull
2014-09-19,-0.0058756285675485,-0.0009015754096688,0.0126445587782865,12.109999656677246,0.0554562052592136,0.1137695552349234,0.1041360639181063,1,Bull
2014-09-22,-0.0020517906581858,-0.0077529024405166,0.0012211673614148,13.6899995803833,0.061898120245324,0.1118307497319995,0.0999628271897555,1,Bull
2014-09-23,0.0063979745629404,-0.0057406194100313,0.0061692532041885,14.93000030517578,0.0649631865763777,0.1122797746427076,0.1032157645911964,1,Bull
2014-09-24,-0.0046878024801881,0.0077973633294759,-0.0055592740194446,13.270000457763672,0.0682905265403949,0.112323141691648,0.1034587082437641,1,Bull
2014-09-25,0.0029004996819042,-0.0162672829562376,0.0117765783728706,15.640000343322754,0.0886032323758323,0.1204509421225603,0.1018838711635915,1,Bull
2014-09-26,-0.0028151166840319,0.0079137946522171,-0.0014655398418045,14.850000381469728,0.0935432810084785,0.1160834461028001,0.101600285680817,1,Bull
2014-09-29,-0.0002563012510607,-0.0018204714114059,0.0079860189489674,15.979999542236328,0.0936826465316016,0.118276456025549,0.0977894356040623,1,Bull
2014-09-30,-0.0070314103994217,-0.002635841997578,-0.0056607538202252,16.309999465942383,0.0932135322400892,0.1193700165717305,0.0986865799997597,1,Bull
2014-10-01,0.0048072679828018,-0.0136445284786242,0.0192054839361059,16.709999084472656,0.1034821919275935,0.123351136658176,0.0859011969374309,1,Bull
2014-10-02,-0.0002569378627691,0.000154324525719,-0.0087498220135889,16.15999984741211,0.1035740372401033,0.1262171955021735,0.0833205943123536,1,Bull
2014-10-03,-0.0184141556425272,0.0109489359554635,0.0042573125351479,14.550000190734863,0.1118535609760177,0.118673731365814,0.1001573561348945,1,Bull
2014-10-06,0.0123137020047989,-0.0011710232820423,0.0005945889204136,15.460000038146973,0.1102779866449226,0.1182643551964418,0.1102243714622649,1,Bull
2014-10-07,0.0028400710335014,-0.0155568538987211,0.0134099466770176,17.200000762939453,0.1213274416612456,0.1258489754130695,0.1070661745083872,1,Bull
2014-10-08,0.0094941533550369,0.0173384084203231,0.000251573818433,15.109999656677246,0.1363409057977033,0.1256577279610194,0.1136180849912123,1,Bull
2014-10-09,0.0014461162700842,-0.0200322236088593,-0.004365132389017,18.76000022888184,0.1512433444603227,0.1242685026857682,0.1131822757817405,2,Bear
2014-10-10,-0.0004251418052048,-0.0114800486378494,0.0098778710444395,21.239999771118164,0.1546861810741134,0.125939732738471,0.1113792836022906,2,Bear
2014-10-13,0.007877727689301,-0.0165633945371757,0.0060631491962098,24.63999938964844,0.1621776780948355,0.11740651081965,0.1108102199465044,2,Bear
2014-10-14,0.0005904407146892,0.0015461350748112,0.0065190697503457,22.790000915527344,0.1627142453963415,0.1178151774207974,0.1105594014502846,2,Bear
2014-10-15,0.0033673029177564,-0.0067891661275247,0.0078653771696071,25.270000457763672,0.1590660531545761,0.11556298438047,0.1110540616500755,2,Bear
2014-10-16,0.0019310980168237,-0.0008582987888699,-0.0063859204267328,25.200000762939453,0.1584478219428341,0.1189771671232686,0.10372582779632,2,Bear
2014-10-17,-0.0019310980168237,0.0117411812335392,-0.0056013976021243,21.989999771118164,0.1643261441745697,0.1233209243547094,0.1039796836266892,2,Bear
2014-10-20,0.0067842731410833,0.0096629799495145,0.0036281006652052,18.56999969482422,0.1700319674175621,0.118610903077698,0.1034663093911785,2,Bear
2014-10-21,0.0018346564364613,0.0196174045674289,-0.0080149973232218,16.079999923706055,0.1852044411848193,0.124436744554009,0.1028536398926584,2,Bear
2014-10-22,-0.0056818361839991,-0.0071363626702497,0.0010775878554356,17.8700008392334,0.1856951738019129,0.1237761463133565,0.1037802045034722,2,Bear
2014-10-23,-0.0068948370259913,0.011557903651902,-0.0089057748316627,16.530000686645508,0.1884521724817798,0.1269303913705485,0.1054912539073906,2,Bear
2014-10-24,-0.0014353713145334,0.0076651683240213,0.0010024974860186,16.110000610351562,0.1823479274041944,0.1219324092656063,0.1053661160008875,2,Bear
2014-10-27,-0.0024533739338829,-0.001375265275716,0.001835800806627,16.040000915527344,0.1801077916177401,0.1214383341717607,0.1052349315700777,2,Bear
2014-10-28,0.000338761149914,0.0114050318618391,-0.0062727120282773,14.390000343322754,0.1845838729106446,0.122194821406758,0.1052079961865974,2,Bear
2014-10-29,-0.0144132365642214,-0.0015130205470454,0.002262743309787,15.149999618530272,0.184406703834941,0.1197872339780456,0.1145043140324808,2,Bear
2014-10-30,-0.01053551358585,0.0063899857323676,0.0008366970572122,14.520000457763672,0.1783285179880255,0.1007934130481245,0.1187814638802084,2,Bear
2014-10-31,-0.022208494160597,0.0113705294282527,-0.0025962537052817,14.029999732971191,0.1816876601100004,0.0957824097964548,0.1402667395545589,2,Bear
2014-11-03,-0.004537191400506,0.0005454831235951,1.7568012589154357e-07,14.729999542236328,0.1785994262554397,0.0949926729253842,0.127037720364386,1,Bull
2014-11-04,0.0006239666286797,-0.003475457232448,0.0031054138819318,14.890000343322754,0.1791713979715612,0.095380612242931,0.1176716826412525,1,Bull
2014-11-05,-0.0218917826150573,0.0062962135580743,-0.0014254792659079,14.170000076293944,0.1692188115713311,0.0836827545345675,0.1357411648480664,1,Bull
2014-11-06,0.00081937764534,0.0039952756147582,-0.0064830382440488,13.670000076293944,0.1602393226534852,0.0866631248340032,0.129027959484488,1,Bull
2014-11-07,0.0277334713135119,0.0009347160712695,0.0114217721710629,13.119999885559082,0.1398147149122902,0.0942223335038565,0.1673484149703828,1,Bull
2014-11-10,-0.0224688513596627,0.0031427595970895,-0.0092276685832809,12.670000076293944,0.1301702787026698,0.0934196879653641,0.1816624790105429,1,Bull
2014-11-11,0.0142025023786147,0.0009798237273822,0.0006734170321734,12.920000076293944,0.1089958191918614,0.0905108170308296,0.1876475881259918,1,Bull
2014-11-12,-0.0048313676631672,-0.0010779225094829,-0.000842172488391,13.020000457763672,0.1101378418975509,0.0866223844355534,0.1873976615177004,1,Bull
2014-11-13,0.0015234861605119,0.0011270109948448,0.0023573524753334,13.789999961853027,0.1036280768257669,0.0814251245437015,0.1867239148007154,1,Bull
2014-11-14,0.0247647135336562,0.0002449527276166,0.0048654930338107,13.3100004196167,0.1030002585998161,0.0819180716050236,0.2096977840843709,1,Bull
2014-11-17,-0.0036758151058755,0.0006364151164701,-0.0025135969319055,13.989999771118164,0.1001522199336326,0.0803089774652766,0.2097843414636413,1,Bull
2014-11-18,0.0087298675184,0.0057570848389206,0.0027643734178353,13.859999656677246,0.0981939372607992,0.0797860800524565,0.2109182721932537,1,Bull
2014-11-19,-0.0119793565335049,-0.0016069375806138,-0.0063783640807293,13.960000038146973,0.0807381532495443,0.0780707816302463,0.2132302205753953,1,Bull
2014-11-20,0.0103265142766631,0.0017529440076796,0.0052070102030408,13.579999923706056,0.0726110332210826,0.0804578178787173,0.2174690026984781,1,Bull
2014-11-21,0.0046036891670851,0.0053363012635938,0.0060131213845025,12.899999618530272,0.0663942922879865,0.0771036546166749,0.2177371074182426,1,Bull
2014-11-24,-0.0024294916878058,0.0028022881163,0.0008324772338795,12.619999885559082,0.0639859678722027,0.0770867895973897,0.2177735933559896,1,Bull
2014-11-25,0.0023428067947762,-0.0007236085740179,0.0082848940202855,12.25,0.0635196646756106,0.0817924195400238,0.2180931309183135,1,Bull
2014-11-26,-0.0019085074799196,0.0025554155643825,0.0027184180994004,12.06999969482422,0.054844766185016,0.078101267672981,0.2180461187941335,1,Bull
2014-11-28,-0.0268419599344374,-0.0021212948893694,0.0078686917807659,13.329999923706056,0.0553964869976482,0.0815439591609393,0.2313786653473261,1,Bull
2014-12-01,0.0390972107141029,-0.0069744107309747,-0.0058513422053592,14.15999984741211,0.0614774965360988,0.085239232107066,0.2686287872234198,1,Bull
2014-12-02,-0.0124289743771137,0.0064434055199325,-0.0097591858451234,12.850000381469728,0.0533406709990446,0.0923514922674601,0.2601829771673287,1,Bull
2014-12-03,0.010282221622139,0.0038557801001769,0.0038986940245041,12.5,0.0540063011756224,0.0929915281841319,0.2612449657774518,1,Bull
2014-12-04,-0.0038758463696522,-0.0011070305140379,0.0083266952760461,12.380000114440918,0.0518810084298347,0.0962981197690606,0.2619518180022711,1,Bull
2014-12-05,-0.0125918642026543,0.0016359927682948,-0.0058462724852414,11.890000343322754,0.0489201892631689,0.0989310307429921,0.2533139133749265,1,Bull
2014-12-08,0.0117285431110152,-0.0067053488975243,0.0121474401280369,14.210000038146973,0.055173718757197,0.1024644490536971,0.2554983890054476,1,Bull
2014-12-09,0.0206016915732119,-0.0006776087184787,0.0051271925981353,15.350000381469728,0.0554078663770924,0.0971691840331603,0.2476955939255297,1,Bull
2014-12-10,-0.0019479434950336,-0.0161614818306138,0.0072787174170338,18.530000686645508,0.0797928456701409,0.0909153180621311,0.2316782403813868,2,Bear
2014-12-11,-0.0022915065517861,0.005057141712263,0.0041014196640339,20.07999992370605,0.0817727158889962,0.0909435640253033,0.2287715245899882,2,Bear
2014-12-12,-0.002381955801053,-0.0162932556817587,0.0134711269451501,21.07999992370605,0.0993934285880588,0.0977562739956185,0.2279596041564996,2,Bear
2014-12-15,-0.0260584566310243,-0.0068933464091104,-0.0020609541648485,20.420000076293945,0.1013766107989481,0.0993591937956182,0.2484859531800197,2,Bear
2014-12-16,0.0048835674587481,-0.0080517696731321,0.0123012638255126,23.56999969482422,0.1040249153162354,0.1044396425799787,0.233784703898057,2,Bear
2014-12-17,-0.0059331848792092,0.0194150236116732,-0.0090539721352592,19.440000534057617,0.1267416160395946,0.1112133139377492,0.2343861616153825,2,Bear
2014-12-18,0.0076715997365085,0.0244279643618135,-0.0179536222858836,16.809999465942383,0.1524468822625399,0.1326734834608136,0.233922953126359,2,Bear
2014-12-19,-0.0033055430745708,0.004245975011012,0.013356862544129,16.489999771118164,0.1528797401157186,0.1346871425014676,0.2302070298768666,2,Bear
2014-12-22,-0.0195325019759251,0.0045894548915267,0.0013494680515011,15.25,0.1534725874805983,0.1345089400883885,0.2372040672227378,2,Bear
2014-12-23,0.0016866692377105,0.0013485537176522,-0.0200343136049252,14.800000190734863,0.1525730660701039,0.1550964564115539,0.2365551719979303,2,Bear
2014-12-24,0.0002660527710927,9.61353586588292e-05,0.0054281230249301,14.369999885559082,0.1523481540092147,0.1556808873828431,0.2365494941150307,2,Bear
2014-12-26,0.0181024732576551,0.003219713627237,0.0037048385055789,14.5,0.152600709980279,0.1540290525079998,0.2454687416401949,2,Bear
2014-12-29,-0.0101532921437786,0.0013421058214486,0.0074471114818723,15.0600004196167,0.1524593146438089,0.1553834963309579,0.2478303336187081,2,Bear
2014-12-30,0.0133702241807313,-0.0053799747697618,0.0027093322611755,15.920000076293944,0.1535815014737576,0.1538136291388622,0.2329212539984263,2,Bear
2014-12-31,-0.0141622712002735,-0.0099730707938795,0.0019075836138503,19.200000762939453,0.1557207693568358,0.1515150616789606,0.1937910953927533,2,Bear
2015-01-02,0.0043925221460414,-0.0005352261942592,0.0110567146940803,17.790000915527344,0.1540693397291539,0.1486329446257843,0.1902843340447478,2,Bear
2015-01-05,0.0149646187759837,-0.0182246577292605,0.0155861496341869,19.920000076293945,0.1654540286554472,0.1551013165494718,0.1942587423858089,2,Bear
2015-01-06,0.0113344821714199,-0.0094634718167393,0.0178569616963356,21.1200008392334,0.1679261386811842,0.1623007591644067,0.1977636036711156,2,Bear
2015-01-07,-0.0059088369939748,0.0123843136985795,-0.0019768173850082,19.309999465942383,0.1745107919499325,0.15993817896724,0.1934952510368398,2,Bear
2015-01-08,-0.0042173997009501,0.0175891467646744,-0.0133310379499921,17.010000228881836,0.1846068576057911,0.1677238939529003,0.1900270278089607,2,Bear
2015-01-09,0.0113208727848808,-0.0080456532795011,0.0108928077533128,17.549999237060547,0.1867490085144693,0.1699175989976946,0.1798360377377952,2,Bear
2015-01-12,0.0110254312016538,-0.0078644821156482,0.0057055816383414,19.600000381469727,0.1799305239609142,0.1695111361764506,0.1839751266153587,2,Bear
2015-01-13,-0.0033794717396936,-0.0028169099395848,0.0,20.559999465942383,0.179286895135135,0.1697628109455972,0.1842023362124723,2,Bear
2015-01-14,-0.0016093040146014,-0.0060550425062398,0.0075581980064033,21.479999542236328,0.1710495005004136,0.1662702786266389,0.1840858238272604,2,Bear
2015-01-15,0.0248642098306643,-0.0092030635299329,0.0156124978101987,22.38999938964844,0.1724471429689011,0.1713585545753262,0.1768465352355688,2,Bear
2015-01-16,0.0129796795335201,0.0130289525977035,-0.0128312673864296,20.950000762939453,0.1752608721696448,0.1768260958038925,0.1803237587529733,2,Bear
2015-01-20,0.0136188903625512,0.0021305845968754,0.013202129330885,19.88999938964844,0.1623121553637929,0.1758747510180318,0.1807881097751255,2,Bear
2015-01-21,0.0002415683194497,0.0050350785629956,-0.0116271390865636,18.850000381469727,0.1381285211735584,0.1674496793443436,0.1807024204582006,2,Bear
2015-01-22,0.0080173601345771,0.0147615339153335,-0.0036041438573867,16.399999618530273,0.147275067828254,0.1651666175255749,0.1794920351709761,2,Bear
2015-01-23,-0.0080173601345771,-0.0054980817808651,0.0138224332028235,16.65999984741211,0.1473761653671639,0.1694807301196646,0.1641199326425432,2,Bear
2015-01-26,-0.0100316793623295,0.0023392426318481,-0.0030476546001564,15.520000457763672,0.1475791027949593,0.149003587818985,0.1716786368263695,2,Bear
2015-01-27,0.0113991586858071,-0.0132780572111933,0.0015620598423114,17.219999313354492,0.153996585524846,0.1491707289472686,0.1728380806680148,2,Bear
2015-01-28,-0.00790903451403,-0.012907528747322,0.0162163850469032,20.440000534057617,0.1582820721688236,0.1551265288298998,0.1708504854913278,2,Bear
2015-01-29,-0.0217880355284341,0.0092011488179848,-0.0066019162301851,18.76000022888184,0.162614285849298,0.1593519165871051,0.1865432843837001,2,Bear
2015-01-30,0.0220310685420678,-0.0126548399132655,0.0175817491741072,20.96999931335449,0.1666693134666496,0.1662017644582877,0.1949045385370989,2,Bear
2015-02-02,-0.0083784506048197,0.0123082383860901,-0.0037824712510229,19.43000030517578,0.1709011802783801,0.1684944571206139,0.1893276817256536,2,Bear
2015-02-03,-0.011254031870982,0.0143575800498107,-0.0213940937161652,17.329999923706055,0.1788447487471399,0.1883724826812036,0.1961072715824054,2,Bear
2015-02-04,0.0043687887862804,-0.0038150301427979,0.0017082276622657,18.32999992370605,0.167059980689787,0.1824840433749394,0.1912160863204995,2,Bear
2015-02-05,0.0017257602352123,0.0100444116605229,-0.0110396802276459,16.850000381469727,0.1659924713079656,0.1783996767810025,0.188384229220051,2,Bear
2015-02-06,-0.0262045649311726,-0.0027694218156462,-0.0178607964031301,17.290000915527344,0.1616921588727726,0.1895365590903895,0.21072721917185,2,Bear
2015-02-09,0.0044573370525421,-0.0044857353964554,-0.0016049295011221,18.549999237060547,0.150426762409002,0.1834462757494534,0.2102172632883361,2,Bear
2015-02-10,-0.0058912554670821,0.0105970950981738,-0.0079854652108145,17.229999542236328,0.1521756310901368,0.1816157612448082,0.2083352029431462,2,Bear
2015-02-11,-0.0118877303857678,0.0005798281947185,0.0018484000188752,16.959999084472656,0.1490414322344741,0.1804696727395262,0.2088534735215079,2,Bear
2015-02-12,0.0023036284035265,0.0095710664819538,-0.0033148016193349,15.34000015258789,0.1512112010597786,0.1806996419237556,0.208829132326888,2,Bear
2015-02-13,0.005439474740014,0.0041078868988975,-0.0103210109128368,14.6899995803833,0.1488205411841379,0.1809658625098047,0.2097114104563748,2,Bear
2015-02-17,-0.0168387343268335,0.001572094506732,-0.0151708929097756,15.800000190734863,0.1431084522858493,0.1754215432251624,0.1967805734100032,2,Bear
2015-02-18,0.0028404943034609,9.488021292551404e-05,0.0059228111005092,15.449999809265137,0.1381394560599043,0.1742843507930369,0.1900880239218829,1,Bull
2015-02-19,-0.0034440700358846,-0.0007138393287534,-0.0066357009033486,15.289999961853027,0.1384479011971415,0.1655737363760699,0.1808631846799355,1,Bull
2015-02-20,-0.0057088958668452,0.0059826354982885,0.0029277799819192,14.300000190734863,0.1387627760541679,0.1638083807273975,0.1805789271981506,1,Bull
2015-02-23,0.0013003471683988,-0.0001421863996306,0.0113935155848454,14.5600004196167,0.1306945840425157,0.1705402400029634,0.1766080300248036,1,Bull
2015-02-24,-0.0014738237281034,0.0028366752282107,0.0130408733258028,13.6899995803833,0.128510475237843,0.1696629395201915,0.1761307272007142,1,Bull
2015-02-25,0.0038101432806243,-0.0008498184323808,0.0043094109676905,13.84000015258789,0.1287424303796243,0.1708588566063996,0.1762578628110054,1,Bull
2015-02-26,0.0031928469281336,-0.0011822436606149,-0.0137622114899291,13.90999984741211,0.117697883967833,0.175700178328501,0.1700467903461023,1,Bull
2015-02-27,0.0007751278516169,-0.003412125065562,0.0083727001077838,13.34000015258789,0.1066332593409764,0.1672853920552973,0.1697419596127275,1,Bull
2015-03-02,-0.0041408215543513,0.0062938055096667,-0.0188023496514847,13.039999961853027,0.1047696855370343,0.1761637659209012,0.1553830616918885,1,Bull
2015-03-03,-0.0018169945131893,-0.0041124504743283,-0.0036322353518411,13.859999656677246,0.0929130749973269,0.1593464249531057,0.1284472948343672,1,Bull
2015-03-04,-0.0031225683060647,-0.0042246968515251,0.0003164598877851,14.229999542236328,0.0889553570716105,0.1600754099659731,0.1270510134889383,1,Bull
2015-03-05,-0.0009560698660537,0.0010938096263361,-0.0012659485520297,14.039999961853027,0.076597183627971,0.1469935711407181,0.1235105935545512,1,Bull
2015-03-06,-0.0276840335134201,-0.0141645154177128,-0.0223395810066009,15.199999809265137,0.0921065053582793,0.160421760551527,0.1486020943344089,1,Bull
2015-03-09,0.0009828943243309,0.0041362944701863,0.009188012911143,15.0600004196167,0.0867498764987083,0.1646073824164556,0.1482653681578135,1,Bull
2015-03-10,-0.0049241610152976,-0.0163551240737759,0.0130717263314524,16.690000534057617,0.1042341269300374,0.1645650350454548,0.1245433542967884,1,Bull
2015-03-11,-0.006031419233618,-0.0023442519106618,0.0072596622546517,16.8700008392334,0.1033675268986243,0.1674290700026369,0.1219130814208831,1,Bull
2015-03-12,-0.0002709060307489,0.0126334406996272,-0.0007080360015226,15.420000076293944,0.1062071455333862,0.1656108055002721,0.1220723794577103,1,Bull
2015-03-13,0.0014440077763354,-0.0061512042148147,-0.0030729809219977,16.0,0.1083356139613186,0.1654698176214317,0.1188404141215464,1,Bull
2015-03-16,-0.0006315097549614,0.0132721758177918,0.0095818816124861,15.609999656677246,0.1132136444069085,0.1692874821697731,0.1177484564065497,1,Bull
2015-03-17,-0.0054293725195361,-0.0029768815973436,0.0082507671345332,15.65999984741211,0.1125717681983663,0.167919588029154,0.1142174833550659,1,Bull
2015-03-18,0.0194093939657839,0.0119500662267037,0.0191184723961459,13.970000267028809,0.1203515137762448,0.1698757820261895,0.1280420229018438,1,Bull
2015-03-19,-0.0007122036244302,-0.004571684033661,-0.0051088222306594,14.06999969482422,0.1214247575857242,0.170981568841527,0.1271062800474448,1,Bull
2015-03-20,0.0113345654787513,0.008787761873153,0.0052607545731471,13.020000457763672,0.1252623041405551,0.1688015075244309,0.1346202905077557,1,Bull
2015-03-23,0.0063197017036317,-0.0019505405729428,-0.0012178412146119,13.40999984741211,0.1237405240808494,0.1691455648150703,0.1357442549076145,1,Bull
2015-03-24,0.0024469013218018,-0.0056349759682264,0.0096230841242221,13.619999885559082,0.1252357671579413,0.167996759756139,0.1359842474650678,1,Bull
2015-03-25,0.0013955838286018,-0.0147620323613753,-0.0084817578171508,15.4399995803833,0.1341501587635446,0.1663631949823187,0.136050346136212,1,Bull
2015-03-26,0.0065158127936534,-0.0023845677463616,-0.0157119380788915,15.800000190734863,0.134209648858896,0.1752032563150045,0.1373764722781332,1,Bull
2015-03-27,-0.0036436736475295,0.0022872113903724,0.0123610586665601,15.06999969482422,0.134765752085629,0.1730688018730388,0.1373589199765819,1,Bull
2015-03-30,-0.0114506523855383,0.0121261847481549,-0.0049719356596944,14.510000228881836,0.1419303638979047,0.1721262865857235,0.1424572925933049,1,Bull
2015-03-31,-0.0007914897422241,-0.008778187275406,0.0021437234234035,15.289999961853027,0.142661075914041,0.1573166285040648,0.1419981079587979,1,Bull
2015-04-01,0.0169243749497968,-0.0035423819206793,0.0130506231861311,15.109999656677246,0.1425206607002564,0.1611441807380029,0.1546492062146109,1,Bull
2015-04-02,-0.0027720019363937,0.0035910762939209,-0.0106530268871403,14.670000076293944,0.1428819202137419,0.1671347114008446,0.1545632323224016,1,Bull
2015-04-06,0.0121569256379318,0.0067106877797307,-0.0055991968067957,14.739999771118164,0.1450560526611303,0.1687647373327489,0.1600438940511708,1,Bull
2015-04-07,-0.0049828438445891,-0.002650041093776,0.0083491790384567,14.779999732971191,0.1365079842594963,0.1461622539287438,0.1247539723717815,1,Bull
2015-04-08,-0.0055272563602129,0.0033714982726367,0.0003053151077124,13.979999542236328,0.1362528695194994,0.1446083744690102,0.1272878804697685,1,Bull
2015-04-09,-0.0069523444531916,0.0044136517183036,-0.0130493399470696,13.09000015258789,0.122945573612113,0.1488336263228133,0.1287561814382534,1,Bull
2015-04-10,0.0112731254124599,0.0054421934004533,0.0014670957215114,12.579999923706056,0.1231444599530848,0.1472419159791499,0.130170400924181,1,Bull
2015-04-13,-0.0071827735479249,-0.0045331603967999,0.0013880694525342,13.9399995803833,0.1178050737870938,0.1471150649992547,0.1339656937413735,1,Bull
2015-04-14,-0.0060980844312982,0.0019114762681401,0.0070627787188674,13.670000076293944,0.1152072144136555,0.147684091701112,0.136781692624194,1,Bull
2015-04-15,0.0086135987552239,0.0044771031088477,-0.0008422187428448,12.84000015258789,0.1072025254452125,0.144956552665298,0.1386981256035586,1,Bull
2015-04-16,-0.0034713349747602,-0.0002852653409839,-0.0049886895398765,12.600000381469728,0.1064635756749378,0.1439597755852731,0.1375474510399115,1,Bull
2015-04-17,0.004942989742755,-0.0115706543302093,0.0113991151195574,13.890000343322754,0.1064943096422341,0.1334483227588946,0.1228737163195884,1,Bull
2015-04-20,-0.0076415555466046,0.0090955810145901,-0.0088630855023078,13.300000190734863,0.1101442158686377,0.1359005798263157,0.1266260256228407,1,Bull
2015-04-21,0.0057366175320521,-0.0011919649965309,-0.0045389890457383,13.25,0.1057836644850811,0.1352740903540108,0.1222909091106905,1,Bull
2015-04-22,-0.0135248816010839,0.004901846065633,-0.0153835986622682,12.710000038146973,0.1069978642424604,0.1447128272681208,0.1299881062973915,1,Bull
2015-04-23,0.0072651359960974,0.0025133515390468,0.0042975697813844,12.479999542236328,0.1051614195647568,0.1408011244869075,0.1322721137798289,1,Bull
2015-04-24,-0.0141410337003532,0.0023177834841633,0.0062169716732624,12.289999961853027,0.0893164160334386,0.1408092437254825,0.1409283066954446,1,Bull
2015-04-27,0.0199673743957626,-0.0041661733084412,0.0,13.119999885559082,0.0904594376012899,0.1299263736157992,0.1564575408866639,1,Bull
2015-04-28,0.0086333954543481,0.0031735820223865,-0.0138868632281322,12.40999984741211,0.0906382997138176,0.1301744300667357,0.1586806248269369,1,Bull
2015-04-29,-0.0070738707743615,-0.0041230156160764,-0.0123308354122148,13.390000343322754,0.0833737647426956,0.1351960042691043,0.1552057104781954,1,Bull
2015-04-30,-0.0178186292336543,-0.0100710224187812,0.0017477900999311,14.550000190734863,0.0852901996644361,0.1350632490185244,0.1679917642074364,1,Bull
2015-05-01,-0.0034429465428855,0.0107831821091892,-0.0135527370585256,12.699999809265137,0.0910496249746317,0.1298966995047173,0.1564344257921794,1,Bull
2015-05-04,0.0089796944769085,0.0028429702275997,-0.0094803180783864,12.850000381469728,0.0908333416477327,0.1290787225236595,0.1600589395937145,1,Bull
2015-05-05,0.0028006293425995,-0.0115178128322275,-0.0013848823562835,14.3100004196167,0.0983182866569095,0.1287814424073329,0.1539073970506473,1,Bull
2015-05-06,-0.0005245000462393,-0.0041252850620728,-0.017269362991363,15.149999618530272,0.0989960130225751,0.1317065154245904,0.1532034136828271,1,Bull
2015-05-07,-0.0082536463493557,0.0039817935227779,0.013348399427522,15.130000114440918,0.0992665681711263,0.1441074312169789,0.1545656786516651,1,Bull
2015-05-08,0.0048375401365222,0.0130798076293874,0.0026968340457348,12.859999656677246,0.1080488608644727,0.1409300210098581,0.1540987340477403,1,Bull
2015-05-11,-0.003868158154194,-0.0047840923944651,-0.0246253753834048,13.850000381469728,0.108100701362054,0.1594056485207954,0.1486098546516217,1,Bull
2015-05-12,0.0085077145701036,-0.0029957381317267,0.0025907888361486,13.859999656677246,0.1073941221345431,0.1599487169963227,0.1503312821825149,1,Bull
2015-05-13,0.0177455686715796,0.0001906847575764,-0.0080430011531151,13.760000228881836,0.1072143300715594,0.1556380903018528,0.1609879516590511,1,Bull
2015-05-14,0.0053908250551019,0.0103737127720184,0.0026877039644639,12.739999771118164,0.1120693862766925,0.1571346702628256,0.1594141362544834,1,Bull
2015-05-15,0.0029823930374759,0.0010833726186766,0.0198523932989217,12.380000114440918,0.1120640556994457,0.177868481425313,0.158844536122441,1,Bull
2015-05-18,-8.510645761585739e-05,0.0031015032030308,-0.0169199748743428,12.729999542236328,0.1033977856535207,0.1758787727030305,0.1582352048421726,1,Bull
2015-05-19,-0.0139670432211819,-0.0003283598977925,-0.0089066119502059,12.850000381469728,0.0993651791546249,0.1758926883619304,0.1638952086068684,1,Bull
2015-05-20,0.0016381642703537,-0.0007044347809688,0.0016868956690612,12.880000114440918,0.0992615123839509,0.1771586518593044,0.1628515528774288,1,Bull
2015-05-21,-0.0033654032062089,0.0029082496765974,0.0138889238747442,12.109999656677246,0.0984450404394073,0.1826576537259623,0.1556368934406564,1,Bull
2015-05-22,-0.0007782781051664,-0.002391632880489,0.0004157059046509,12.130000114440918,0.0987376793752143,0.1812647999451793,0.1538929599507293,1,Bull
2015-05-26,-0.0147272479776649,-0.0108098901102657,0.0169644282271881,14.0600004196167,0.1057654558949004,0.191616714275492,0.1546021029123486,1,Bull
2015-05-27,-0.0001756301338399,0.0094475202588785,0.0022841568503815,13.270000457763672,0.109793196404857,0.1921407001563537,0.1371800574733385,1,Bull
2015-05-28,0.0011407772346871,-0.0011289284754036,-0.0024475709324627,13.3100004196167,0.1094516165310334,0.187476161793807,0.1332252409804928,1,Bull
2015-05-29,0.0007014013330434,-0.0062322954077167,0.0022031252899395,13.84000015258789,0.1107446637842195,0.1838686068231034,0.1314364138808633,1,Bull
2015-06-01,-0.0008767951003625,0.0020343547269494,-0.010805675476294,13.970000267028809,0.1044575137716354,0.18657561772771,0.1155947678672234,1,Bull
2015-06-02,0.0040269605877943,-0.0009930534787872,-0.0140504261374797,14.239999771118164,0.0979018290152594,0.186982928525293,0.1155070008242815,1,Bull
2015-06-03,-0.0071898573672245,0.0026458677340775,-0.0162054773402914,13.65999984741211,0.0978357326139611,0.1919036915968805,0.1142615464150975,1,Bull
2015-06-04,-0.0070646979352704,-0.0084826850647916,0.0129349826855836,14.710000038146973,0.0937608947373108,0.1987721590477466,0.1161013340428942,1,Bull
2015-06-05,-0.0053314369182915,-0.001714125446863,-0.0122547259837743,14.210000038146973,0.092699658768303,0.1944135343472455,0.1172182836655683,1,Bull
2015-06-08,0.0029358308942225,-0.0061687751618313,-0.0011058494881604,15.289999961853027,0.0944033419776131,0.1872105735479045,0.1147454171070117,1,Bull
2015-06-09,0.0022183779511247,-0.0001440446155388,-0.0079483738154721,14.470000267028809,0.0813759641999666,0.1876419954716255,0.1136041202949671,1,Bull
2015-06-10,0.008473122987024,0.0119221715852967,-0.0087915595573001,13.220000267028809,0.0908829960052159,0.1711739286028774,0.1169648558926225,1,Bull
2015-06-11,-0.0045806690469192,0.0032181186827886,0.0208177647558475,12.850000381469728,0.0907850861846065,0.1875538564046928,0.1138635954875379,1,Bull
2015-06-12,-0.0002649015739743,-0.0076841608635877,0.0,13.779999732971191,0.0949853482014152,0.1856210827530734,0.0925636918561473,1,Bull
2015-06-15,0.0044060697400653,-0.0042946503407731,0.0016094735760042,15.390000343322754,0.0881404720266475,0.1854419945083068,0.0917155698990263,1,Bull
2015-06-16,-0.0036115754437751,0.0054367415496261,0.0078413218156896,14.8100004196167,0.0905090731295519,0.1732435333750881,0.0905619553834355,1,Bull
2015-06-17,0.0046661068379395,0.0016159725064101,-0.0077567761379628,14.5,0.0899099294557773,0.1652890280823031,0.0931136059071428,1,Bull
2015-06-18,0.0128290910166516,0.0103454323131811,-0.0049205833560555,13.1899995803833,0.0975417224198023,0.1632866128569824,0.094208810199021,1,Bull
2015-06-19,-0.0017357836863243,-0.0044491093408063,0.0127609854136225,13.960000038146973,0.0987109750945072,0.1693512714536802,0.0940885599378832,1,Bull
2015-06-22,-0.0129395348224731,0.0051101971037047,-0.0206171126906086,12.739999771118164,0.0998819954158005,0.1763964551673167,0.1032917183150053,1,Bull
2015-06-23,-0.006621663748214,0.0007075715529363,-0.0060189190441994,12.109999656677246,0.0995740526709626,0.1769764731916117,0.1052053165111422,1,Bull
2015-06-24,-0.0026610185778751,-0.0072895471586785,0.0085875830288371,13.260000228881836,0.0954102569338019,0.1680020148933935,0.0931701076157843,1,Bull
2015-06-25,-0.0013331015376761,-0.0030451415189845,-0.0035121778038742,14.010000228881836,0.0897786094578788,0.167299038661669,0.0931969909414086,1,Bull
2015-06-26,0.0010666233650124,-0.0001902543912245,-0.0113043930227257,14.020000457763672,0.0897426522937704,0.1701427569513517,0.0931797895181031,1,Bull
2015-06-29,0.0045207021318426,-0.0211934323352563,0.0261244542915667,18.850000381469727,0.113807321760314,0.19703739244115,0.0947844421809254,2,Bear
2015-06-30,-0.0062100708860373,0.0020911192343009,-0.0069566348791601,18.229999542236328,0.1138270421984108,0.195226262784981,0.0968773497853015,2,Bear
2015-07-01,-0.0034767084633963,0.0079833449898967,-0.0135899354513917,16.09000015258789,0.1180755439137252,0.1948583927281521,0.0957587456380621,2,Bear
2015-07-02,-0.0019665798355693,-0.0009159685581401,0.0032807847372995,16.790000915527344,0.1174672065243633,0.187822428175195,0.0932097212649131,2,Bear
2015-07-06,0.0026806862873874,-0.0028499060524972,0.0183651098206334,17.010000228881836,0.1144161824399993,0.193575864669937,0.0910375342036207,2,Bear
2015-07-07,-0.0116687027607574,0.0062691284327271,0.0093508368237041,16.09000015258789,0.1167101384064714,0.1911563303570795,0.0978184028760369,2,Bear
2015-07-08,0.0029749330386005,-0.0169194830027628,0.00859936283101,19.65999984741211,0.1289726416227337,0.1929033997385638,0.0978364656792999,2,Bear
2015-07-09,0.0024275514386137,0.001807143244494,-0.0198988162642942,19.96999931335449,0.1292515809866008,0.2041834086632559,0.097915854195609,2,Bear
2015-07-10,0.0011666795517473,0.0125128373522303,-0.0159852151104085,16.829999923706055,0.1299859701361342,0.2098241754087427,0.0924869122750206,2,Bear
2015-07-13,-0.0044947937019094,0.0109770649705252,-0.0031067862523613,13.899999618530272,0.1354889076608882,0.1963118909929949,0.092445117814295,1,Bull
2015-07-14,-0.002254995812518,0.0043285936455056,0.0032792454258684,13.369999885559082,0.1334918034778045,0.1968117799824861,0.0925124894503718,1,Bull
2015-07-15,-0.0052512044403684,-0.0003325176988851,0.010541161123647,13.229999542236328,0.1324440466075233,0.2005070443194586,0.0913660350063541,1,Bull
2015-07-16,-0.0036377042236319,0.0079921997335229,0.0068814240149533,12.109999656677246,0.1339145427175848,0.200046915388655,0.0913736207476985,1,Bull
2015-07-17,-0.0101644626938931,0.0008477135942373,0.0051512436959575,11.949999809265137,0.1338742716855228,0.198963224480034,0.0931480611180517,1,Bull
2015-07-20,-0.0275268567421123,0.0005175743931168,-0.0042203106636383,12.25,0.1291579935717737,0.198744872438849,0.1136178719733569,1,Bull
2015-07-21,-0.0031268723268024,-0.0039593006072187,0.005399175976573,12.220000267028809,0.128947365378812,0.1945523579323175,0.1133476263636285,1,Bull
2015-07-22,-0.0054241906707403,-0.0017960446728244,0.0062067027563586,12.119999885559082,0.1278564929726138,0.18038073541931,0.1089631913897095,1,Bull
2015-07-23,-0.0044948309762842,-0.0056456915652004,0.0123811598980294,12.640000343322754,0.1292270565832344,0.1822336357992624,0.1085313030325859,1,Bull
2015-07-24,0.0097291557358139,-0.0104262728515079,0.0024744144093359,13.739999771118164,0.1317601720423829,0.1807455023231448,0.1181643600567149,1,Bull
2015-07-27,-0.0046619928012779,-0.0058343476871615,0.0053400522016973,15.600000381469728,0.1327710349594351,0.1800183815540889,0.1180767581230973,1,Bull
2015-07-28,0.0015246432799856,0.0122080431286444,-0.0073193820289217,13.4399995803833,0.1401162645173537,0.1767227630601177,0.118301773109694,1,Bull
2015-07-29,0.001427294876504,0.0068558932309937,-0.0037214211862528,12.5,0.1190462774461901,0.1553856039222063,0.1161910211481469,1,Bull
2015-07-30,-0.0085944145146333,0.000237021935251,0.0076757484463785,12.130000114440918,0.1190494414666938,0.1541251729288834,0.1171941751084348,1,Bull
2015-07-31,0.0063098074713187,-0.0015193169437821,0.0073719452804637,12.119999885559082,0.116690507339423,0.1446229599855315,0.1220858448074695,1,Bull
2015-08-03,-0.0079415031150899,-0.0033785237781498,0.0104715942391494,12.5600004196167,0.1174253143151759,0.1470711330137954,0.1231390173661709,1,Bull
2015-08-04,0.0020152503194806,-0.0019559862012145,-0.0079635697377108,13.0,0.1171381148827894,0.1407995387192059,0.1227472293212161,1,Bull
2015-08-05,-0.0036496127458959,0.003289804772968,-0.0075342582344979,12.510000228881836,0.1157708346752819,0.1416168597145223,0.1190385441877965,1,Bull
2015-08-06,0.0044162810366784,-0.0082216757900175,0.0088388798279291,13.770000457763672,0.1024688381330949,0.1417801031849064,0.1200551837489287,1,Bull
2015-08-07,0.0024875838994236,-0.0019214995954652,0.0130324459993456,13.390000343322754,0.1028576122811203,0.1253875953429625,0.1200893173681248,1,Bull
2015-08-10,0.0101726378098647,0.0125207454405968,-0.0124618800855518,12.229999542236328,0.1028690553321546,0.1192407580496831,0.1277933440095935,1,Bull
2015-08-11,0.0050948398439473,-0.0090643501809854,0.0157541151473701,13.710000038146973,0.1010622752680155,0.1252260460631187,0.1302305112746833,1,Bull
2015-08-12,0.0139247878572538,0.0011974236890762,-0.0054652469710204,13.609999656677246,0.0998495278814764,0.1291921022267431,0.1415187547393714,1,Bull
2015-08-13,-0.0082941567425384,-0.0012450145296329,-0.0032297224858212,13.489999771118164,0.0998918425132905,0.1282406808066489,0.1429734237317881,1,Bull
2015-08-14,-9.36047567321894e-05,0.0036353074994868,0.0023423214138466,12.829999923706056,0.0963329951759468,0.1273016254157021,0.14281662753245,1,Bull
2015-08-17,0.0026170571520377,0.0055716431171425,0.0045074567314989,13.020000457763672,0.0986213597655608,0.1271461307366312,0.1396252528568857,1,Bull
2015-08-18,-0.0001866751617239,-0.0029012527778656,-0.0079015364410991,13.789999961853027,0.0989201037654429,0.1301560799942809,0.0998098852788608,1,Bull
2015-08-19,0.0133545749632445,-0.0079366147106429,0.0098272657331999,15.25,0.1015523967869474,0.1324118403036302,0.1079856215118781,1,Bull
2015-08-20,0.0172614847299862,-0.0211027804283731,0.0100484827310386,19.13999938964844,0.1236178295448907,0.1344525849662571,0.1180095880549271,2,Bear
2015-08-21,0.0062282533143871,-0.0305643773929668,0.0030108664544561,28.030000686645508,0.1587835939039803,0.1296919925673603,0.1158316422780637,2,Bear
2015-08-24,-0.0054136962037428,-0.0430191910298106,-0.0003165494546119,40.7400016784668,0.2101306718867893,0.1299634473118116,0.1166334889220997,2,Bear
2015-08-25,-0.0124722368905492,-0.011837453078582,-0.0161955582341358,36.02000045776367,0.2116575919675936,0.1437052527601019,0.1253107883894643,2,Bear
2015-08-26,-0.0137437525667739,0.037674705205481,-0.0194922353611162,30.31999969482422,0.2518854270901357,0.1580443893031308,0.1365649732051547,2,Bear
2015-08-27,0.0005571512452685,0.0244343762306009,0.0005737201774024,26.100000381469727,0.2678537818539742,0.157328601527299,0.1365789204504149,2,Bear
2015-08-28,0.0089636379853937,5.019978231938348e-05,0.0029466296574667,26.049999237060547,0.2678289994851663,0.1554962697307273,0.1343271664256112,2,Bear
2015-08-31,0.0011033722012558,-0.0081119353600759,-0.0077114580575149,28.43000030517578,0.2684417740576007,0.1557398451479301,0.1334210131420498,2,Bear
2015-09-01,0.0034858971109337,-0.0303022479863051,0.0071795002420391,31.39999961853028,0.2846403306217191,0.1532608621594245,0.1287715114072834,2,Bear
2015-09-02,-0.0053254574714514,0.0188033674589741,-0.0086418674533232,26.09000015258789,0.2956443169333632,0.1536952317530243,0.1314429929122122,2,Bear
2015-09-03,-0.0072069646875858,0.000716254009239,0.0048649454336444,25.61000061035156,0.2950566689031291,0.1525613511125994,0.1338996847619702,2,Bear
2015-09-04,-0.0032508130940551,-0.0152526869730429,0.0090891458674435,27.799999237060547,0.2974963493614497,0.1527449115228923,0.1346144449097326,2,Bear
2015-09-08,0.0002790454421465,0.0248201829632113,-0.0148634659548958,24.89999961853028,0.3135516886897478,0.153514252154163,0.1346056840324134,2,Bear
2015-09-09,-0.0130121136590398,-0.0134617124818573,0.0047871506411423,26.229999542236328,0.3108038719635206,0.1492014243657634,0.1392062762674517,2,Bear
2015-09-10,0.0023528316012587,0.0054269749738888,-0.0067752723868598,24.3700008392334,0.3117105694348098,0.1384465888522993,0.1383087136957904,2,Bear
2015-09-11,-0.0020701389754937,0.0045339409376104,0.0062808584620192,23.200000762939453,0.3124925735251121,0.1401720276606114,0.1288732746127545,2,Bear
2015-09-14,0.0005650019663848,-0.0037174976527425,0.0015641330887844,24.25,0.3124489041425163,0.1401675892596449,0.1259226097367196,2,Bear
2015-09-15,-0.0030171594704306,0.0124222417542158,-0.0193503926171739,22.540000915527344,0.3162518922592526,0.1537080580582782,0.126273082021264,2,Bear
2015-09-16,0.0132265521720312,0.0086291689979068,-0.003780659797872,21.350000381469727,0.3174176407990229,0.1521359726561527,0.1345697686190302,2,Bear
2015-09-17,0.0101985502653112,-0.0022503958643563,0.0121314991212105,21.13999938964844,0.3174130623815506,0.1582738175917489,0.1390448905812722,2,Bear
2015-09-18,0.0073522563730742,-0.0164766450996704,0.0152667721892774,22.280000686645508,0.3206577595269796,0.164057214506988,0.1335392003348224,2,Bear
2015-09-21,-0.0062460046161412,0.0051542622080929,-0.0164318822376264,20.13999938964844,0.3146065645482694,0.1673557137702374,0.1200392773384591,2,Bear
2015-09-22,-0.0068417229231559,-0.0130649517455046,0.0138080957871163,22.440000534057617,0.2997540270562301,0.1755573141990099,0.1188879367900673,2,Bear
2015-09-23,0.0039813052072609,-0.0015997496000658,-8.199408958266618e-05,22.1299991607666,0.257437824192259,0.1755819747504728,0.119397883088616,2,Bear
2015-09-24,0.0207587962965128,-0.0036220953343832,0.0067927470695649,23.46999931335449,0.2537150496444592,0.1695561471711514,0.1338102574347424,2,Bear
2015-09-25,-0.0061734224143143,-0.0002592103608268,-0.0086834992890371,23.6200008392334,0.2172761726360152,0.1580998329313174,0.1259403101609664,2,Bear
2015-09-28,-0.0127390204329573,-0.0254178216057025,0.0169690494277374,27.6299991607666,0.2148217740281474,0.1687561772502417,0.1345724741934244,2,Bear
2015-09-29,-0.0040665010650434,0.0005847902559989,0.0028275124584417,26.82999992370605,0.2149104177760006,0.1687369791853347,0.1315435189064728,2,Bear
2015-09-30,-0.0104264836372973,0.0184867432616116,-0.0034747949728282,24.5,0.2256391531501447,0.1666936403724615,0.1359647453312626,2,Bear
2015-10-01,-0.0012172598628681,0.0026056414055599,0.0042577126426836,22.549999237060547,0.1994990053724311,0.1656166758363356,0.1350411869551077,2,Bear
2015-10-02,0.0209538029225267,0.0148272997323037,0.0060391109974147,20.940000534057617,0.195292632565172,0.1628693942972708,0.154006761839004,2,Bear
2015-10-05,-0.0020205850578978,0.0176385328928973,-0.0136606723777611,19.540000915527344,0.2044954134391493,0.1704935780610138,0.1519137068878365,2,Bear
2015-10-06,0.0099713032271164,-0.0034320572896043,0.0043044600188937,19.39999961853028,0.1966413959041681,0.168285014207849,0.1547780984311422,2,Bear
2015-10-07,-0.0014574940081348,0.0081569842815713,-0.0033282241611945,18.39999961853028,0.1794823042298052,0.1596440872584213,0.1550022000847664,2,Bear
2015-10-08,-0.0051178832963479,0.008986177219739,-0.0084100293959475,17.420000076293945,0.1738884283488524,0.1621492255809856,0.1483064413486828,2,Bear
2015-10-09,0.0157269123915424,0.000596319268898,0.0026205918561252,17.079999923706055,0.1734202976800825,0.1602401489351683,0.1564778748051298,2,Bear
2015-10-12,0.0039607110144831,0.0009431526545745,0.0075766627342175,16.170000076293945,0.1730904752317899,0.1608657828807512,0.1559101680782392,2,Bear
2015-10-13,0.0049290152780912,-0.0063218734098607,0.0017024792382649,17.670000076293945,0.1742897447292499,0.1608746961492508,0.1560467053618621,2,Bear
2015-10-14,0.0172822749923714,-0.0048060206739326,0.0087125986627037,18.030000686645508,0.170573078190678,0.1451586142358981,0.1627627655751673,2,Bear
2015-10-15,-0.0045794588755316,0.0152380273280878,-0.0049112081804502,16.049999237060547,0.1760176467101654,0.1457920937906659,0.1609367883227508,2,Bear
2015-10-16,-0.0070866011523385,0.0045364473561039,0.0003223988678629,15.050000190734863,0.1761250283368813,0.1412178851171256,0.1617666627851697,2,Bear
2015-10-19,-0.0041869129999152,0.0004917883679969,-0.002746889494448,14.979999542236328,0.1642143468885744,0.1326746618043115,0.1616783972373982,2,Bear
2015-10-20,0.0063182120205528,-0.0012792783388366,-0.0061687687587467,15.75,0.1641160194705163,0.1201741366240675,0.1602298044847597,2,Bear
2015-10-21,-0.0089103322306711,-0.0062227442027664,0.0098837953566788,16.700000762939453,0.1580184421506232,0.115656085086111,0.1617895035024442,2,Bear
2015-10-22,-0.0003580781927905,0.0167523886189697,0.0016917002896565,14.449999809265137,0.165492624047801,0.1156144131760007,0.1617200776181811,2,Bear
2015-10-23,-0.0017026075113336,0.0109023374271683,-0.0085675604990591,14.460000038146973,0.1660549679513774,0.1182369507979211,0.1459732768111893,2,Bear
2015-10-26,-0.0006279971024889,-0.002460711950951,0.0066337903122461,15.289999961853027,0.1668522214541538,0.115393895829393,0.1440623543772645,1,Bull
2015-10-27,0.002241047948969,-0.0019341384878812,0.0024965696046672,15.43000030517578,0.1319853609512598,0.1001363462951893,0.1355528683096158,1,Bull
2015-10-28,-0.0080914001608609,0.0113103067202654,-0.0040297770706619,14.329999923706056,0.1332106098764212,0.1008322700133048,0.1382914252402314,1,Bull
2015-10-29,-0.0096145643907691,-0.0005747403144486,-0.0160366497087598,14.609999656677246,0.1250086000517037,0.1147822067006262,0.1374560178679879,1,Bull
2015-10-30,-0.0038352540915993,-0.0043190614459937,0.0075211951327396,15.06999969482422,0.1283048049807773,0.1170402061795294,0.1383462558140448,1,Bull
2015-11-02,-0.0065171345988015,0.0117616764526571,-0.0046057100760621,14.149999618530272,0.1253800779246303,0.1154618999845408,0.1203089848562345,1,Bull
2015-11-03,-0.0149373560224424,0.0028954557003357,-0.0082341615169329,14.539999961853027,0.1145391697413854,0.1092724279265458,0.1306793096648454,1,Bull
2015-11-04,-0.009485885776108,-0.0030379754488634,0.0011571650926397,15.510000228881836,0.1142718280599981,0.1080123770313505,0.127841658727321,1,Bull
2015-11-05,-0.0031189650547963,-0.0009991579505842,-0.0026463527029485,15.050000190734863,0.1133973170121251,0.1078366573123973,0.1279287405226714,1,Bull
2015-11-06,-0.0146851206881709,-0.0005234707056334,-0.0147645387107421,14.329999923706056,0.1113072753483841,0.1154891039569872,0.1351483532702829,1,Bull
2015-11-09,0.002877729101132,-0.0093752859716664,-0.0056463886293889,16.520000457763672,0.1180956392873378,0.1157141417217602,0.1201038173955812,1,Bull
2015-11-10,-0.0021095148178785,0.0023043806835745,0.0029542670048178,15.289999961853027,0.1180986916762878,0.1122209118472729,0.1175722600105478,1,Bull
2015-11-11,-0.0033652112958739,-0.0039397744445533,-0.0021089679823585,16.059999465942383,0.1163518020323797,0.111548049299074,0.1138404519155091,1,Bull
2015-11-12,0.0001925716785324,-0.0140580851129937,0.0048010896069296,18.3700008392334,0.1268588648419717,0.107630235442106,0.0865671519790535,1,Bull
2015-11-13,-0.0027964043204797,-0.0112915974152457,0.0056979350235466,20.07999992370605,0.1233943437501247,0.1103149879734607,0.0867306815479754,1,Bull
2015-11-16,0.0014474024653423,0.0150924001026605,-0.0009193598000178,18.15999984741211,0.1332597115845437,0.1101341823975287,0.0882709538599565,1,Bull
2015-11-17,-0.0132979661806881,-0.0007297855478963,0.0016714376962441,18.84000015258789,0.1333332987936025,0.1106178112675726,0.0941313216729796,1,Bull
2015-11-18,0.0008790738346113,0.0157411798847335,0.0020853124608293,16.850000381469727,0.1431628232091485,0.1098187190921975,0.0880898183815317,1,Bull
2015-11-19,0.0109714898807343,-0.0008624908309124,0.006643286423751,16.989999771118164,0.1407986604870813,0.1062897804110814,0.1016119175799079,1,Bull
2015-11-20,-0.0045487737236643,0.0036376196162793,-0.0030675321395548,15.470000267028809,0.129867596459363,0.105963154269277,0.1009538494513707,1,Bull
2015-11-23,-0.0080837470428331,-0.0011471376599811,0.0030675321395549,15.619999885559082,0.1248196060023967,0.1036583842019096,0.1016884899594851,1,Bull
2015-11-24,0.0066277073993576,0.0013382572286692,-8.296954760972064e-05,15.93000030517578,0.1244323223722826,0.1001194658985811,0.1077527763634444,1,Bull
2015-11-25,-0.0046738483658019,-0.0001433145624362,0.0023152491569471,15.1899995803833,0.1241384032333296,0.1000383041194904,0.1055287955966215,1,Bull
2015-11-27,-0.0118797635889466,0.0011458551584545,-0.00099176175952,15.119999885559082,0.1179516881254651,0.0994898534324628,0.1081170515199852,1,Bull
2015-11-30,0.0065954678715973,-0.0041603022823051,0.0039597331893466,16.1299991607666,0.118875351462732,0.0844035032434054,0.1125378948793834,1,Bull
2015-12-01,0.0035259646298247,0.0094907649973682,0.0134171041319623,14.670000076293944,0.1221799157997846,0.0930967914937536,0.1151303118692797,1,Bull
2015-12-02,-0.0156676243137874,-0.0102576207458973,0.0003255246341417,15.90999984741211,0.1206934615635749,0.0914256693205468,0.1226117901460199,1,Bull
2015-12-03,0.0105706064103595,-0.014101867149005,-0.0275591282413809,18.11000061035156,0.1288893959099602,0.1306654329833853,0.1247068853218112,2,Bear
2015-12-04,0.0219660354882818,0.0193151323232834,0.0087460010308094,14.8100004196167,0.1469396326421368,0.1344399146529638,0.1476215973869181,2,Bear
2015-12-07,-0.0130632125964204,-0.0060771063167828,0.009656388160199,15.84000015258789,0.1483477786973427,0.1382062726222618,0.1534234590447335,2,Bear
2015-12-08,0.001654403311408,-0.006741931591877,0.0004929108790484,17.600000381469727,0.1499631081507026,0.1266132376224142,0.1457908757486583,2,Bear
2015-12-09,-0.0019466324270582,-0.0078101563280232,-0.001068517518092,19.61000061035156,0.1489173993085799,0.1244635040207872,0.1453062874937089,2,Bear
2015-12-10,-0.000877200083734,0.0025777955396578,0.0013140058370599,19.34000015258789,0.1489883059848498,0.1243400790920378,0.1452300690305465,2,Bear
2015-12-11,0.0054458711721541,-0.019571310247075,0.0156360832147847,24.38999938964844,0.1625978841220863,0.1330089031122268,0.1464340236917711,2,Bear
2015-12-14,-0.0128845089907494,0.0050396433191975,-0.0130127407751478,22.729999542236328,0.1571778162837351,0.1425848238201641,0.1527166845835902,2,Bear
2015-12-15,-0.0026560861191144,0.0104431487469965,-0.0059113071362268,20.950000762939453,0.1563242298125978,0.1437894208693619,0.1526961280578737,2,Bear
2015-12-16,0.012043063036934,0.0145262664896238,-0.002142938617425,17.860000610351562,0.1556730391747373,0.1440356096847101,0.1590684154788846,2,Bear
2015-12-17,-0.0221411258772135,-0.0153556601033781,0.0112416594540609,18.940000534057617,0.165150186839494,0.1485614117662183,0.1706045497207183,2,Bear
2015-12-18,0.0152071747467198,-0.0179754883664836,0.0055336191321523,20.700000762939453,0.1655940826997957,0.1493006275217527,0.179440225656985,2,Bear
2015-12-21,0.0108193520642257,0.0082149366740323,-0.0002437914558096,18.700000762939453,0.1691524774755248,0.1481301017428143,0.1793218129423865,2,Bear
2015-12-22,-0.0052488544876924,0.009033469158549,-0.0072497587891009,16.600000381469727,0.1721492406926482,0.1502805455523767,0.1795525299713581,2,Bear
2015-12-23,-0.0029280037943664,0.0123072155698891,-0.0075507977068033,15.56999969482422,0.1782620325138398,0.1527699928746748,0.177585716184627,2,Bear
2015-12-24,0.007206940922791,-0.0016512831186465,0.00571283852642,15.739999771118164,0.1781918818267552,0.1538901708840139,0.1778682533257918,2,Bear
2015-12-28,-0.0075979949571134,-0.0022879186059238,0.0029504558930708,16.90999984741211,0.1782835953753513,0.1539950238411689,0.1791309008555625,2,Bear
2015-12-29,-0.0006846940847352,0.0106152169710795,-0.016752967247345,16.079999923706055,0.1824620711469365,0.1653483401399524,0.1739692546282524,2,Bear
2015-12-30,-0.0076613555962643,-0.0071132797412149,-0.0009993789344229,17.290000915527344,0.1835509459317532,0.1646979961292819,0.1746270067993809,2,Bear
2015-12-31,0.0003943308023186,-0.0100534563740568,0.0044887719876931,18.209999084472656,0.1828311959393692,0.1580609585467404,0.1741135741550931,2,Bear
2016-01-04,0.0139958273406263,-0.0140783064768359,0.0071888157540565,20.700000762939453,0.1856518025938266,0.1604363966310379,0.1716078849973831,2,Bear
2016-01-05,0.0028145883185664,0.0016898900783724,-0.004042343130454,19.34000015258789,0.18008302722664,0.127722614909945,0.168244640815231,2,Bear
2016-01-06,0.0143374875989896,-0.01269407885361,0.0133852910975364,20.59000015258789,0.1690278031663713,0.1323479153566726,0.1578249580917559,2,Bear
2016-01-07,0.0140406761508111,-0.0242840695998244,0.0017934532990303,24.989999771118164,0.1852310441481877,0.1285311409523703,0.1568411595636879,2,Bear
2016-01-08,-0.004437539422203,-0.0110372304563128,0.0044684190826809,27.01000022888184,0.186884417720733,0.1292592107605648,0.1582219603372953,2,Bear
2016-01-11,-0.0089345946460183,0.0009894431072215,-0.0110037444270549,24.299999237060547,0.1866992044279424,0.1354093479374804,0.1618375639857092,2,Bear
2016-01-12,-0.0050729832368576,0.0080362786097313,0.014321473488618,22.46999931335449,0.1896472670665838,0.143950539298218,0.1630870207341153,2,Bear
2016-01-13,0.004882048039545,-0.0252573560114589,0.0098090096119713,25.21999931335449,0.1969307279155621,0.1376870418297059,0.1628946857357176,2,Bear
2016-01-14,-0.0163670217062958,0.0162837445628556,-0.0094051944712173,23.950000762939453,0.2062728252166441,0.1337124682499237,0.1669601681250324,2,Bear
2016-01-15,0.0102367402448342,-0.0216997961701799,0.0154670945864475,27.020000457763672,0.2111220316516911,0.1406372523552511,0.169769274481607,2,Bear
2016-01-19,-0.0009612465570264,0.0013300311539158,-0.0031061406812867,26.049999237060547,0.2013364182672237,0.1410131774663997,0.1652058357800139,2,Bear
2016-01-20,0.0132793864375227,-0.0128977710660911,0.0104745046316717,27.59000015258789,0.1998446891747715,0.1403837551919615,0.1485914720610204,2,Bear
2016-01-21,0.0011381497656595,0.0055859466061654,-0.0068113379916138,26.690000534057617,0.1963233132687318,0.1426076528678657,0.1409327217204088,2,Bear
2016-01-22,-0.0046557912856442,0.0203077715977017,-0.0038220252345144,22.34000015258789,0.2092890972001197,0.1435648904522633,0.1383257467544752,2,Bear
2016-01-25,0.0102331935411024,-0.0152317688784798,0.0054099459978217,24.14999961853028,0.2090158068103423,0.1411658445167549,0.1401151578889465,2,Bear
2016-01-26,0.0113419134832319,0.0135508148162496,0.0004761021903718,22.5,0.2102687471919889,0.1373521263727181,0.1430153803355237,2,Bear
2016-01-27,0.0037212948296183,-0.0109431774979291,-0.0002381032380695,23.11000061035156,0.2115296662695507,0.1368192949398323,0.1420033438046213,2,Bear
2016-01-28,-0.0107362419293496,0.0051960136334796,0.0014265643387014,22.420000076293945,0.213977574432409,0.1367346074018519,0.1450857348084915,2,Bear
2016-01-29,0.0038408969118528,0.0240848004991307,0.0084418494758894,20.200000762939453,0.2299725198282496,0.121217290422063,0.1448979559063638,2,Bear
2016-02-01,0.0102327042028561,-0.0003612708720754,-0.0030669814058364,19.979999542236328,0.2297324071113337,0.1222301943407528,0.1428549660233091,2,Bear
2016-02-02,0.0003700683510889,-0.0181867194356809,0.0183821207870189,21.979999542236328,0.2345873885548454,0.1337916608336414,0.1428605997170571,2,Bear
2016-02-03,0.0106746544277751,0.0059772413088334,-0.0083274926186759,21.64999961853028,0.2332771172302097,0.1388284583625205,0.1400800741484648,2,Bear
2016-02-04,0.0120099678185875,0.001566715833647,0.0048338602936896,21.84000015258789,0.2332505615793614,0.1368907165679412,0.1436226474480898,2,Bear
2016-02-05,0.015703135766193,-0.0192336653245041,0.0011660056753344,23.3799991607666,0.2379518300578042,0.1316493799642393,0.1450168936919141,2,Bear
2016-02-08,0.0133541858625158,-0.0135526147787324,0.0212912819958372,26.0,0.2283853673241677,0.1469311010432085,0.144397945881789,2,Bear
2016-02-09,-0.0021986728524322,5.383962967028229e-05,0.0010644409460183,26.540000915527344,0.2261783393804609,0.1470754569613413,0.1430834858935925,2,Bear
2016-02-10,0.007717958411726,-0.0008629513997514,0.0087733843958203,26.290000915527344,0.225998141299847,0.1387652150862204,0.1364207000035092,2,Bear
2016-02-11,0.0394021382372739,-0.013093473857512,0.0069797728229701,28.13999938964844,0.2263502569825974,0.1342220696796491,0.1786759167026072,2,Bear
2016-02-12,-0.0058967145308166,0.0204074475991628,-0.0167414465867887,25.39999961853028,0.2243596360812324,0.1497855329667946,0.1836200087590245,2,Bear
2016-02-16,-0.0308007362453961,0.0167373667180072,-0.0106265302431088,24.11000061035156,0.2247937692795362,0.1510637825124996,0.2104523515872498,2,Bear
2016-02-17,0.0061672874207764,0.0162025113529003,-0.0061675511014969,22.309999465942383,0.2180764268039567,0.1460823400753322,0.209682075929032,2,Bear
2016-02-18,0.0240418604332029,-0.0041040842301857,0.0122207244174449,21.63999938964844,0.2188681063552175,0.1497029846602471,0.218504606819999,2,Bear
2016-02-19,-0.0060202757503804,-0.0004687934482974,0.0008398073807631,20.530000686645508,0.2130752222921156,0.1466412060209644,0.2207753390158325,2,Bear
2016-02-22,-0.0179350409170575,0.0143752044571449,-0.0005344818610199,19.3799991607666,0.2172799358752176,0.1436370695519249,0.2346691035147202,2,Bear
2016-02-23,0.014868593832169,-0.0127095268220329,0.0040397133003954,20.979999542236328,0.2123116564270511,0.1422037953526264,0.2350135193268019,2,Bear
2016-02-24,0.0033215495905065,0.0045649106599888,-0.0019798890112106,20.71999931335449,0.2048340143076492,0.1425131523750607,0.2343829243043211,2,Bear
2016-02-25,0.002632341860518,0.012038984848006,0.0035760225554019,19.11000061035156,0.2037673086195677,0.1424967618414753,0.233312425417603,2,Bear
2016-02-26,-0.0068927436472603,-0.00230370827387,-0.00969140216918,19.809999465942383,0.1993671287057307,0.1481516471151596,0.2366315593547646,2,Bear
2016-02-29,0.0129800234192825,-0.0078735143830333,0.004361096854486,20.549999237060547,0.2016319321934781,0.1484295260351578,0.2322519936039806,2,Bear
2016-03-01,-0.0073601513358005,0.0232347854384437,-0.017765343368597,17.700000762939453,0.2004293519277299,0.1609945234724951,0.2362378314335855,2,Bear
2016-03-02,0.00769725664473,0.004482414104611,0.0041182421159284,17.09000015258789,0.2006965738546286,0.1608557130296327,0.2356371568842011,2,Bear
2016-03-03,0.0171258771555553,0.0039118879373975,0.0036380606348916,16.700000762939453,0.1878528660460272,0.1483369896086731,0.2390887780128591,2,Bear
2016-03-04,-0.0015750194994792,0.0032485276324728,-0.0064332714885415,16.860000610351562,0.1874263346150355,0.1470982366053263,0.2393628755918773,2,Bear
2016-03-07,0.0049652408642887,0.000797795961149,-0.0003110006910388,17.350000381469727,0.1874790292093301,0.1461909684517759,0.237885239871613,2,Bear
2016-03-08,-0.0046334482677505,-0.0109779508695623,0.0109844034087173,18.670000076293945,0.1775121318680744,0.1509824237432446,0.2360778762837526,2,Bear
2016-03-09,-0.0083278294815117,0.0049276166858811,-0.0060959143383554,18.34000015258789,0.1676226994517593,0.1322288692896062,0.2364822122643114,2,Bear
2016-03-10,0.0159286440154625,0.0008021766995485,-0.0041112864396058,18.049999237060547,0.1674512444775367,0.132549122974715,0.2403969506706861,2,Bear
2016-03-11,-0.017351282566946,0.0160081650063848,-0.0101554211459816,16.5,0.1720578487231862,0.1311814194585979,0.2499686390317225,2,Bear
2016-03-14,-0.0129806346733888,-0.001283289387842,0.0031359080618706,16.920000076293945,0.161562293581988,0.1285532187645674,0.2146170086212582,2,Bear
2016-03-15,0.0007632306454701,-0.001630986965691,0.0009388659087524,16.84000015258789,0.1526271150073848,0.117239706228408,0.213736637409285,2,Bear
2016-03-16,0.022050755561495,0.0057708118774447,0.002966866353756,14.989999771118164,0.1454828553236741,0.1129016638311382,0.1959469749149912,1,Bull
2016-03-17,-0.0038218648773646,0.0063241943652313,0.0041233754311159,14.4399995803833,0.1382786156091679,0.112123291946075,0.1965530343804565,1,Bull
2016-03-18,-0.0027507557147485,0.0039216093907628,0.0020943640640993,14.020000457763672,0.1359939362158459,0.1032359971110084,0.1796775516400681,1,Bull
2016-03-21,-0.0070364166993144,0.0014179355518103,-0.0077004274718382,13.789999961853027,0.1355091153782255,0.1059551938323321,0.1801833505835729,1,Bull
2016-03-22,0.0029378329691904,-0.0005375373965441,-0.0002343844896495,14.170000076293944,0.129864606414847,0.1059765671475985,0.1672367574876528,1,Bull
2016-03-23,-0.0228900886586274,-0.0066213827460098,0.0112609798062099,14.9399995803833,0.1223282081519391,0.1130025622254863,0.1800096084958717,1,Bull
2016-03-24,-0.0024040431975175,-0.0004428055378578,0.0003863931906168,14.739999771118164,0.1226823096382593,0.1129443167364731,0.1796712294970665,1,Bull
2016-03-28,0.0023182652611009,0.0005903049089992,0.0013113123131678,15.239999771118164,0.1179366983817197,0.1121794072752321,0.1796050550671992,1,Bull
2016-03-29,0.0183554070534013,0.0092075449101011,0.0104301306778429,13.81999969482422,0.1192741714172353,0.1133436920851429,0.1893756592946728,1,Bull
2016-03-30,-0.0140764103102445,0.0043781808463538,-0.0105844830908876,13.5600004196167,0.1130662754593926,0.1183606466438488,0.1903994123534079,1,Bull
2016-03-31,0.0046008509243858,-0.002429518887982,0.007069167961692,13.949999809265137,0.0879813464850352,0.102619143241612,0.18957261758388,1,Bull
2016-04-01,-0.006053640735366,0.0067887883892653,0.0026052516689526,13.100000381469728,0.0891582910650263,0.102135695590922,0.1884710207388245,1,Bull
2016-04-04,-0.0066929954085696,-0.0032436785240882,0.0006118655427583,14.119999885559082,0.0907608127963055,0.1015863436113922,0.1778348231499875,1,Bull
2016-04-05,0.0129166682072564,-0.0100378210784715,0.0108766509830076,15.420000076293944,0.0992893140270038,0.1041815042340203,0.1850478198542987,1,Bull
2016-04-06,-0.0061381369358647,0.0108621263433466,-0.0072890689628575,14.09000015258789,0.1048312979027333,0.1083544120428888,0.1844196482905497,1,Bull
2016-04-07,0.0141798015621029,-0.0120380273321224,0.012269262249498,16.15999984741211,0.1064863372726455,0.1099148015989884,0.1919838231408443,1,Bull
2016-04-08,-0.0015187338768047,0.0026929087706072,-0.006342910105524,15.359999656677246,0.1058751732403942,0.1101227727565587,0.1900520576830539,1,Bull
2016-04-11,0.0134196300570208,-0.0023497030906269,-0.001288768678244,16.260000228881836,0.1066789920263702,0.1088579530926082,0.187507622456163,1,Bull
2016-04-12,0.0001666467207152,0.0092694936080008,-0.0069263758689373,14.850000381469728,0.0970981480980421,0.1051008238568975,0.1773070023629574,1,Bull
2016-04-13,-0.0107195265659907,0.010050362891473,0.0035072560741465,13.84000015258789,0.1016004940320528,0.1051852776291816,0.1753424793902309,1,Bull
2016-04-14,-0.0140751522561683,4.818050386343491e-05,-0.0048060456910887,13.720000267028809,0.1011094239347951,0.1073847032355191,0.1823106277549783,1,Bull
2016-04-15,0.0068927436472604,-0.0011064054759641,0.0085287975393976,13.619999885559082,0.1003395441077031,0.1102546042542108,0.1656496718564042,1,Bull
2016-04-18,-0.0015276274565966,0.0070018419382875,-0.0043316060971265,13.350000381469728,0.1007957482107406,0.1115291783860155,0.1653591761870515,1,Bull
2016-04-19,0.015506833308651,0.0031494852783513,-0.0031272689851192,13.239999771118164,0.100578528203889,0.1123598866992335,0.1746951964034431,1,Bull
2016-04-20,-0.0051142480161099,0.0009523178582365,-0.0110617821299799,13.279999732971191,0.1005827773545486,0.1160950067058396,0.1738567043649834,1,Bull
2016-04-21,0.0037753050369173,-0.0053929995999288,-0.005965305044109,13.949999809265137,0.10304435646947,0.1182983146654182,0.1740588589220934,1,Bull
2016-04-22,-0.0128946946592092,0.0,-0.0025675715759766,13.220000267028809,0.0993475773577633,0.1117290968814323,0.1603704531245578,1,Bull
2016-04-25,0.0028799271415296,-0.0017239345045611,-0.0041378755837541,14.079999923706056,0.0997341581876756,0.1124660721382548,0.1602010976367708,1,Bull
2016-04-26,0.0039673676375149,0.0014848033660375,-0.0045474496099014,13.960000038146973,0.0997054821941343,0.113084204728415,0.1605032922452774,1,Bull
2016-04-27,0.0028603028699199,0.0020561027149857,0.0099308581159459,13.770000457763672,0.0955620059028208,0.1124702992777601,0.1476720483805151,1,Bull
2016-04-28,0.0187248010933363,-0.0091172736169495,0.0041155489223203,15.220000267028809,0.100793055684278,0.1078508279654611,0.1516243627177414,1,Bull
2016-04-29,0.0192706264386917,-0.0054135935810215,0.0025535491706199,15.699999809265137,0.1023404236135082,0.105149765100296,0.1632615422343435,1,Bull
2016-05-02,-0.0033213499131697,0.0079172651154891,-0.010118742385213,14.68000030517578,0.1033275124915591,0.1097771897231706,0.1617520750453305,1,Bull
2016-05-03,-0.0022745646099545,-0.0087411463075924,0.0125171196833433,15.600000381469728,0.1073405688488059,0.1192594520009866,0.1592925188239343,1,Bull
2016-05-04,-0.0061182228261255,-0.0055940258952795,0.0054704220840244,16.049999237060547,0.1031368937879103,0.1141861168901532,0.1575678463187715,1,Bull
2016-05-05,-0.0011462207767798,-0.0001949432771617,0.0066625865944028,15.90999984741211,0.0955557357528598,0.1141908133474635,0.1553293911897739,1,Bull
2016-05-06,0.0090520545546735,0.0036523914830295,-0.0042831395464786,14.720000267028809,0.0863601675049312,0.1059065296335654,0.1512435972795852,1,Bull
2016-05-09,-0.0207528980181827,0.0008259043287947,0.0031378187518621,14.56999969482422,0.0859800516265844,0.1047086885264716,0.1700670223753652,1,Bull
2016-05-10,0.0027314657084142,0.0123572909733572,7.660062430175689e-05,13.630000114440918,0.0948563483607799,0.1046564712856227,0.1640651246945466,1,Bull
2016-05-11,0.0093789199309151,-0.0093989246298211,0.0056382306908486,14.6899995803833,0.0964380015506791,0.1036114352254485,0.166994889382935,1,Bull
2016-05-12,-0.0078921739730868,0.0002901910868219,-0.0045695105205339,14.40999984741211,0.0894673802982675,0.1042784612454582,0.1648073371438569,1,Bull
2016-05-13,0.004529141979827,-0.0087520477432533,0.0096477790428626,15.039999961853027,0.0940727821871689,0.1079155376128773,0.1557924217185152,1,Bull
2016-05-16,0.0007392219670169,0.0098166936387838,-0.008655562508696,14.68000030517578,0.100912449278491,0.1085165433160742,0.1547298134971251,1,Bull
2016-05-17,0.0034423291232427,-0.0093773461635552,0.0016765130469846,15.56999969482422,0.1020675234264025,0.1076069254649555,0.1544451995019464,1,Bull
2016-05-18,-0.0174979930736541,0.0002928787658452,-0.0143384681497806,15.949999809265137,0.1010756959704956,0.1183353576228622,0.1597085141800322,1,Bull
2016-05-19,-0.0019168712488535,-0.0034711397762156,0.0043152904481252,16.329999923706055,0.1010803043347741,0.1127695216538578,0.1587474874249386,1,Bull
2016-05-20,-0.0013357015166126,0.0062977710718097,0.0007684992742356,15.199999809265137,0.103286482603748,0.110434744351307,0.1583483717699034,1,Bull
2016-05-23,-0.0028442074994741,-0.001363347713828,0.0022261163609962,15.81999969482422,0.1032614561151525,0.1099316011990148,0.1516286025717991,1,Bull
2016-05-24,-0.0174931544398073,0.0128788346937665,-0.0044568118569587,14.420000076293944,0.1136027704427545,0.1101197371221001,0.163702265013916,1,Bull
2016-05-25,-0.0027317729645952,0.0067600153703452,-0.0037801603526676,13.899999618530272,0.1160146638047333,0.1096774091705655,0.1631064811813809,1,Bull
2016-05-26,-0.0034252603876991,0.0002867658605591,0.0051654277167556,13.43000030517578,0.1157970120967757,0.1059011367813741,0.1628332517254484,1,Bull
2016-05-27,-0.0082687729142457,0.0042901112077683,-0.0014619987556587,13.119999885559082,0.1117425379811927,0.1053663084571233,0.1477997685180304,1,Bull
2016-05-31,0.003798302317157,-0.0019044442261496,0.0023846773614847,14.1899995803833,0.1099962736677309,0.1053242344006755,0.1277298949955781,1,Bull
2016-06-01,-0.0010344407576528,0.0020470118592076,0.0040483315576424,14.199999809265137,0.1070528992293065,0.0987561728059989,0.1279066861221239,1,Bull
2016-06-02,-0.0023315434917617,0.0030393074707176,0.007181970410346,13.630000114440918,0.1018588726331334,0.0924853319117821,0.1279032848496665,1,Bull
2016-06-03,0.0273732643883072,-0.0029917325022313,0.0141353399359363,13.470000267028809,0.1000925382915857,0.1023413540040808,0.1646573010917866,1,Bull
2016-06-06,0.000336424866902,0.0050758736627005,-0.0074584475249282,13.649999618530272,0.1008239318863061,0.1045377861982654,0.1647565835617999,1,Bull
2016-06-07,-0.0008412423733233,0.00156000575754,0.0024173013846519,14.050000190734863,0.1005106041968366,0.1032087052301155,0.1604746264724857,1,Bull
2016-06-08,0.0147037078874442,0.0032541411060871,0.0053415979207044,14.079999923706056,0.1006998329894211,0.1040995330271907,0.154365170913822,1,Bull
2016-06-09,0.0055410815709401,-0.0013664049525809,0.0064322087415334,14.640000343322754,0.0929367880247903,0.1057301421528399,0.1553019127046577,1,Bull
2016-06-10,0.0040330757007034,-0.0095229090418016,0.0048341504483014,17.030000686645508,0.0931094285970844,0.1053475085265449,0.1523562852340386,1,Bull
2016-06-13,0.0073656240684884,-0.0077413048025161,0.0044420109018513,20.96999931335449,0.097723518051016,0.1037078241391536,0.1517517438965262,1,Bull
2016-06-14,0.0010594292626908,-0.0019689848653681,-0.0007392879934566,20.5,0.0923680018060921,0.0997960157562791,0.1510880437873787,1,Bull
2016-06-15,0.0073849284570991,-0.0013948641103031,0.0038374407372234,20.13999938964844,0.0864899962950612,0.0934890117353537,0.153010545035631,1,Bull
2016-06-16,-0.0105666517152431,0.0029800157769022,0.0048474173010273,19.3700008392334,0.0795198864313201,0.0940964144953966,0.1575103387076216,1,Bull
2016-06-17,0.0127472982689898,-0.0037313840236679,-0.00624796775088,19.40999984741211,0.0810575346061917,0.079539584014582,0.1496753604423122,1,Bull
2016-06-20,-0.0059880246543697,0.0064193398293464,-0.0107501902971517,18.3700008392334,0.082003573086886,0.0910156873994349,0.1515005404430038,1,Bull
2016-06-21,-0.0194228829929208,0.0028346275604115,-0.0046319330237265,18.479999542236328,0.0800879220622153,0.0935103686602913,0.1675812348554089,1,Bull
2016-06-22,0.0004964440287161,-0.0016324791845657,0.0016459612630836,21.170000076293945,0.0801902072335572,0.0934612942519166,0.1671534878950131,1,Bull
2016-06-23,-0.0065557755937431,0.0129387792513104,-0.0115042851952213,17.25,0.0803031019649914,0.1017469872832686,0.1561638573164238,1,Bull
2016-06-24,0.0478739123034741,-0.0365699065202153,0.0264927682238367,25.76000022888184,0.1503229081556121,0.1331706842169114,0.2240469731799584,2,Bear
2016-06-27,0.0053823171279899,-0.0180721445649647,0.0246606127490257,23.850000381469727,0.1611769088644615,0.1537968834742357,0.2226715672418197,2,Bear
2016-06-28,-0.0107937604306491,0.0178752018710471,0.0020812476768455,18.75,0.1742225344962456,0.1528932789890099,0.224581886619536,2,Bear
2016-06-29,0.004140765999889,0.0168842046065873,-0.00770205646013,16.639999389648438,0.1853076131159323,0.1577344800525476,0.2245842906003244,2,Bear
2016-06-30,0.0049939058952932,0.0135534713487358,0.0036784782573536,15.630000114440918,0.1914692768262194,0.1577092215559069,0.2239012913831914,2,Bear
2016-07-01,0.0152231628180611,0.0020982337927846,0.0137894450820709,14.770000457763672,0.1913129396240159,0.161531672312877,0.2257589217257097,2,Bear
2016-07-05,0.0082209051369569,-0.0072190360152319,0.0124424296466167,15.579999923706056,0.1927076267016272,0.1602037312903924,0.211089637235424,2,Bear
2016-07-06,0.0058528816735514,0.0059797647687801,0.0016143447546499,14.960000038146973,0.1930432977518831,0.1555905420781544,0.210727038223159,2,Bear
2016-07-07,-0.0037695950478742,-0.0006204252046629,-6.955375222615988e-05,14.760000228881836,0.1929497695225266,0.1560796966216928,0.2118728853894244,2,Bear
2016-07-08,0.0059940143345707,0.0147807013196729,0.0073385761718165,13.199999809265137,0.1995962056951154,0.1565216248875763,0.2085476642163045,2,Bear
2016-07-11,-0.0094686131215493,0.0035207855982841,-0.008813353728672,13.539999961853027,0.1997969765448501,0.1619146675360476,0.2133693826673146,2,Bear
2016-07-12,-0.0166903874689683,0.0072372883161661,-0.0165761108670199,13.550000190734863,0.1975816364606174,0.1751642039185212,0.2239876280364969,2,Bear
2016-07-13,0.009159697327218,-0.000139656248011,0.0117166601421994,13.039999961853027,0.1949158449622826,0.1782809797223846,0.2246073889599678,2,Bear
2016-07-14,-0.0077450452302361,0.0055678683818743,-0.0146489792772272,12.81999969482422,0.1948756187934048,0.1874869425238381,0.2272047142355341,2,Bear
2016-07-15,-0.0038557351674658,-0.0013428481877909,-0.0086343745396012,12.670000076293944,0.19486407757999,0.1905484999287847,0.2270203785980202,2,Bear
2016-07-18,0.0015755839071671,0.002683647865855,-0.0009393871351457,12.4399995803833,0.1948492261535164,0.1901253166529481,0.2229498321914471,2,Bear
2016-07-19,0.0013372522657107,-0.0010171875322047,0.0056257994029474,11.970000267028809,0.1940597911239269,0.1890953617250077,0.2193520304658641,2,Bear
2016-07-20,-0.0144103816363224,0.0041545763826603,-0.0054812208553243,11.770000457763672,0.1935942945410414,0.18572361012153,0.2247217139660275,2,Bear
2016-07-21,0.0151176542014996,-0.0037843074145093,0.0020229208899585,12.739999771118164,0.1946205000939205,0.1843683613948649,0.2172173649383876,2,Bear
2016-07-22,-0.0074907077787214,0.004475171462597,0.0017302476971097,12.020000457763672,0.1944305675650262,0.1843674474671114,0.2198821361137962,2,Bear
2016-07-25,-0.006989125856947,-0.0027198924956999,-0.0007206088918394,12.869999885559082,0.1909126518247367,0.1782081161188221,0.2201020852248363,2,Bear
2016-07-26,0.0042152110508257,0.0004618117208689,0.0015850443802727,13.050000190734863,0.1325236377818531,0.155102462136644,0.1446871433538117,1,Bull
2016-07-27,0.0159826949721011,-0.0010620486163188,0.0123766836498038,12.829999923706056,0.1094269763276205,0.1363737308264583,0.1540148089536404,1,Bull
2016-07-28,-0.0028940934092404,0.0011540391885039,-0.0018507108471308,12.720000267028809,0.097108008324631,0.1365125671917937,0.1490644144115409,1,Bull
2016-07-29,0.0102868119429041,0.0016137334046215,0.0082995877550143,11.869999885559082,0.0831595794684805,0.135792523076615,0.1522444316922941,1,Bull
2016-08-01,0.0018590671194806,-0.0008297665608288,-0.0109013625271829,12.4399995803833,0.0730596072011451,0.1416592896515991,0.1516393719072604,1,Bull
2016-08-02,0.0080928649297159,-0.0064276793408556,-0.0103562403211404,13.369999885559082,0.0782125299454106,0.1376955680592849,0.1450975519109553,1,Bull
2016-08-03,-0.0047707875986328,0.0029182446379173,0.0005785787461684,12.859999656677246,0.0720016924419188,0.1293307997895412,0.1435669200190843,1,Bull
2016-08-04,0.0016954476164976,0.0010633051632477,0.0074856931701189,12.420000076293944,0.0703519325520084,0.1325250872630051,0.1421710649193664,1,Bull
2016-08-05,-0.0180254440105115,0.0081459986150767,-0.0104527861414061,11.390000343322754,0.0734928180240836,0.136465184355236,0.1547844451858524,1,Bull
2016-08-08,-0.0008627837547004,-0.0005962720436983,0.0018827068730947,11.5,0.0570750419026968,0.1333061859506764,0.1527960166273864,1,Bull
2016-08-09,0.0040720231674314,0.0005962720436984,0.0097889350840687,11.65999984741211,0.0564687948194883,0.1363700335050941,0.1506782137299424,1,Bull
2016-08-10,0.0046779945123296,-0.0024783462922788,0.0038592558685894,12.050000190734863,0.0529885047555695,0.1244997864971375,0.1395022113631336,1,Bull
2016-08-11,-0.0069469069486847,0.0046298803934045,-0.0089582059430317,11.68000030517578,0.0547064642821204,0.1208252345567541,0.1380916172678976,1,Bull
2016-08-12,-0.0021170403750345,-0.000869267446594,0.0083874244539936,11.550000190734863,0.0521512404156163,0.1138085547877296,0.1355921787545589,1,Bull
2016-08-15,0.0034476982567927,0.0028796732990994,-0.0094675450264946,11.8100004196167,0.0523091944631374,0.1146618096463677,0.1353176603972798,1,Bull
2016-08-16,0.0049159701734447,-0.0051708709706273,-0.0026702362691473,12.640000343322754,0.0555579934527639,0.1150373421327772,0.1361833979183595,1,Bull
2016-08-17,0.0002334807899026,0.0018790678626397,0.0059797783959833,12.1899995803833,0.0555725217772571,0.1152566843642324,0.1361549406048346,1,Bull
2016-08-18,0.0047358545787291,0.00224167493992,0.0015785490727884,11.43000030517578,0.05435968130456,0.1134928631857789,0.1255089577533055,1,Bull
2016-08-19,-0.0088688879255201,-0.001463449985464,-0.0052484629490524,11.34000015258789,0.0526846123281978,0.1150358021209661,0.11983421854606,1,Bull
2016-08-22,-0.0014858453674488,-4.570346359058982e-05,0.0083986060449672,12.270000457763672,0.050672812804012,0.1184666141609055,0.1167116174354934,1,Bull
2016-08-23,-0.0001565049936259,0.0020112637183481,0.0010724067884515,12.380000114440918,0.0497840139492592,0.1184050525667608,0.1135171410004571,1,Bull
2016-08-24,-0.0111768641429981,-0.0051277005654618,-0.0023594108328373,13.449999809265137,0.0534766811873602,0.1187548509173369,0.1201174769142509,1,Bull
2016-08-25,-0.0008709901258544,-0.0006890110077041,-0.0038011565922355,13.630000114440918,0.05337766832355,0.1110934264913577,0.1053717811624452,1,Bull
2016-08-26,-0.0014269885139346,-0.0018849386621769,-0.0058369075007121,13.649999618530272,0.0537721278138191,0.1125897749493668,0.1051045695777404,1,Bull
2016-08-29,0.0019813756745935,0.0049123714548295,0.0132824471502364,12.9399995803833,0.0560952038915684,0.1187128883977196,0.097955303886021,1,Bull
2016-08-30,-0.0101063547755883,-0.0016502130263892,-0.0038593792233261,13.119999885559082,0.0563694225728522,0.1132203512170398,0.1022313359933212,1,Bull
2016-08-31,-0.002001521843829,-0.0028481450736378,0.0014316007255123,13.420000076293944,0.0522544470941686,0.1068646586591524,0.0960003584127009,1,Bull
2016-09-01,0.0040788806649297,4.619181373390055e-05,0.0011017130580429,13.479999542236328,0.0514532528493804,0.1068831894888694,0.0977198863633885,1,Bull
2016-09-02,0.0101644548285072,0.004497659857593,-0.008189433680326,11.979999542236328,0.053460223411398,0.1078595755437644,0.1054483249182297,1,Bull
2016-09-06,0.0167663514307978,0.0030179132736075,0.0072594179863561,12.020000457763672,0.0466514322982977,0.1040168246266045,0.1044781950469705,1,Bull
2016-09-07,-0.0034244132039321,-9.120450814383192e-05,-0.0007166024507124,11.9399995803833,0.0465775869681653,0.1040181493376271,0.1052518961903272,1,Bull
2016-09-08,-0.0053154813886147,-0.0022856004686766,-0.0126204758604911,12.510000228881836,0.0473394464226746,0.1077713426707861,0.106043838590138,1,Bull
2016-09-09,-0.0066053267601927,-0.0242260942055367,-0.016611600314743,17.5,0.096510507321727,0.1198874871764752,0.1067881452799715,1,Bull
2016-09-12,-0.0012631537514554,0.0142454021845239,0.0005159786206635,15.15999984741211,0.1085317935621393,0.116933483282133,0.1043698586503907,1,Bull
2016-09-13,-0.0066576797399884,-0.0144798287387028,-0.0114220578192729,17.850000381469727,0.1188562006502886,0.1168913561709798,0.1064726621278048,1,Bull
2016-09-14,0.0034136523813896,-0.0003752135972749,0.001490430427625,18.13999938964844,0.1179961139523764,0.1142139396196367,0.1064563343920445,1,Bull
2016-09-15,-0.0064400743254956,0.0099432497004035,-0.0043294738302664,16.299999237060547,0.1232614402451385,0.1145746029026387,0.1062805033990157,1,Bull
2016-09-16,-0.0024757844184704,-0.0038726735292249,0.0080471945707882,15.369999885559082,0.1234204959661273,0.1164978623239674,0.1062462909400048,1,Bull
2016-09-19,0.0020768610315465,0.00018711372962,-0.0032704889505093,15.529999732971191,0.122973682268848,0.1161107265822788,0.1047339510265362,1,Bull
2016-09-20,0.0009571124160199,4.681461139851826e-05,0.0034928553659139,15.920000076293944,0.1230071965945083,0.11669022476847,0.1014053394202007,1,Bull
2016-09-21,0.0144832115626447,0.0111826465979595,0.0080549285553714,13.300000190734863,0.1299318522676922,0.1163365136263405,0.114576994979267,1,Bull
2016-09-22,0.002354443530493,0.0062817509345502,0.0079169714723867,12.020000457763672,0.1317410436168079,0.1204379441237104,0.1149160275613792,1,Bull
2016-09-23,0.0006269244831308,-0.0054942575139359,-0.0009493212161883,12.289999961853027,0.1319215166305383,0.1203323621294754,0.1075830285513635,1,Bull
2016-09-26,-0.0007836871273146,-0.0081351296849044,0.0063384283194844,14.5,0.1347824703853875,0.1223670481334517,0.1075695244759625,1,Bull
2016-09-27,-0.0073179717062785,0.0061886531219579,0.007308509381513,13.100000381469728,0.1366433623347029,0.1235060216027514,0.1107836922912657,1,Bull
2016-09-28,-0.0031640709801869,0.0049511813914002,-0.0021650082368894,12.390000343322754,0.1366615028229281,0.1141309373711189,0.1111830775706213,1,Bull
2016-09-29,-0.0011891200048343,-0.0090882045223807,0.0025254716674358,14.020000457763672,0.1400855027197698,0.1139286024766024,0.1051266821264483,1,Bull
2016-09-30,-0.0034166360099868,0.0075177388362151,-0.0089772073871176,13.289999961853027,0.1424696194252497,0.1176626209466024,0.105646072317353,1,Bull
2016-10-03,-0.0025502061636871,-0.0024070038274597,-0.0033053881196938,13.56999969482422,0.1427134399667401,0.1177914404853783,0.105174517361558,1,Bull
2016-10-04,-0.0353278725861044,-0.0051107350087553,-0.0117638052612091,13.630000114440918,0.1426826551895834,0.1211680433775072,0.1557458573950638,1,Bull
2016-10-05,-0.0015718922897908,0.0044152290623871,-0.0046712378788895,12.989999771118164,0.1432067212659576,0.1177936247850214,0.1398152577848175,1,Bull
2016-10-06,-0.0093162802067479,0.0006955059463681,-0.005587800047806,12.84000015258789,0.1432612879129694,0.1185023306979957,0.1415051609050975,1,Bull
2016-10-07,0.0006682890904551,-0.0034354191590192,0.0006719665529802,13.479999542236328,0.1435003106545718,0.11213100904621,0.1419534235312006,1,Bull
2016-10-10,0.0035015108361355,0.0051950576068624,-0.0059168317031616,13.380000114440918,0.1157813535917554,0.0990529078644116,0.1430536913253683,1,Bull
2016-10-11,-0.0050894990613914,-0.0127102846555266,-0.0022555400119732,15.359999656677246,0.1142139492766919,0.0990677432424863,0.1432364842314776,1,Bull
2016-10-12,0.0015879882252557,0.001310940353427,0.0009784678227872,15.90999984741211,0.1021578413926883,0.0914857861704277,0.1432317927265003,1,Bull
2016-10-13,0.0024189937106391,-0.0032806205646189,0.0037535669268427,16.690000534057617,0.1029096636424298,0.0923764160820359,0.1427697454539132,1,Bull
2016-10-14,-0.0055975597982837,0.0005163907017075,-0.0141108154006834,16.1200008392334,0.0966657385848068,0.1034432260311413,0.1424973855427478,1,Bull
2016-10-17,0.0026773752071126,-0.0034782882092727,0.0063630064964823,16.209999084472656,0.0964885000506066,0.1018083564779322,0.1435494388137712,1,Bull
2016-10-18,0.0061641000546337,0.006242518072184,0.0032419249736616,15.279999732971191,0.0990575307000885,0.102268386708293,0.1457274523889548,1,Bull
2016-10-19,0.0057136117418733,0.0026637778112657,0.0008273076186563,14.40999984741211,0.0994648333360137,0.1013927683812776,0.1478186714226962,1,Bull
2016-10-20,-0.0030597728971403,-0.0018683460056218,0.0010524247397643,13.75,0.091227023090029,0.0966902949483941,0.1356508140996784,1,Bull
2016-10-21,0.0007451585177257,0.0004676007881428,0.001501171183985,13.34000015258789,0.0880036487868795,0.0917540150903971,0.1350371173473602,1,Bull
2016-10-24,-0.0022370801255005,0.0042436847693225,-0.0043604837378291,13.020000457763672,0.0877938453527488,0.0923965674053178,0.1345423889989416,1,Bull
2016-10-25,0.0075197946939098,-0.0033562851372994,0.0026338861897147,13.460000038146973,0.0838534361712223,0.089348546477704,0.1390483462388656,1,Bull
2016-10-26,-0.0056138205649168,-0.002009776188687,-0.0067857753634309,14.239999771118164,0.0809702117150447,0.08500344024416,0.1384012426032361,1,Bull
2016-10-27,0.0018196962666161,-0.002670266139562,-0.0109540898901644,15.359999656677246,0.0788943342213522,0.0902397959696037,0.1390592833654104,1,Bull
2016-10-28,0.0046992929177695,-0.0029599215616807,-0.0022203794149472,16.190000534057617,0.0734180661716077,0.0883031192418439,0.1409786250222434,1,Bull
2016-10-31,0.0029566431199742,4.6755320841356e-05,0.0061137633394657,17.059999465942383,0.0674894535654632,0.0905582912477036,0.1417427720990023,1,Bull
2016-11-01,0.0064577074605579,-0.0072715224487408,7.642339139877049e-05,18.559999465942383,0.0709348995877516,0.0907641878349403,0.1442530435903556,1,Bull
2016-11-02,0.0073872643657927,-0.0060365426195421,0.004341061345524,19.31999969482422,0.071669003431191,0.0858872683719977,0.0758070683469344,1,Bull
2016-11-03,0.0053239107408226,-0.0045879486664168,-0.0077051882852446,22.07999992370605,0.0696842471530066,0.0880459163940557,0.0765736728757643,1,Bull
2016-11-04,0.0007237632468994,-0.0011020135416073,0.0089209724009854,22.51000022888184,0.0692353044207069,0.0934268040426582,0.0661055604548282,1,Bull
2016-11-07,-0.018171976119521,0.021817535706273,-0.0085384178295214,18.709999084472656,0.1062667181729994,0.0971477577457101,0.0958571358211018,1,Bull
2016-11-08,-0.0041839524041187,0.004493514411096,-0.0040658334573533,18.739999771118164,0.1058264948305719,0.0961976813992724,0.0969691444755251,1,Bull
2016-11-09,-0.0006579098268444,0.0105459986577291,-0.0433584072738274,14.380000114440918,0.1025010679401722,0.1755514847955639,0.0948957729966547,1,Bull
2016-11-10,-0.0150017116736069,0.0024927044433975,-0.0148809868418973,14.739999771118164,0.1026781445667481,0.1796106153285449,0.1094343411483835,1,Bull
2016-11-11,-0.0223779787179158,-0.0023075361138492,-0.0056382973588007,14.170000076293944,0.1022560922670716,0.1776211114486413,0.1335868589270112,1,Bull
2016-11-14,-0.0084902346775273,0.0007850646480347,-0.0059996819923331,14.479999542236328,0.1022523857610466,0.1740879385147737,0.1351595743677798,1,Bull
2016-11-15,0.0086610507684275,0.0077723850919945,0.0049337690877133,13.369999885559082,0.1037799636702524,0.1731060633020536,0.1389233746168574,1,Bull
2016-11-16,-0.0029929143246395,-0.0018799332523826,0.0089831499071186,13.720000267028809,0.1027195038401962,0.1771649034556852,0.1365500302621544,1,Bull
2016-11-17,-0.0051515395758409,0.0051276677281065,-0.014823695569877,13.350000381469728,0.1035979640309024,0.1805260187873683,0.1345244346275054,1,Bull
2016-11-18,-0.0088189802456062,-0.0022401353123423,-0.0028922678283563,12.850000381469728,0.1037371779026089,0.1795607404529845,0.1365690603903598,1,Bull
2016-11-21,0.0037273072140238,0.0075227865104695,0.0024793168657526,12.420000076293944,0.1061174489916515,0.1800047850859559,0.1377804914804233,1,Bull
2016-11-22,-0.0003461484549271,0.0019515577770169,-0.0003294646328159,12.40999984741211,0.1056268190776107,0.1805746761414755,0.1379150794308227,1,Bull
2016-11-23,-0.0200190339138755,0.000544024151588,-0.0038888077963308,12.43000030517578,0.1043425836321361,0.1788369119749435,0.1466190384526986,1,Bull
2016-11-25,-0.0056672372341616,0.0037081804838689,0.0014914597482487,12.34000015258789,0.1038462273817686,0.1798477766793907,0.1466296081349636,1,Bull
2016-11-28,0.0105120213801008,-0.004705569271398,0.0073388316473431,13.149999618530272,0.1051571475954172,0.1823236635685564,0.1534175887531733,1,Bull
2016-11-29,-0.0046682289330248,0.0019481561575055,0.0041817538193008,12.899999618530272,0.1038384306825931,0.1841486670523002,0.1509638901820799,1,Bull
2016-11-30,-0.0135100860823796,-0.0024018070935179,-0.0163332547449868,13.329999923706056,0.1047137596076383,0.1865336462702484,0.1530296167139952,1,Bull
2016-12-01,-0.0018809543242076,-0.0036821366129123,-0.0106146354001364,14.06999969482422,0.101518600250248,0.187206385894199,0.1483990236273717,1,Bull
2016-12-02,0.0053648060832919,0.0005006427312919,0.0073006284433986,14.119999885559082,0.0975318023346028,0.1892550086387012,0.1465019803665518,1,Bull
2016-12-05,-0.0053648060832917,0.0059907374690777,-0.0010873834073474,12.140000343322754,0.0951025520612111,0.1892090167698735,0.1419422149936338,1,Bull
2016-12-06,-0.0009866853717861,0.003162120444204,-0.0007542267178389,11.789999961853027,0.094091494005381,0.1836852831195345,0.1411707592173607,1,Bull
2016-12-07,0.0035832836159677,0.0129964206212526,0.008508256512886,12.220000267028809,0.0747284344489956,0.1885030073407426,0.1360829247883295,1,Bull
2016-12-08,-0.002327683543849,0.0024452488695833,-0.0118636297552178,12.640000343322754,0.074373081653828,0.1905743055208059,0.1362380918789726,1,Bull
2016-12-09,-0.0105420462054413,0.0060224605069194,-0.012517498697582,11.75,0.0696250381651521,0.1313913982741073,0.1373757420749564,1,Bull
2016-12-12,0.0037971130210449,-0.0011482562288953,0.0018707943367004,12.640000343322754,0.0705543475557762,0.1244312165331748,0.1348273717858055,1,Bull
2016-12-13,-0.0033443584495009,0.006651863125501,0.0035613148513341,12.720000267028809,0.0704799191130621,0.1250174616848175,0.1164574272179807,1,Bull
2016-12-14,-0.0147758537030279,-0.0082887294074373,-0.011236033844306,13.1899995803833,0.0795739013661392,0.1286807029512604,0.1222304548156991,1,Bull
2016-12-15,-0.0137857159011079,0.0041087469497751,0.0050378935758245,12.789999961853027,0.0772019085977688,0.1287488212026986,0.1197632452622178,1,Bull
2016-12-16,0.0065927785650656,-0.0019575074282891,-0.0023021290941729,12.199999809265137,0.077249274471103,0.1227513833276507,0.1254030109796343,1,Bull
2016-12-19,0.0049851773077869,0.0021745977681121,0.010698382054967,11.710000038146973,0.0763287574145202,0.1215977559075561,0.1287908876781382,1,Bull
2016-12-20,-0.0073943902174649,0.0038504106608662,-0.0049956658386181,11.449999809265137,0.0752952582263923,0.1222232436730148,0.1281022926477143,1,Bull
2016-12-21,0.0005564603998491,-0.0027863310601135,0.0044046029041725,11.270000457763672,0.0741785005486987,0.1231157120739606,0.1264187198470807,1,Bull
2016-12-22,-0.0024136861188265,-0.0017287441979224,-0.0017896663105305,11.43000030517578,0.0749751477388418,0.1231156548738282,0.12601302469324,1,Bull
2016-12-23,0.003155199096609,0.0014626346764309,0.0020351458480646,11.4399995803833,0.0749251868395513,0.1231319246454891,0.1123182051438756,1,Bull
2016-12-27,0.0058201213728203,0.0024782055403471,-0.0032241456046521,11.989999771118164,0.0745573964421205,0.1231036658685669,0.1149851631918927,1,Bull
2016-12-28,0.0027596655752012,-0.008298778731659,0.0072814688112099,12.949999809265137,0.0790989565763368,0.1230546389014259,0.1074635498834914,1,Bull
2016-12-29,0.0130506100063358,-0.0002229100849814,0.0035377969932239,13.369999885559082,0.0791697284842,0.122730129659929,0.1190592319188415,1,Bull
2016-12-30,-0.0061846518231216,-0.0036618050223623,0.0015126251135581,14.039999961853027,0.0799712968854073,0.1096381047805192,0.1120688825950572,1,Bull
2017-01-03,0.0078153851382457,0.0076211740596878,0.0042711104920753,12.850000381469728,0.0812867763327579,0.1038295861715834,0.1159872282290923,1,Bull
2017-01-04,0.0035241475629946,0.0059311475123083,0.0038380650592379,11.850000381469728,0.0826165639757431,0.1016366820956948,0.1149937298313323,1,Bull
2017-01-05,0.0153959468030907,-0.0007945926917355,0.0155320104822494,11.670000076293944,0.0815676970634563,0.1142528073795909,0.12599584096128,1,Bull
2017-01-06,-0.007399862806678,0.0035713666895049,-0.0092243430840675,11.31999969482422,0.0816894641995991,0.1196390925657308,0.128838588072024,1,Bull
2017-01-09,0.0081989424309123,-0.0033062241886881,0.0079938121294242,11.5600004196167,0.0715433341074367,0.1192292245654779,0.1313618605393104,1,Bull
2017-01-10,0.0042512096404077,0.0,-0.0006568811461936,11.489999771118164,0.0712808994600857,0.1103555474090313,0.1316447492059618,1,Bull
2017-01-11,0.0030884513564589,0.0028218236124692,0.0033620046225027,11.260000228881836,0.0690145123504816,0.0985232968146274,0.1253345280074201,1,Bull
2017-01-12,0.00360585813951,-0.0025127485586507,-0.0022126643582246,11.539999961853027,0.0695608364214422,0.0995882584778223,0.1252886181306891,1,Bull
2017-01-13,0.0026301559853731,0.0022928002417268,-0.0047697565102014,11.229999542236328,0.0661304850017742,0.1018684178802329,0.124196969836366,1,Bull
2017-01-17,0.0142573866608842,-0.0035295959209706,0.0104140576367905,11.869999885559082,0.0602928979374724,0.0954769872103746,0.1164610087584375,1,Bull
2017-01-18,-0.0084951596395613,0.0022074861761796,-0.0128901714877247,12.479999542236328,0.0591514686369578,0.1085747180311234,0.1080011891992605,1,Bull
2017-01-19,-0.0008709816243124,-0.0037113744611634,-0.006882248263466,12.779999732971191,0.0602838102227061,0.1117419719389539,0.1081664660281039,1,Bull
2017-01-20,0.0024367465635149,0.0036671804838911,-0.0019991218577563,11.539999961853027,0.0611208124180868,0.1069017088689528,0.1078994092018641,1,Bull
2017-01-23,0.0064113705241066,-0.0026054373154163,0.0099550647534088,11.770000457763672,0.0604229382363802,0.1093130477002032,0.1019782471395614,1,Bull
2017-01-24,-0.0045010400404046,0.0063912336425606,-0.0068747550127933,11.06999969482422,0.0634777323792236,0.1124132478458977,0.105214457934541,1,Bull
2017-01-25,-0.0082756425384433,0.0086184025218896,-0.0126304542702754,10.8100004196167,0.0690157955866001,0.1215969561478948,0.1109370157650704,1,Bull
2017-01-26,-0.0093154514051691,-0.0010463028432766,0.0033607469421085,10.630000114440918,0.0692942953084982,0.1219080742534969,0.1186998055016824,1,Bull
2017-01-27,0.0020286289430197,-0.0015709694855017,0.0036012521677273,10.579999923706056,0.0694470085790668,0.1216004021513091,0.1180058315476338,1,Bull
2017-01-30,0.0042205580884094,-0.0062206728703674,-0.0030136247849957,11.880000114440918,0.0664118689847518,0.1198896688900337,0.118214743394157,1,Bull
2017-01-31,0.013768096552717,-8.807912711358838e-05,0.0069350720414874,11.989999771118164,0.0663908250805921,0.1216122125408866,0.119068766178048,1,Bull
2017-02-01,-0.0030336413602644,0.000395596197899,-0.0062027037172527,11.8100004196167,0.0645163260792699,0.1236884560912546,0.1167444015208631,1,Bull
2017-02-02,0.0055401752530552,0.0006585138688871,-0.0004198775991493,11.93000030517578,0.0596522777845934,0.1227547560318926,0.1156679844418022,1,Bull
2017-02-03,0.0025003325828477,0.0068692292319695,-0.0004202201001951,10.970000267028809,0.0607995968290428,0.1219025808552441,0.1155813698301936,1,Bull
2017-02-06,0.0134287587312168,-0.0017893519503203,0.0060327124074057,11.369999885559082,0.0611787327560593,0.1102030335832624,0.1129243018518924,1,Bull
2017-02-07,-0.002041146037959,4.3925614410825335e-05,0.0073230020458708,11.289999961853027,0.0601807880490366,0.1091442631728674,0.1086794327250381,1,Bull
2017-02-08,0.0061956773807739,0.0013091625413974,0.0135070757501531,11.449999809265137,0.0587434902424281,0.1157056724049677,0.1075419479018282,1,Bull
2017-02-09,-0.0076440113416854,0.0059154095218484,-0.0116014523086256,10.880000114440918,0.0615149986269396,0.1227959830789765,0.1125683267485107,1,Bull
2017-02-10,0.0026395141502793,0.0039385308621017,-0.0005795239669982,10.850000381469728,0.0620821379093883,0.1220888227363276,0.112509846397804,1,Bull
2017-02-13,-0.0068259259671758,0.0054277744041066,-0.0031519312944989,11.06999969482422,0.0626478032468693,0.1223032363527633,0.1160200008476245,1,Bull
2017-02-14,0.0011123712399388,0.0039874194153165,-0.0072531411854916,10.739999771118164,0.0632602744618837,0.123692645210457,0.1159021941170775,1,Bull
2017-02-15,0.0044372173593291,0.0052067383437674,-0.0046127954369498,11.970000267028809,0.0619519404857487,0.117623759415619,0.1064878247277925,1,Bull
2017-02-16,0.0053496912376039,-0.0008516030539416,0.0054489788616616,11.760000228881836,0.0625955953412968,0.1119207911527524,0.1022157260836485,1,Bull
2017-02-17,-0.0033932974726115,0.0015749898470877,0.0059186560377755,11.489999771118164,0.0594978776387611,0.1114366097198357,0.1032626902228582,1,Bull
2017-02-21,0.0005946540100771,0.0059374650106,-0.0017467135576773,11.56999969482422,0.0608534001423574,0.1113784549248829,0.1031801155236344,1,Bull
2017-02-22,0.0013579197505681,-0.0008884315521862,0.001663077694702,11.739999771118164,0.0594897716659116,0.1057621385079734,0.1013744804330768,1,Bull
2017-02-23,0.0086975321577203,0.000677142663398,0.002988062166075,11.710000038146973,0.0575412847248069,0.1034412040354522,0.102872678499705,1,Bull
2017-02-24,0.0063694022640586,0.0012677360816695,0.0110438086398213,11.470000267028809,0.0519524528202957,0.0987132804557325,0.0977319881730648,1,Bull
2017-02-27,-0.0048571756358509,0.0015617856670407,-0.0059187427710896,12.09000015258789,0.0511435641071904,0.1015512593400817,0.0921816205132254,1,Bull
2017-02-28,0.0009230175401251,-0.0027029074820432,0.0037028607341234,12.920000076293944,0.052164816531042,0.1015855337361548,0.0923175321538256,1,Bull
2017-03-01,-0.0014268817535848,0.0139007732897288,-0.0168981823907387,12.539999961853027,0.0603916883685333,0.1183837232075397,0.0929460629662185,1,Bull
2017-03-02,-0.0125085786726138,-0.0063174546573982,-0.0036052880041047,11.8100004196167,0.0672159736505515,0.1165274757819171,0.0958404350658909,1,Bull
2017-03-03,-0.0005955140219629,0.0006290894449486,0.0026005390954242,10.960000038146973,0.0671419831979963,0.1148177654594356,0.0949704134825999,1,Bull
2017-03-06,-0.0067455398520683,-0.0029823379235889,-0.0047872436039577,11.239999771118164,0.0693485929911539,0.1161003425541708,0.0969953987429838,1,Bull
2017-03-07,-0.008086086565359,-0.0029911843040962,-0.0030355002542584,11.449999809265137,0.0690977842405035,0.116567461771255,0.1009063097045372,1,Bull
2017-03-08,-0.0062381178909616,-0.0018581679829722,-0.0054192271123966,11.859999656677246,0.0691402687171469,0.1156722147165971,0.0899828698034682,1,Bull
2017-03-09,-0.0051409196222565,0.0012672427187154,-0.0080129676354796,12.300000190734863,0.0689315598130826,0.1144858638512228,0.0910344968936237,1,Bull
2017-03-10,0.0021815968976861,0.003497943884437,0.0035028431220824,11.65999984741211,0.0692237862990735,0.1026920560418299,0.0879187529593693,1,Bull
2017-03-13,0.0001742930636871,0.0005047392445124,-0.0063309479930936,11.350000381469728,0.0676143736907341,0.0979262879209793,0.0850691443520948,1,Bull
2017-03-14,-0.0054181301429252,-0.0038339182790888,0.0047945018153589,12.300000190734863,0.0693711976183617,0.1003992773374398,0.0852488719170948,1,Bull
2017-03-15,0.0184924940546761,0.0086163514187975,0.0121407246315719,11.630000114440918,0.0726803903726799,0.1104803814176602,0.1073180553606005,1,Bull
2017-03-16,0.0041205599552108,-0.0019688176921587,-0.0050755164379257,11.210000038146973,0.0727801371301834,0.1090912459967484,0.1082918223003689,1,Bull
2017-03-17,0.0022248383768926,-0.0017577580469938,0.0062564581108288,11.279999732971191,0.0716547437948073,0.1104849720653172,0.1073961170423208,1,Bull
2017-03-20,0.0044350117254178,-0.0010976987017093,0.0042894123965861,11.34000015258789,0.0717240053718983,0.1098306331494747,0.106847313187284,1,Bull
2017-03-21,0.0087270095580669,-0.0129222157018129,0.0082747382621249,12.470000267028809,0.0855439244728254,0.1117418739016364,0.110513025321649,1,Bull
2017-03-22,0.0024434516279076,0.0023502446787777,0.0039872721231063,12.8100004196167,0.0832415679822554,0.1123630703854095,0.1107506026173748,1,Bull
2017-03-23,-0.001347399463717,-0.001067956943602,-0.0014100205449597,13.119999885559082,0.083261499104077,0.1123953444350733,0.1108629162273298,1,Bull
2017-03-24,0.0015998188263156,-0.0007264503997345,0.0035631595616006,12.960000038146973,0.0832067466718794,0.1125959850766359,0.1067435129187469,1,Bull
2017-03-27,0.0056210406038038,-0.0010269415118674,0.0045403324040128,12.5,0.0830360294277513,0.1067896960579137,0.1062081687808386,1,Bull
2017-03-28,-0.0041077969016607,0.0072505210455101,-0.0066934714206537,11.529999732971191,0.0869950859362572,0.107350608744544,0.1058133611235802,1,Bull
2017-03-29,0.0024332009503229,0.0009343627175089,0.0059515815800192,11.420000076293944,0.0865637546675847,0.1086481631180441,0.1061139937881164,1,Bull
2017-03-30,-0.007233005455458,0.00317930001034,-0.0081097764519599,11.539999961853027,0.0715689033365829,0.0948855464921801,0.1089923247683034,1,Bull
2017-03-31,0.0021080154307045,-0.0023303784212742,0.002904021259137,12.369999885559082,0.0687568798601615,0.0941400916196297,0.0996133125962379,1,Bull
2017-04-03,0.0052925502986567,-0.0017408113230873,0.0100368403732807,12.380000114440918,0.0688427359264178,0.0994432194538627,0.1009074145027477,1,Bull
2017-04-04,0.0022597345773738,0.0006371772814456,-0.0054397677252799,11.789999961853027,0.0682811352322076,0.0999475565075522,0.097245895466973,1,Bull
2017-04-05,0.0,-0.0029772984351915,0.0030528541051259,12.890000343322754,0.0682741076645219,0.0990820994874605,0.0914086694102229,1,Bull
2017-04-06,-0.0036851166978418,0.0028073544296133,-0.0014838347274329,12.390000343322754,0.0687930229305174,0.0966390118763735,0.0890643892748803,1,Bull
2017-04-07,0.0023466217608158,-0.0010197472677899,-0.0040513385967562,12.869999885559082,0.0687102500624976,0.0926355467337456,0.0855517370424142,1,Bull
2017-04-10,0.0,0.0005948356282896,0.0046291928134647,14.050000190734863,0.0675052071621796,0.0930004942676661,0.0858369349990459,1,Bull
2017-04-11,0.0143780024853959,-0.0011902498786151,0.0094378858680599,15.06999969482422,0.0675165845157547,0.0918655453702812,0.0957142993149608,1,Bull
2017-04-12,0.0068253560866929,-0.0043916738751475,0.005458065323041,15.770000457763672,0.0679060408415985,0.0921067362208741,0.0921132259149836,1,Bull
2017-04-13,0.0047420728437496,-0.0065158830816532,0.0030827557570305,15.960000038146973,0.0626964498475615,0.0852349176856627,0.0738264257720768,1,Bull
2017-04-17,-0.0029407031136137,0.0088207357926539,-0.0030827557570305,14.65999984741211,0.0713444959511892,0.0833933900538729,0.0759348756061721,1,Bull
2017-04-18,0.0047335584740102,-0.0029888659410654,0.0129951533615731,14.420000076293944,0.0717268968603883,0.0905337712701226,0.0764423470715168,1,Bull
2017-04-19,-0.0089143614181285,-0.0018400701997833,-0.005468212629222,14.93000030517578,0.071832722298403,0.0942987218716785,0.0852583358059394,1,Bull
2017-04-20,0.0018876096148857,0.0081060071836108,-0.0038778284424603,14.149999618530272,0.0630552109390905,0.0935168945067562,0.0813373036777758,1,Bull
2017-04-21,0.0028656709251947,-0.0031917052713839,0.0,14.630000114440918,0.063733343158904,0.0931622190691454,0.0814216402518706,1,Bull
2017-04-24,-0.0068091177272855,0.0109378010823032,-0.004949731397693,10.84000015258789,0.0738203420090166,0.0952151011441939,0.0858025627343472,1,Bull
2017-04-25,-0.0101767588253088,0.0058019278894484,-0.0121128402801349,10.760000228881836,0.0757426898323739,0.1050254540504186,0.0942458812891986,1,Bull
2017-04-26,0.0048944172271602,-0.0006292697093132,0.0055020235579612,10.850000381469728,0.0756246379348136,0.1055632888040159,0.0937861041057473,1,Bull
2017-04-27,-0.0037308583358819,0.0008386678975486,-0.0003280014052514,10.359999656677246,0.0720884025112098,0.1024534307421368,0.0935606147223609,1,Bull
2017-04-28,0.0031514146140462,-0.0021816908238152,0.0022087863865923,10.81999969482422,0.0727436907696593,0.1008315415027294,0.0937768521783724,1,Bull
2017-05-01,-0.0091499432066367,0.0025167547091945,-0.0083478212494172,10.109999656677246,0.0724731535234004,0.1010905529338284,0.0959957812693582,1,Bull
2017-05-02,-0.0001671121773227,0.0003770338171756,0.0051077260558252,10.59000015258789,0.0717539482157871,0.1020390305662994,0.0958329803325951,1,Bull
2017-05-03,-0.0140556800788944,-0.0012150517010557,0.000656975183618,10.68000030517578,0.0715599365234985,0.0960964999101592,0.1061925653928701,1,Bull
2017-05-04,-0.010137688898777,0.0011731906408564,-0.0049392045887973,10.460000038146973,0.0715843993227771,0.0957451314446732,0.1106502703812286,1,Bull
2017-05-05,0.0018819613581217,0.0039294290093257,0.0009077621330508,10.56999969482422,0.0711611983952014,0.0952171436042547,0.1110857982500055,1,Bull
2017-05-08,-0.0022245229386793,-0.000167025245171,-0.0054562869819845,9.770000457763672,0.070948436057031,0.0970083491158216,0.1107640854050285,1,Bull
2017-05-09,-0.0060137375316389,-0.0009183661896906,-8.307440457941809e-05,9.960000038146973,0.0709157063189311,0.0959529218321723,0.111383896781761,1,Bull
2017-05-10,-8.619187440805963e-05,0.0017943691244241,-0.0011612390368768,10.210000038146973,0.0709828641480232,0.0945681804187397,0.1113708499888369,1,Bull
2017-05-11,0.0039563058627955,-0.0020448587859793,0.0,10.600000381469728,0.071361877130691,0.0878462935496179,0.0978136045680333,1,Bull
2017-05-12,0.0028286293961141,-0.0016725673417013,0.0075248299673334,10.399999618530272,0.0694326530521646,0.0899274276882421,0.0942468110250594,1,Bull
2017-05-15,0.0026498930493215,0.005508361573008,-0.0027218903953682,10.420000076293944,0.0654178091306912,0.0892075825289599,0.0926058745533629,1,Bull
2017-05-16,0.004344332691827,-0.0009156259247955,0.0037095848233332,10.649999618530272,0.0603146690676206,0.0901533172098022,0.0952423712739984,1,Bull
2017-05-17,0.0180260892429911,-0.0179036822750176,0.0144619211384848,15.59000015258789,0.0885788588026332,0.0930206395363384,0.1157043439798992,1,Bull
2017-05-18,-0.0082146594646411,0.0040203117375134,0.0011347997051666,14.65999984741211,0.0890404607983705,0.0913255995342327,0.1151397489970066,1,Bull
2017-05-19,0.004953655816689,0.0064832045456007,0.002347067105771,12.039999961853027,0.0874979763084815,0.0906515049642757,0.1166411014829875,1,Bull
2017-05-22,0.0041788610216743,0.0050645963890057,-0.0027524779285473,10.93000030517578,0.0876674334376021,0.0912142633395762,0.1172778817018242,1,Bull
2017-05-23,-0.0063588076821675,0.0022101534010785,-0.0067501564503121,10.720000267028809,0.0800739208182921,0.0926555159670264,0.1170043592285064,1,Bull
2017-05-24,0.0039371880866569,0.0023304193394283,0.005614577435228,10.020000457763672,0.0780971553084524,0.0834758652041699,0.113094233557937,1,Bull
2017-05-25,-0.0010874337201151,0.0047679890675865,0.0003250609418244,9.989999771118164,0.0794194805508708,0.0817030506728701,0.1115508516976581,1,Bull
2017-05-26,0.0088326342060086,-0.0002068065118446,0.0017026505797122,9.8100004196167,0.0794734738847477,0.0817322671336751,0.1154432145412539,1,Bull
2017-05-30,-0.0033239313084347,-0.0008691858452597,0.0049277052808722,10.380000114440918,0.0790199268528566,0.0829228562323911,0.1154371208626477,1,Bull
2017-05-31,0.0039874064516969,-0.0002484255795804,0.0024949751511069,10.40999984741211,0.0787899496900512,0.0761259109060162,0.1115798797414512,1,Bull
2017-06-01,0.0008286937780719,0.0079209019176144,0.0001046350195253,9.890000343322754,0.0828152721485792,0.0749263783965161,0.111572069615371,1,Bull
2017-06-02,0.0073453834403855,0.0033227148631085,0.0117707265845691,9.75,0.0828422344997285,0.0835828842130578,0.1006748665925487,1,Bull
2017-06-05,0.0009862969865506,-0.0007372352341302,-0.0062285860292932,10.06999969482422,0.0830915596257172,0.0849579035029127,0.0915094594237831,1,Bull
2017-06-06,0.0111915157965811,-0.0032022357033543,0.0054322441007737,10.449999809265137,0.0836288616159226,0.0859880721780534,0.0969159037940894,1,Bull
2017-06-07,-0.0052942623192704,0.0018486227015241,-0.0047913365965466,10.390000343322754,0.0836593976372871,0.0853157789485444,0.0993214822926275,1,Bull
2017-06-08,-0.006554676702975,0.0004923365025519,-0.0026454901557638,10.15999984741211,0.0834392419542833,0.0864690704241496,0.0999058956803355,1,Bull
2017-06-09,-0.0091664261226062,-0.001518726370842,-0.0015258785077947,10.699999809265137,0.0837581734137939,0.0866271441834003,0.1072558931996941,1,Bull
2017-06-12,-0.0014943988172197,-0.0002054767588578,-0.0003218995950138,11.460000038146973,0.0832400771586407,0.0867103867942381,0.1075443025774538,1,Bull
2017-06-13,0.0009965350816834,0.0048778774208095,0.0001608051105436,10.420000076293944,0.0838933861895706,0.0840941693547447,0.1074575460018652,1,Bull
2017-06-14,-0.0054931778057507,-0.0012685186279526,0.0153185913689398,10.640000343322754,0.0826793677751551,0.0957461584741412,0.1099985551805146,1,Bull
2017-06-15,-0.0041816570199038,-0.0019261564016812,-0.0015845002140719,10.899999618530272,0.0830130714469637,0.0963918733436793,0.1107701613527399,1,Bull
2017-06-16,0.0001675743186591,0.0002184106154219,0.0019806018466355,10.380000114440918,0.0482100116141333,0.0848477986795803,0.0910320775021619,1,Bull
2017-06-19,-0.0076544600973333,0.0082905771771878,-0.0014256595545516,10.369999885559082,0.0529587837807926,0.0853620495957836,0.0904276980048833,1,Bull
2017-06-20,-0.0021131828104241,-0.0067668562868315,0.008916311017468,10.859999656677246,0.0578377819663934,0.0894576921875685,0.0886967662494423,1,Bull
2017-06-21,0.0028728058817661,-0.000246764674237,0.002040498546996,10.75,0.0562258201242568,0.0881430238369338,0.087942891882628,1,Bull
2017-06-22,0.0033692883509404,-0.0004528966320321,0.0021926424972485,10.479999542236328,0.0562059493584311,0.0826228632037433,0.0862894704863279,1,Bull
2017-06-23,0.004279445503073,0.001193512224122,-0.0004700447434438,10.020000457763672,0.0559486833898759,0.0820641764670269,0.086498527774964,1,Bull
2017-06-26,-0.0089995955468572,0.0006576568731343,0.0037499057035117,9.899999618530272,0.0539861848737918,0.0821317741761208,0.0918463032980989,1,Bull
2017-06-27,0.0037947252326204,-0.0080889024481249,-0.0107392157203096,11.0600004196167,0.0616992560421084,0.0932387029267445,0.0869598895968194,1,Bull
2017-06-28,0.0007572586086642,0.0089106894168669,-0.0033151776408969,10.029999732971191,0.0685690236468687,0.0936781452215141,0.0865496414562043,1,Bull
2017-06-29,-0.0048900007067287,-0.0088276095164845,-0.008417018907094,11.4399995803833,0.0759816789842672,0.0989689715726799,0.0862206046305825,1,Bull
2017-06-30,-0.0025387426380499,0.0018626593186765,-0.0023150156725761,11.18000030517578,0.0709720577013031,0.0994402156373699,0.0861507319084366,1,Bull
2017-07-03,-0.0164883523807431,0.0016944421956728,-0.0032244259746118,11.220000267028809,0.070210031738036,0.0909876623012589,0.0958116097127119,1,Bull
2017-07-05,0.0036971824767883,0.0023092119266024,0.0002410573303298,11.06999969482422,0.0706816761329195,0.0884395184986975,0.0973988996916821,1,Bull
2017-07-06,-0.0004291636859008,-0.0091865333266448,-0.0083084403248466,12.539999961853027,0.076860186080172,0.0905205871429695,0.0849688731368446,1,Bull
2017-07-07,-0.010269798493159,0.0064640516833917,-0.0060119988316507,11.1899995803833,0.0800755278667821,0.0913127924858144,0.0886004498612015,1,Bull
2017-07-10,0.0016468254331296,0.0010734959673123,0.0014656349993841,11.109999656677246,0.0801524263408043,0.0913468315027443,0.0888614178203591,1,Bull
2017-07-11,0.0012982088742114,-0.0007430834443838,0.0017075678241128,10.890000343322754,0.0800176021134144,0.0915988869786519,0.0863012451947971,1,Bull
2017-07-12,0.0035397924292921,0.0074868417569439,0.0068804255077417,10.300000190734863,0.0841102001922026,0.0950087651061502,0.0883978842323314,1,Bull
2017-07-13,-0.0018115086761426,0.0016789649476029,-0.006312624857165,9.899999618530272,0.0826620672933731,0.0974387270790114,0.087834109328959,1,Bull
2017-07-14,0.0081689001766399,0.0046531434757535,0.0012176143124779,9.510000228881836,0.0838672933582057,0.0794219968938192,0.0933281841328768,1,Bull
2017-07-17,0.0044433489997169,-0.0001223074140249,0.0027526560833596,9.81999969482422,0.0834446775827827,0.0804581257458033,0.0946616300573306,1,Bull
2017-07-18,0.0069668904523231,0.0005295581365133,0.008695532311847,9.890000343322754,0.0834349211476185,0.0865442580364479,0.0984089034141591,1,Bull
2017-07-19,-0.0002540224323477,0.0053993320280242,0.0004005871725246,9.789999961853027,0.0806261029812681,0.0865316389428434,0.0949000805075103,1,Bull
2017-07-20,0.001354062773928,0.0004452885925671,0.0028804539212508,9.579999923706056,0.0762421548886252,0.0806509394186556,0.094752111806419,1,Bull
2017-07-21,0.0085895624743502,-0.0008907755554,0.0042256757910107,9.359999656677246,0.076385514168782,0.0819346093376602,0.0988965087170235,1,Bull
2017-07-24,0.0004191258176561,-0.0002430378638138,-0.0039064147544989,9.43000030517578,0.0763468341661985,0.0820346319970968,0.0982675404677799,1,Bull
2017-07-25,-0.0032741446924645,0.0024278662409394,-0.0131047320908122,9.43000030517578,0.0765517343101727,0.0922489899713677,0.0977561946324217,1,Bull
2017-07-26,0.0080402368048361,4.041218017989728e-05,0.0016169834210658,9.600000381469728,0.0765993850373885,0.0910079485449021,0.0962475410852493,1,Bull
2017-07-27,-0.0007510021513585,-0.0009301769355581,-0.004940154848843,10.109999656677246,0.06984442604681,0.0857334347385643,0.0956371501293711,1,Bull
2017-07-28,0.0074850774725341,-0.0011736377585419,0.0059098020773042,10.289999961853027,0.0642258473496308,0.08892795122208,0.0987506626019088,1,Bull
2017-07-31,0.0004969976741389,-0.0005672532976322,0.0012099299056221,10.260000228881836,0.0544787836855019,0.084809293457644,0.0966411254212709,1,Bull
2017-08-01,-0.0008284878144892,0.002226373356955,0.0069963269803585,10.09000015258789,0.054561017857605,0.0882580763519721,0.0960388914881552,1,Bull
2017-08-02,-0.0020742591700593,0.0004850344117702,0.0005612607466527,10.279999732971191,0.054548820260336,0.0874761614099409,0.0731183509759132,1,Bull
2017-08-03,0.0015767861990997,-0.0019416926122122,0.0102914199416306,10.4399995803833,0.0552631897449028,0.094206531102432,0.0727698212286346,1,Bull
2017-08-04,-0.0078255046399976,0.0018204560629598,-0.0085284897728812,10.029999732971191,0.0416379719179199,0.0944737043590465,0.079603003456322,1,Bull
2017-08-07,-0.0011707593535363,0.0018576297651142,0.0011199931882846,9.93000030517578,0.0373285947041882,0.0912976974717474,0.0684193310499693,1,Bull
2017-08-08,0.0029243323685439,-0.0024641039055742,-0.0036046805291087,10.960000038146973,0.0393409828176647,0.0926559232831541,0.068546057551743,1,Bull
2017-08-09,0.0120248325352343,-4.015667051174166e-05,0.0054416221846154,11.109999656677246,0.0390337083889649,0.0940271952888029,0.0771356489066986,1,Bull
2017-08-10,0.0073916363010042,-0.0142160299505748,0.0085032610893297,16.040000915527344,0.0601637750426929,0.0954752845594708,0.0790537260487057,1,Bull
2017-08-11,0.0047347176699812,0.001475623094947,0.0004747469582504,15.510000228881836,0.060094279989515,0.0917284948784922,0.0778283770392254,1,Bull
2017-08-14,-0.0071105097086199,0.0098642714924772,-0.005154010929972,12.329999923706056,0.0674976110291806,0.0944536928422665,0.0823705160376107,1,Bull
2017-08-15,-0.0077398064932358,-0.0001213239829168,-0.0042229775409107,12.039999961853027,0.0674975538456856,0.0959393952729345,0.0885033915358988,1,Bull
2017-08-16,0.0073296549457859,0.001742654269357,0.0036660270933169,11.739999771118164,0.0677050111559059,0.0921712500204761,0.0887954626237351,1,Bull
2017-08-17,0.0050744511871612,-0.0157136223867204,0.0074497744725506,15.550000190734863,0.0848057650781769,0.0952878987369134,0.0893915680320655,1,Bull
2017-08-18,-0.0015523089133794,-0.0015643431362498,-0.0002367401714453,14.260000228881836,0.0847322120404777,0.0950435739137387,0.0901161782626844,1,Bull
2017-08-21,0.0037541795070425,0.0007824414178476,0.0024451804673949,13.1899995803833,0.0849210019731924,0.0943988411461281,0.0868949885822404,1,Bull
2017-08-22,-0.0044903781947354,0.0104027004113376,-0.0038678805781811,11.350000381469728,0.0933487140490041,0.0943759043251845,0.0892106164662959,1,Bull
2017-08-23,0.0037569391595081,-0.0035918327778065,0.0067785215636068,12.25,0.0934880904891092,0.0824484740464232,0.088142021402,1,Bull
2017-08-24,-0.0031025274301847,-0.0023333427435285,-0.0036988923650844,12.229999542236328,0.0936595101332401,0.08440258919647,0.0861185668171754,1,Bull
2017-08-25,0.0036729988686282,0.0023333427435284,0.003855780141341,11.279999732971191,0.0942244161486344,0.0817098079618629,0.0863821562754569,1,Bull
2017-08-28,0.0157623970318692,4.095636844184028e-05,-0.0006286195106352,11.31999969482422,0.0942107747085733,0.0805818223805931,0.0979984719668111,1,Bull
2017-08-29,-0.0021677522181519,0.0011443813647097,0.0032171619375028,11.699999809265137,0.0943711672798607,0.0808299741586777,0.0987916960036061,1,Bull
2017-08-30,-0.0004823342716563,0.004726211538999,-0.0003132948083856,11.220000267028809,0.0956273505923079,0.0784639415683839,0.0986994085241971,1,Bull
2017-08-31,0.0116717216178943,0.0059980909178441,0.0029734129807053,10.59000015258789,0.0980399672041977,0.0786915738473902,0.1038792111063521,1,Bull
2017-09-01,0.0019056530015576,0.0014130557295285,-0.0076783492123042,10.130000114440918,0.0978872960742351,0.0772449982514009,0.1038647137817312,1,Bull
2017-09-05,0.0110446179853417,-0.0072082288654952,0.0157331083998942,12.229999542236328,0.100918144382448,0.0870825672418805,0.1016616265284182,1,Bull
2017-09-06,-0.005112698708954,0.0034081391673765,-0.0061539407682914,11.630000114440918,0.1014696223071419,0.0910742846855227,0.1045799187503057,1,Bull
2017-09-07,0.0103555276354192,-0.0001215017231439,0.0101848898956262,11.550000190734863,0.1011310810081209,0.0943948778079948,0.1077893626437073,1,Bull
2017-09-08,-0.0012495406412696,-0.0011756334666965,-0.002168398862628,12.119999885559082,0.1012025960203966,0.0944236508226625,0.1037949552729318,1,Bull
2017-09-11,-0.0140071439765984,0.0106100470092332,-0.0120097544077867,10.729999542236328,0.0939416622252477,0.1016693168195759,0.1168536834043214,1,Bull
2017-09-12,0.002927757716954,0.0033645708037725,-0.0052705943200218,10.579999923706056,0.0942760464781695,0.1036215149690367,0.116395267911593,1,Bull
2017-09-13,-0.0075346111705772,0.0004800201846274,-0.0039513537570742,10.5,0.0887822463521208,0.1029150152422842,0.1167964020948674,1,Bull
2017-09-14,0.0043690981240205,-0.0003198711525514,0.0041092403360635,10.4399995803833,0.0888079382439939,0.1023566392778431,0.1122759516485954,1,Bull
2017-09-15,-0.0050062075765588,0.0013453031357164,0.0003942618477384,10.170000076293944,0.0887590549894014,0.1017828630585372,0.1130224538577005,1,Bull
2017-09-18,-0.0093641740072291,0.0021245429774001,-0.005770646839085,10.149999618530272,0.0658242207162704,0.1007585358439082,0.118076626250019,1,Bull
2017-09-19,0.0020885390572384,0.0010005994178653,-0.0024611425661455,10.18000030517578,0.0649045567747945,0.1010912366349267,0.1178666181442909,1,Bull
2017-09-20,-0.0080567627066632,0.0003598370464194,0.0007150321685973,9.779999732971191,0.064991300860206,0.100696877280559,0.1213073958078176,1,Bull
2017-09-21,-0.0076330247154429,-0.0026828995409578,-0.0005562381726585,9.670000076293944,0.0581568057950596,0.0998627378958471,0.1233529089700909,1,Bull
2017-09-22,0.0045543146609353,0.0002004369588289,0.0028567675467723,9.59000015258789,0.0558243100862552,0.0973371129795506,0.1236745261486178,1,Bull
2017-09-25,0.0104129845360127,-0.0020464984347231,0.0062399834074728,10.210000038146973,0.0556054817457644,0.0990577527581166,0.1278887701584276,1,Bull
2017-09-26,-0.0112247264040768,0.0006024408307199,-0.0018122041800909,10.170000076293944,0.0554802747219218,0.0983350416889717,0.1340313913182483,1,Bull
2017-09-27,-0.0094647901378272,0.0038866608283378,-0.0151824933877134,9.869999885559082,0.0561439541417335,0.111360049289636,0.1252169713198102,1,Bull
2017-09-28,0.0018837445698112,0.0011989878848638,-0.0029679956744875,9.550000190734863,0.0561424767391562,0.1106038869763787,0.1255459031415031,1,Bull
2017-09-29,-0.0051683715774128,0.0035089502052834,0.0022463440703645,9.510000228881836,0.055357575851924,0.11118702257633,0.1264177954084389,1,Bull
2017-10-02,-0.0066846148898738,0.0043291838111531,-0.0018325000794152,9.449999809265137,0.0538292635029874,0.1102778745135923,0.1188604926605051,1,Bull
2017-10-03,0.0004967317019956,0.0021379789060403,0.0009648141522613,9.510000228881836,0.0539313435684863,0.1079260711606966,0.118383777509417,1,Bull
2017-10-04,0.0028098889387879,0.0011856027292294,8.057408453413747e-05,9.630000114440918,0.0444691295535919,0.0898258803049529,0.1100808905032831,1,Bull
2017-10-05,-0.0053788167236255,0.0059075674470101,-0.0037850748776661,9.1899995803833,0.0465506720566076,0.0886600878048159,0.1101670443488949,1,Bull
2017-10-06,0.0047183541150492,-0.0011393627538586,-0.0028276859766126,9.649999618530272,0.0471843094517999,0.0780041888714252,0.1034547897060504,1,Bull
2017-10-09,0.008142542011554,-0.0016526081078233,0.0031505118382382,10.329999923706056,0.0475729263476369,0.0800492630366309,0.1100118066000246,1,Bull
2017-10-10,0.0026178000096001,0.002635062083354,0.0016113935134475,10.079999923706056,0.0349758839468391,0.0716076958244086,0.1024256617364062,1,Bull
2017-10-11,0.0031812040839063,0.0015696891556781,0.001931266811561,9.850000381469728,0.0341571023009357,0.0707202732511977,0.1025658840194022,1,Bull
2017-10-12,0.0008140547013934,-0.0014911974742334,0.0042509389927839,9.90999984741211,0.0353235944455144,0.071817647912252,0.100369064172116,1,Bull
2017-10-13,0.007539254296557,0.0012166198730382,0.0071770224737477,9.609999656677246,0.0349559679230706,0.0749680747561367,0.1030867018978455,1,Bull
2017-10-16,-0.0068884625152206,0.0013326839451463,-0.0007156284036448,9.90999984741211,0.0349551170421153,0.0749435746625288,0.1042331694473667,1,Bull
2017-10-17,-0.0068544044171995,0.0007048964254172,0.0012716256365143,10.3100004196167,0.0348028589698616,0.0724160403959873,0.1020291483792667,1,Bull
2017-10-18,-0.0037735819439878,0.0009780894645188,-0.0066137200086004,10.06999969482422,0.0348036262327932,0.0755667016206689,0.1019141957237903,1,Bull
2017-10-19,0.0059002156573019,0.00027368280443,0.0017576468433013,10.050000190734863,0.0348274522232171,0.0758083670641727,0.1014475949749214,1,Bull
2017-10-20,-0.0063934543954733,0.0051470951671557,-0.0106705458591103,9.970000267028809,0.0347333163319492,0.0841596089583057,0.1004315350790809,1,Bull
2017-10-23,0.0015611723194451,-0.003896819836526,0.0017728989669562,11.06999969482422,0.0392052127717919,0.0836789748623032,0.0990909507223209,1,Bull
2017-10-24,-0.0038662591759729,0.0017555739856075,-0.006219025478185,11.15999984741211,0.0373368460840362,0.0818360468175087,0.0911998253679206,1,Bull
2017-10-25,0.0001647984431062,-0.0049625180106033,-0.004791857413268,11.229999542236328,0.0433911664532662,0.0827364144227957,0.0837149014927727,1,Bull
2017-10-26,-0.0084409359313988,0.0012919875965348,-0.0033426585085472,11.300000190734863,0.0422625617497594,0.0664467907578019,0.0824290759901539,1,Bull
2017-10-27,0.0047257865747334,0.0081427217414304,0.0065940316803953,9.800000190734863,0.048897205671343,0.0707006526549858,0.0841001734348581,1,Bull
2017-10-30,0.0019005561122998,-0.0037318944673852,0.0095292710776574,10.5,0.051298949140564,0.0782123457890237,0.0827237389202987,1,Bull
2017-10-31,-0.0038047944426046,0.0015566093722904,0.0003215024748421,10.18000030517578,0.049936600595572,0.0779435998097888,0.0804390430485887,1,Bull
2017-11-01,0.0036396966611634,0.0013213576332579,0.0044430094557687,10.199999809265137,0.0497619388734708,0.0793656382004898,0.0814336850695483,1,Bull
2017-11-02,0.0006603535530684,0.0003882269451059,0.0043988116572737,9.93000030517578,0.0497736759478957,0.080659254355862,0.0808743137428558,1,Bull
2017-11-03,-0.0047144513322975,0.0033331648853047,0.0027094449488897,9.140000343322754,0.0471941470224266,0.0795018734268917,0.0803477902661896,1,Bull
2017-11-06,0.008502950979344,0.0015465131158734,0.0037342355098187,9.399999618530272,0.046788071396708,0.0790299846037988,0.0841063414075825,1,Bull
2017-11-07,-0.0036235108435323,-0.0006959582883731,0.004193980734898,9.890000343322754,0.0462625430666212,0.0794589514544119,0.0799124703553013,1,Bull
2017-11-08,0.0034590561197046,0.0016996821353198,-0.0022137163221118,9.779999732971191,0.0459269010496855,0.0802566276154858,0.0803567789482266,1,Bull
2017-11-09,0.0041024016451006,-0.0036341399774652,-0.002853283526765,10.5,0.0483482322979918,0.0812098522739691,0.0809210749123124,1,Bull
2017-11-10,-0.0082217023399463,-0.0003101146753849,-0.0151939561333186,11.289999961853027,0.0478801504412263,0.0969179035522978,0.0853472882569471,1,Bull
2017-11-13,0.0014849063034307,0.0009297184018586,0.0020928981851466,11.5,0.0478469816494419,0.093568152760495,0.080429828635422,1,Bull
2017-11-14,0.002058715307154,-0.0023254116540572,0.00673224779525,11.59000015258789,0.0488351969269771,0.0968187915556892,0.0780789953429588,1,Bull
2017-11-15,-0.0012346702455871,-0.0050178010737653,0.0108035019364373,13.130000114440918,0.0523596933535154,0.1039059884082363,0.074715297003588,1,Bull
2017-11-16,-8.238652462762423e-05,0.0084649847596989,-0.0087291282216996,11.760000228881836,0.0597048433300212,0.1059290246719431,0.0736278026133182,1,Bull
2017-11-17,0.0119546095092268,-0.0029428797716151,0.0073852480525719,11.43000030517578,0.060911132855208,0.1087015409377431,0.0823241272306517,1,Bull
2017-11-20,-0.0126962680461662,0.0017050160914243,-0.0003956299260378,10.649999618530272,0.0586444553517643,0.1009362080912875,0.0910957451433078,1,Bull
2017-11-21,0.0016473488437394,0.0065214839288226,0.0031609716114109,9.729999542236328,0.0605049957043293,0.1011845914413079,0.0911162424707727,1,Bull
2017-11-22,0.009175087875408,-0.0008851402595795,0.0032299113545105,9.880000114440918,0.0606247185478052,0.0978536948172985,0.0954451729330902,1,Bull
2017-11-24,-0.0025311102507151,0.0023069918835714,-0.0027567945506589,9.670000076293944,0.0573784099750982,0.0964449073760548,0.0960222805266549,1,Bull
2017-11-27,0.0041607413323197,-0.0004992595224256,-0.0014205588140366,9.869999885559082,0.0575737374998344,0.09542528014314,0.0912413657904427,1,Bull
2017-11-28,-0.0001628747154767,0.0100937903049889,0.0013418235818734,10.029999732971191,0.0609829493078869,0.0937532699299231,0.090278555867181,1,Bull
2017-11-29,-0.0062895583924212,-0.0006089656855946,-0.0099079714460293,10.699999809265137,0.0588894401587145,0.0967856588251013,0.093364600174388,1,Bull
2017-11-30,-0.0077322293914414,0.0087167219190615,-0.0033507238069868,11.279999732971191,0.0645512825097526,0.0977156361237386,0.0965084724245611,1,Bull
2017-12-01,0.0040380612309282,-0.0020774801380127,0.0134042243202941,11.43000030517578,0.0656895471301138,0.1069378134801537,0.0966986416231621,1,Bull
2017-12-04,-0.0033776531546079,-0.0012107095330039,0.0004740085712428,11.68000030517578,0.0661921471106074,0.1061252000321135,0.0974590366551366,1,Bull
2017-12-05,-0.0071221883700487,-0.0036030776132812,0.0049636858041744,11.329999923706056,0.067713569640535,0.1069756939542943,0.0992655072831127,1,Bull
2017-12-06,-0.002079954164184,0.0001900606998426,0.0034520919227419,11.020000457763672,0.067704695347988,0.1068792738810289,0.0943310396754283,1,Bull
2017-12-07,-0.013246352701112,0.0031479869432788,-0.007863191674414,10.15999984741211,0.0679429639773138,0.1100087061160451,0.1036207421731474,1,Bull
2017-12-08,-8.43525069872456e-05,0.0054381238838447,7.917796765596189e-05,9.579999923706056,0.0696519391584396,0.1096841449753021,0.1023843201589619,1,Bull
2017-12-11,-0.0039748135531073,0.0030089081189749,-0.00205438773849,9.34000015258789,0.0676614626092619,0.1094366082322757,0.1008766045439423,1,Bull
2017-12-12,0.0011856318079057,0.0017629827574443,-0.0003960008713215,9.920000076293944,0.0673514604555256,0.0940289140740335,0.0983686024487631,1,Bull
2017-12-13,0.0085960131899737,-0.0001124143711167,0.0074892710031838,10.18000030517578,0.0675740280281577,0.0966664106243389,0.1037393387796624,1,Bull
2017-12-14,-0.0020159424324848,-0.0040944480997585,0.0042321329420104,10.489999771118164,0.0691054067531464,0.0952479900194948,0.1032601898986101,1,Bull
2017-12-15,0.0020998705742963,0.0082930036952462,0.0037467841637082,9.420000076293944,0.0688076764385819,0.089132108405106,0.1038261529371037,1,Bull
2017-12-18,0.0046042778868208,0.006321105854952,-0.0091576148619646,9.529999732971191,0.0666673224649216,0.0897176822726792,0.1055366154496679,1,Bull
2017-12-19,0.0007513783425439,-0.0038476791693576,-0.0130589022970546,10.029999732971191,0.0675757697707811,0.0982043604900511,0.0953040581997815,1,Bull
2017-12-20,0.0026671102328525,-0.0005245664609741,-0.0111345171803195,9.720000267028809,0.0681093014746292,0.1052299804046544,0.0863812868843663,1,Bull
2017-12-21,0.001414000411124,0.0020578737183048,0.0058114516918064,9.619999885559082,0.0659526706551263,0.1068557939784859,0.0863132626294503,1,Bull
2017-12-22,0.0052228502791842,-0.0002618469817105,0.0013633351792523,9.899999618530272,0.065690013168273,0.1062035840068719,0.0817101304176819,1,Bull
2017-12-26,0.0068394169191065,-0.0011967115112434,0.0029610175485243,10.25,0.0663614212574095,0.1066557705088998,0.0853731813384283,1,Bull
2017-12-27,0.0037705513021491,0.0004859902321582,0.0129411672032438,10.470000267028809,0.0660791009915569,0.1161549670688409,0.0851315762761072,1,Bull
2017-12-28,0.0050595432932777,0.0020555790820476,-0.000868532850632,10.18000030517578,0.0583578217163255,0.1161465420532039,0.0870857132772961,1,Bull
2017-12-29,0.0064909197612103,-0.0037778477533484,0.0015785207427039,11.039999961853027,0.0605458824727152,0.1102825493141844,0.0866795742641304,1,Bull
2018-01-02,0.0120580237624518,0.00713222967385,-0.010858316123962,9.770000457763672,0.0582011541263234,0.1166369837969109,0.0896982468112589,1,Bull
2018-01-03,-0.0026403330092135,0.0063054256228804,0.0047699362130622,9.149999618530272,0.0599897788851217,0.107962362660839,0.0903605737732401,1,Bull
2018-01-04,0.0051142783102627,0.0042057640465743,-0.000158396831291,9.220000267028809,0.0600531217665763,0.10794422934741,0.0896683435000908,1,Bull
2018-01-05,-0.0010367021379344,0.006641897455027,-0.0028599762200134,9.220000267028809,0.0594149692596861,0.106712511127745,0.0844933104106461,1,Bull
2018-01-08,-0.000159625539037,0.0018268743294185,-0.0006363464259451,9.520000457763672,0.0590357003673929,0.1057520315994884,0.08359849876779,1,Bull
2018-01-09,-0.0046392196430415,0.0022611181836093,-0.0134629778274188,10.079999923706056,0.0589240899717707,0.1121375277193206,0.0675527877099329,1,Bull
2018-01-10,0.0024022706924068,-0.0015314031095715,-0.0012107215566708,9.81999969482422,0.0588868932532532,0.1120792835151611,0.0669264380109445,1,Bull
2018-01-11,0.0032738773212121,0.0072697708467833,0.0041111705580612,9.880000114440918,0.061800975008755,0.113374774511223,0.0625743150861686,1,Bull
2018-01-12,0.012044492942167,0.0064977745198421,0.0016874051227643,10.15999984741211,0.0637513275843914,0.1136755504530493,0.0697089419403526,1,Bull
2018-01-16,0.0016526906271698,-0.0034245171858593,0.0041676571849142,11.65999984741211,0.0662428303869685,0.1112518027322532,0.0673276019905474,1,Bull
2018-01-17,-0.008132363237354,0.009486896312455,-0.0013606988596533,11.90999984741211,0.0671147546825683,0.1097644048935582,0.0759575283671678,1,Bull
2018-01-18,-0.0022222134485855,-0.0016820912975949,-0.0093329991890504,12.220000267028809,0.0654784486422966,0.1119229093436221,0.0779118985243662,1,Bull
2018-01-19,0.0044394996120163,0.0045391937320878,-0.0052675934864927,11.270000457763672,0.0643482104893572,0.1094195441624818,0.0778604800744681,1,Bull
2018-01-22,0.0018177059354296,0.0080981216480611,0.0009742497900136,11.029999732971191,0.0636918096991226,0.1011764406071287,0.0776306485367846,1,Bull
2018-01-23,0.0049619859431586,0.002120123433883,0.0042933436964791,11.100000381469728,0.062661138837923,0.0952614767731251,0.0780467279115733,1,Bull
2018-01-24,0.0121043455775452,-0.0003883039758869,-0.0054302832575595,11.470000267028809,0.0635993847995295,0.0944808018343708,0.0842793866681084,1,Bull
2018-01-25,-0.0066978490279024,0.0004237359391013,0.0081748300702381,11.579999923706056,0.0632406570942147,0.0990978176011547,0.0906535427905766,1,Bull
2018-01-26,0.000781175638679,0.0115112153314893,-0.0037149334553125,11.079999923706056,0.0684067922693567,0.0990489210202266,0.0895828808103515,1,Bull
2018-01-29,-0.0056378571834703,-0.0066519358751144,-0.0069823806814928,13.84000015258789,0.0761810341186019,0.0881967432242372,0.0936100946715493,1,Bull
2018-01-30,-0.0043281233730761,-0.010309910478217,-0.0058842632032685,14.789999961853027,0.0890590397049958,0.0894170114966523,0.0953190465579274,1,Bull
2018-01-31,0.0066810895704915,0.0004962885494396,0.0058842632032685,13.539999961853027,0.086513211915283,0.0926412864294347,0.0954465240385264,1,Bull
2018-02-01,0.003284890986055,-0.0011355275407805,-0.0145989418170758,13.470000267028809,0.085806710827446,0.0981085968593773,0.0877667572925628,1,Bull
2018-02-02,-0.0132046867972403,-0.0220104737209083,-0.0093227370512355,17.309999465942383,0.118604608148037,0.0984459025771047,0.1001876850569256,2,Bear
2018-02-05,0.0025286437555192,-0.0427222757999512,0.0094053302278079,37.31999969482422,0.1911744871703982,0.1064683060628807,0.0991127927296143,2,Bear
2018-02-06,-0.0105518996456808,0.0195107316548541,-0.0062325446069798,29.979999542236328,0.2028098755933114,0.1074599576408228,0.1061677810588778,2,Bear
2018-02-07,-0.0047167720834533,-0.0054397512874776,-0.0095485549177471,27.729999542236328,0.203206924070073,0.110296046075245,0.1074305412729521,2,Bear
2018-02-08,0.0015214195043946,-0.038230313089703,-0.0010946708618946,33.459999084472656,0.2398728978695159,0.102961406176639,0.1063356680017282,2,Bear
2018-02-09,-0.0016817358427458,0.014909738432611,-0.0063391982470578,29.059999465942383,0.2477952847037992,0.104014778131171,0.1061602665580923,2,Bear
2018-02-12,0.0047973715177869,0.0145776749619616,0.0043994135585066,25.61000061035156,0.252577676770369,0.104240044368246,0.1068987895318007,2,Bear
2018-02-13,0.0056472535967854,0.0024847113259501,0.0044638495558801,24.96999931335449,0.2512764347312249,0.1059727455221103,0.0998622266487059,2,Bear
2018-02-14,0.0169088525197643,0.013405564868622,-0.0111548872362731,19.26000022888184,0.2568497550416137,0.1078949327085472,0.116310753700788,2,Bear
2018-02-15,0.0011691607653979,0.0126792055261433,0.0033936608277678,19.1299991607666,0.2587677094570553,0.1099284364759883,0.1121050724749136,2,Bear
2018-02-16,-0.0032769459911664,0.0002931173533793,0.0054052193693852,19.459999084472656,0.2588054561260425,0.1103542993073728,0.1125266208558051,2,Bear
2018-02-20,-0.0135328677509377,-0.0062806321635592,-0.0043897218046595,20.600000381469727,0.2585805077647622,0.110054796900685,0.1220021495312463,2,Bear
2018-02-21,-0.0046049640577857,-0.0049867839281161,-0.0123439256028844,20.020000457763672,0.2563891148561027,0.115332048518606,0.1227776574876625,2,Bear
2018-02-22,0.0050801774014144,0.0012951599608303,0.0029932960840493,18.71999931335449,0.2562307265364505,0.1144577744620884,0.1228430409964599,2,Bear
2018-02-23,-0.0012676571223934,0.015813666368924,0.0088427647853255,16.489999771118164,0.2637254210759985,0.1204093002887063,0.1141632821162298,2,Bear
2018-02-26,0.0024545525850455,0.011545321042893,0.0003387411307165,15.800000190734863,0.2675058947864395,0.1151416055271613,0.1128069608045433,2,Bear
2018-02-27,-0.010493774054732,-0.0125652167354854,-0.001439564572804,18.59000015258789,0.2664119308982212,0.1150374585736771,0.1177594227894563,2,Bear
2018-02-28,-0.0010394376248337,-0.010181334273199,0.0063354964318301,19.850000381469727,0.2674564381891838,0.1171541912702656,0.1166012995935128,2,Bear
2018-03-01,-0.002242502765231,-0.014647838475938,0.0068028962213426,22.46999931335449,0.2695216317904591,0.1193550112886546,0.1160482642341097,2,Bear
2018-03-02,0.0053576407977507,0.0051419172486393,-0.0081621684328173,19.59000015258789,0.2706369500615901,0.1192628255813128,0.1150614178477338,2,Bear
2018-03-05,-0.0016761714003699,0.0114915718370776,-0.0027078766078282,18.729999542236328,0.2747755503513095,0.1095713365603727,0.1140940730355459,2,Bear
2018-03-06,0.0107267206191819,0.0025319159410094,0.0009316217038351,18.36000061035156,0.2647935685085714,0.1053996607449759,0.1121699477093313,2,Bear
2018-03-07,-0.0064222029145691,-0.0003665759185042,-0.001100959918351,17.760000228881836,0.2156848096813389,0.099076668450557,0.1139519011617851,2,Bear
2018-03-08,-0.0023891311235728,0.0048272059071324,0.0057460128843489,16.540000915527344,0.2060798402570616,0.0997640955827465,0.1081244340082779,2,Bear
2018-03-09,0.0009563496666087,0.0172529855852429,-0.0065937872054573,14.640000343322754,0.2122248281200023,0.096836203203174,0.1067736439989214,2,Bear
2018-03-12,0.0,-0.0012561088278572,0.0057508722856933,15.779999732971191,0.1549343491952327,0.0989815984717918,0.1066817538143863,1,Bull
2018-03-13,0.001909899228192,-0.0064838571691683,0.0050467840307933,16.350000381469727,0.1531676047803042,0.0975609987245773,0.1066035348160845,1,Bull
2018-03-14,-0.0006362480921955,-0.005144488043213,0.008770904856495,17.229999542236328,0.1490692988581818,0.1008277680491497,0.105424298452698,1,Bull
2018-03-15,-0.0063846619697597,-0.0010902662566833,0.0,16.59000015258789,0.1493628420811674,0.0999694936894907,0.105722132077641,1,Bull
2018-03-16,-0.0024048352412031,0.0010834022558708,-0.0035829621695082,15.800000190734863,0.1430406516605965,0.0918702993741221,0.0848872010227748,1,Bull
2018-03-19,0.0021646240154515,-0.0136223641150069,-0.0031769675810809,19.020000457763672,0.1449807684136026,0.0924894437943464,0.0853308935225247,1,Bull
2018-03-20,-0.0044947919586221,0.0016993486859523,-0.0040267304171964,18.200000762939453,0.1451294832764252,0.0921385774481019,0.0857858682885394,1,Bull
2018-03-21,0.017305793278474,-0.0019212048092404,0.0010925064875143,17.860000610351562,0.1436010937638722,0.0906486773924728,0.096569015064219,1,Bull
2018-03-22,-0.0039610286020946,-0.0253149150664374,0.0098604315121864,23.34000015258789,0.1677641272481645,0.0835042627250084,0.0961995699631316,2,Bear
2018-03-23,0.0128555516884873,-0.0215452052565816,-0.0007488684281007,24.8700008392334,0.1819719135779189,0.0836730520224449,0.1046494692329089,2,Bear
2018-03-26,0.0052366227801974,0.0269917477634599,-0.0038353233839217,21.030000686645508,0.1991008509551317,0.0808114937418051,0.1056922966328485,2,Bear
2018-03-27,-0.0061774519150593,-0.0171581545664382,0.0106363172751275,22.5,0.2002229631690193,0.0877599270129968,0.1081911662477207,2,Bear
2018-03-28,-0.0139011360893348,-0.0029591964331085,0.0026410796681929,22.8700008392334,0.1971032482731203,0.0873397980835103,0.1130451004872181,2,Bear
2018-03-29,0.0004770798243684,0.0126967028777521,0.0048517357746315,19.96999931335449,0.2016230420709386,0.0864327144830872,0.1129529280232916,2,Bear
2018-04-02,0.011618397461991,-0.021820996606918,0.0019707241447411,23.6200008392334,0.2089924824349295,0.0841778700819816,0.1190620590822996,2,Bear
2018-04-03,-0.0075722010717776,0.012735465407661,-0.0077424282595161,21.100000381469727,0.2137109483961665,0.0836057725481005,0.1214457381148546,2,Bear
2018-04-04,0.0011868954626521,0.0106425249514067,-0.0020688715987347,20.059999465942383,0.2130897872589568,0.0832645385571054,0.1212503795649804,2,Bear
2018-04-05,-0.0051535804567209,0.0078607511659735,-0.0074853271060549,18.940000534057617,0.2151011074749354,0.0884996695787129,0.1167371583388571,2,Bear
2018-04-06,0.0046789913047759,-0.0225379913743183,0.0108764714544267,21.489999771118164,0.2275149885952778,0.0948227458569138,0.1157016377633494,2,Bear
2018-04-09,0.003396396035594,0.004916321844705,0.0016499506686364,21.770000457763672,0.2275496101214011,0.0934725629048574,0.1157726728202679,2,Bear
2018-04-10,0.002362787969159,0.0157751462676393,-0.0018149607525859,20.46999931335449,0.2260149228805347,0.0898894909189122,0.1159405403412498,2,Bear
2018-04-11,0.0077577307979443,-0.0052559839626509,0.0035448514664823,20.239999771118164,0.2262263824946553,0.0888521333647794,0.1185241133625689,2,Bear
2018-04-12,-0.0116987778251054,0.0081935540581623,-0.0073515184215491,18.489999771118164,0.2285911870541502,0.0924995892620422,0.126278554639277,2,Bear
2018-04-13,0.0065336100698645,-0.0029375700955112,0.0023189201151498,17.40999984741211,0.2283002726293806,0.087968832486371,0.1280270664081786,2,Bear
2018-04-16,0.0014113245973425,0.0081882398994477,0.0003304841742295,16.559999465942383,0.2308093179352869,0.0879591298815235,0.12544556696935,2,Bear
2018-04-17,0.0009397976090927,0.0106416421033708,0.0027251457868637,15.25,0.2343263217887607,0.0870899082345037,0.1248253058354288,2,Bear
2018-04-18,0.0007824607184664,0.0007402197443222,-0.0080309923593299,15.600000381469728,0.2295815793768089,0.0913180812891664,0.1247809924301698,2,Bear
2018-04-19,-0.0019573308498895,-0.0055630914783123,-0.0081795359869501,15.960000038146973,0.2302746049091992,0.0949428954697041,0.1236459942585316,2,Bear
2018-04-20,-0.0076309321796948,-0.0085159784665104,-0.0072336276415157,16.8799991607666,0.2319637264118265,0.0983319988688961,0.1125034862395806,2,Bear
2018-04-23,-0.0080079278822516,-0.0001496193841114,0.0002534240524495,16.34000015258789,0.2139683529909689,0.0914000612757721,0.1151662793999028,2,Bear
2018-04-24,0.0048441674681116,-0.0135588420197723,-0.0045679065201389,18.020000457763672,0.2051996582209679,0.0924277862091269,0.1068203194553103,2,Bear
2018-04-25,-0.0065172673215024,0.0024688948214767,-0.0067202534542933,17.84000015258789,0.1822086849623609,0.0941511412878922,0.1066020138349471,2,Bear
2018-04-26,-0.0035146807713917,0.0101142816310038,0.0069745289714869,16.239999771118164,0.1746895314877677,0.0892111166570211,0.1053890683581444,2,Bear
2018-04-27,0.0042320403061771,0.0009379657241107,0.0076836421890398,15.40999984741211,0.1740882131310367,0.0934820180590329,0.0955761984973483,1,Bull
2018-04-30,-0.0072774416543521,-0.0077201183349576,0.0017647643182708,15.93000030517578,0.1714726560861036,0.0917010336468503,0.0987225126396449,1,Bull
2018-05-01,-0.007088207443339,0.0017752038143056,-0.0036081346664466,15.489999771118164,0.1515354256903723,0.0914561717256257,0.0908472145009978,1,Bull
2018-05-02,-0.0004851031664156,-0.0067401421894825,-0.0010983891506316,15.970000267028809,0.1481085061437863,0.0883762627585377,0.0880011060224083,1,Bull
2018-05-03,0.005082068394914,-0.0022058246210658,0.004470606149476,15.899999618530272,0.14357673650861,0.0902210736505425,0.0902323868017967,1,Bull
2018-05-04,0.0020898820929316,0.0128632968995282,0.0015140330116627,14.770000457763672,0.1480776564033769,0.0869477942362381,0.0893378229333221,1,Bull
2018-05-07,0.0002408476525902,0.0033774151795526,-0.0015978995899853,14.75,0.1233814688755515,0.0770768128340707,0.0874110777976895,1,Bull
2018-05-08,0.0001605124693187,0.0,-0.0009260641968091,14.710000038146973,0.1227406379485561,0.0765564561663616,0.0862152489238748,1,Bull
2018-05-09,-0.0020889812252641,0.0096194651507559,-0.0060002959424226,13.420000076293944,0.1150589377382941,0.0785132964471185,0.0855046673715255,1,Bull
2018-05-10,0.0068133682422287,0.009307252547101,0.0080199441235955,13.229999542236328,0.1164916991625717,0.0832578629044962,0.0843325738804865,1,Bull
2018-05-11,-0.0014389666321499,0.0030464568898819,0.002519520648185,12.649999618530272,0.1140873690989937,0.0806260392796196,0.0750687231816619,1,Bull
2018-05-14,-0.0040883630684626,0.0004765434669725,-0.0052982157967852,12.93000030517578,0.1131274469622944,0.0816448037765746,0.0712476056823078,1,Bull
2018-05-15,-0.0162775954763961,-0.0069109328104279,-0.0114481176466484,14.630000114440918,0.1137776046414865,0.0893993717169414,0.0877672047525253,1,Bull
2018-05-16,-0.0015524980696371,0.0041961801515581,-0.0038453225909627,13.420000076293944,0.108736888488343,0.0884993461752449,0.0871516708027365,1,Bull
2018-05-17,0.0005722435830601,-0.0008449382763751,-0.0050640789065448,13.43000030517578,0.108805665138253,0.0863897563071771,0.0870676761300352,1,Bull
2018-05-18,0.0004085717333055,-0.0025034048194522,0.0085680387819273,13.420000076293944,0.1072387217464051,0.0895978511773761,0.0874977740895224,1,Bull
2018-05-21,0.0005716827532715,0.0074904176488886,0.0005122046263187,13.079999923706056,0.1047190478597747,0.0864936653718429,0.085408580030348,1,Bull
2018-05-22,-0.0005716827532715,-0.0027838403286284,-0.0015362561025489,13.220000267028809,0.1055387709164989,0.0865517589621932,0.0821882675500547,1,Bull
2018-05-23,0.0010614187645907,0.0027475204334732,0.0072332764349324,12.579999923706056,0.0912095303492617,0.0891128913791278,0.0796702481983996,1,Bull
2018-05-24,0.0085320912017681,-0.0020505169943837,0.0079385200405661,12.529999732971191,0.0921577122245616,0.0894424152008428,0.0844351661347338,1,Bull
2018-05-25,-0.003079396764578,-0.0023856786002756,0.0062054018334821,13.220000267028809,0.0877207273114204,0.0888107409129762,0.0842653775479423,1,Bull
2018-05-29,-0.0001623104138512,-0.0115678827516044,0.0216662868140488,17.020000457763672,0.0979878592766631,0.1125715824756732,0.0823950165262831,1,Bull
2018-05-30,0.0014600935542379,0.0132565579127905,-0.0067305492709647,14.9399995803833,0.1028089532820079,0.1160445123520122,0.0793566172648054,1,Bull
2018-05-31,-0.0021909715513725,-0.006144893234025,-0.0016485616372456,15.43000030517578,0.1060885647959826,0.1152548902570616,0.0759495759224161,1,Bull
2018-06-01,-0.0049676442354115,0.0097699121524462,-0.0052975330636484,13.460000038146973,0.1062112360101819,0.1171737928551643,0.0777024087723818,1,Bull
2018-06-04,-0.0009801121170807,0.0047399803506266,-0.0072588346501685,12.739999771118164,0.105596668411894,0.1197089988095269,0.0750581427573287,1,Bull
2018-06-05,0.0039148221040478,0.0007276046532056,0.0023418225036958,12.399999618530272,0.0982324584087845,0.1198439608997224,0.0761821329079285,1,Bull
2018-06-06,0.0005696358194504,0.008325700818192,-0.0081358375181914,11.640000343322754,0.1008231056904562,0.123305758487099,0.0762391025419863,1,Bull
2018-06-07,-0.000488221662328,-0.0001083765925175,0.0096383641786522,12.130000114440918,0.1008486394634899,0.127569753297202,0.0761869189899332,1,Bull
2018-06-08,0.0012201695433653,0.0029522815017909,-0.0030069144747975,12.18000030517578,0.0969273826877623,0.1260336283390122,0.0762704167477309,1,Bull
2018-06-11,0.0017868849442266,0.0013293270434591,-0.0018422734778382,12.350000381469728,0.0926895072608726,0.1234519820999501,0.0720621272483336,1,Bull
2018-06-12,-0.0033326887747225,0.0012914092305225,0.0002512843491069,12.34000015258789,0.0924316317523534,0.1231792031791982,0.0725877151999709,1,Bull
2018-06-13,0.0030080323755872,-0.0031960996195035,-0.0005027119915114,12.9399995803833,0.0935859643308715,0.1216147442621598,0.072746047736228,1,Bull
2018-06-14,0.001541102728231,0.0025146425929822,0.0082655839034401,12.119999885559082,0.0893061355869771,0.1165173576858955,0.0449151756243908,1,Bull
2018-06-15,-0.0166725091867419,-0.0012765968412901,0.0009137716209305,11.979999542236328,0.089098662424524,0.1150149002009154,0.0740616341869699,1,Bull
2018-06-18,-0.001897263760984,-0.00205885433488,-0.0009137716209306,12.3100004196167,0.0895240850630529,0.1128874240147535,0.0741591844167237,1,Bull
2018-06-19,-0.0025629178089953,-0.0038400390350422,0.0058031677953226,13.350000381469728,0.0903001535555834,0.1111753805671356,0.0744199744387596,1,Bull
2018-06-20,-0.0044802273887545,0.0017039368970562,-0.0088011242589259,12.789999961853027,0.0871819309337038,0.1168735919682505,0.0754423676497441,1,Bull
2018-06-21,-0.0017477352868705,-0.0062881941459861,0.0052405006533864,14.640000343322754,0.0897359551204885,0.1172529920757111,0.0754935515607289,1,Bull
2018-06-22,0.0024126912728642,0.0018213219381523,-8.318492151611173e-05,13.770000457763672,0.0895003543754226,0.1154657060036592,0.0760848116126247,1,Bull
2018-06-25,-0.0037463887322167,-0.0137060384063415,0.0022376332385737,17.329999923706055,0.1018621323683786,0.1128997194484147,0.0684917518300998,1,Bull
2018-06-26,-0.0052686490212925,0.0022112470445654,0.0014061752884818,15.920000076293944,0.1018082337812521,0.1112559615998346,0.0695605565515104,1,Bull
2018-06-27,-0.0057181478866047,-0.008318387452916,0.0093795718456658,17.90999984741211,0.0976462186902775,0.0876396240924015,0.0708135899751404,1,Bull
2018-06-28,-0.0030405479988213,0.0057010333418198,0.0002458361562542,16.850000381469727,0.0880199714092306,0.0840889997330595,0.0699002861026553,1,Bull
2018-06-29,0.0036306900201949,0.0014385548298347,-0.0034447051332564,16.09000015258789,0.0853237342115237,0.0848648166046187,0.0725893249977218,1,Bull
2018-07-02,-0.0100801534421109,0.0021358124006912,-0.0007825947317785,15.600000381469728,0.0784378508053691,0.082516934104184,0.0774402064848561,1,Bull
2018-07-03,0.0100801534421108,-0.0035374992767786,0.005342469334142,16.139999389648438,0.0772470204582601,0.0790182720854717,0.0880243851951115,1,Bull
2018-07-05,0.0033656028250155,0.0081247252122327,0.0028648877270207,14.970000267028809,0.0827627953206377,0.0791407283099941,0.0876206799914035,1,Bull
2018-07-06,-0.0015972634935638,0.0084229951228922,0.0032638945533141,13.369999885559082,0.0828886696634022,0.0718062630462073,0.087297889423681,1,Bull
2018-07-09,0.0024368812775599,0.0089637838879292,-0.0064569938072429,12.6899995803833,0.0886713615254443,0.0709979743851504,0.0883487635312027,1,Bull
2018-07-10,-0.0018481290459546,0.0035922280663633,-8.187421099478308e-05,12.640000343322754,0.0889394655615825,0.0696685975016659,0.087813639934741,1,Bull
2018-07-11,-0.010905978807671,-0.0073413804527638,0.0038462351384417,13.630000114440918,0.0927096600114202,0.069467042877225,0.0925160650544195,1,Bull
2018-07-12,0.0041565812124297,0.0090248089247262,-8.125494092749195e-05,12.579999923706056,0.0978756916363342,0.0695418019646032,0.0949764629370761,1,Bull
2018-07-13,-0.0044116186573561,0.0007870412920196,0.0025290491579605,12.18000030517578,0.0970572440010728,0.069334825486491,0.0936592872649233,1,Bull
2018-07-16,-0.0005102701051305,-0.0008939879448792,-0.0041646661526813,12.829999923706056,0.0968748842340638,0.0673063961688158,0.0928912600595309,1,Bull
2018-07-17,-0.0108627357547254,0.0040367088367532,-0.001883604311514,12.0600004196167,0.0975196494445633,0.0679775378912881,0.0832486364945235,1,Bull
2018-07-18,0.0002579541677247,0.0021016204460103,-0.0040251247485344,12.100000381469728,0.0971706134143869,0.069760304267028,0.0836253235494033,1,Bull
2018-07-19,-0.0043081232452859,-0.003778686457615,0.0063183327028683,12.869999885559082,0.0971341750170694,0.0702665284430825,0.0840105165518624,1,Bull
2018-07-20,0.0064552448263087,-0.0011433534275131,-0.0123450213858041,12.859999656677246,0.0972904375944988,0.0769988323060085,0.0883839844328888,1,Bull
2018-07-23,-0.004815949835095,0.0018575237734034,-0.0124156869097587,12.619999885559082,0.0940230512651171,0.0868078873617057,0.0891334466572523,1,Bull
2018-07-24,0.000344776036595,0.0050195122440618,0.0034318746880657,12.40999984741211,0.0950123675104144,0.0878159879225524,0.0882337649211029,1,Bull
2018-07-25,0.0055001804720544,0.0084859075142302,-0.0015889128447315,12.289999961853027,0.0813295287153438,0.0874612609125786,0.0913343421887236,1,Bull
2018-07-26,-0.0078297123939534,-0.0023612936422871,-0.0019264428410605,12.140000343322754,0.0828726795204722,0.0873504085265073,0.0931520031737918,1,Bull
2018-07-27,0.000518179531315,-0.006799473072911,0.0016757216771607,13.029999732971191,0.0806227882424773,0.0800666069873771,0.0920197038107506,1,Bull
2018-07-30,-0.0015552128809899,-0.0052371847325304,-0.0034382047679927,14.260000228881836,0.0833049325622875,0.0803971921927919,0.091772077341653,1,Bull
2018-07-31,0.0029355602050311,0.0049169985880757,0.0054454827293089,12.829999923706056,0.0841051936582961,0.083003884259485,0.0913563300118456,1,Bull
2018-08-01,-0.007355188129705,-0.0016718739136256,-0.0081805493283191,13.149999618530272,0.0849054767065974,0.0869702237839512,0.0884139812779908,1,Bull
2018-08-02,-0.0053993230298752,0.0054329739452283,0.0014337625464131,12.1899995803833,0.0838111416673569,0.0843702772528344,0.0799358897860875,1,Bull
2018-08-03,0.0034867672609532,0.0042753307347051,0.0049614972237448,11.640000343322754,0.0812764873724961,0.0859494994526018,0.0800334317881624,1,Bull
2018-08-06,-0.005147198608389,0.0036604559034973,0.0005867029256128,11.270000457763672,0.0779907426451293,0.0847174259489027,0.0809262415086393,1,Bull
2018-08-07,0.0022714889105875,0.003296964115382,-0.0052108880917687,10.93000030517578,0.073564674346213,0.0838589906030912,0.0808177958676001,1,Bull
2018-08-08,0.002788736658924,-0.0004202958080966,0.0010109336199818,10.850000381469728,0.0733007292788166,0.084126924987456,0.0824057159344078,1,Bull
2018-08-09,-0.0014805645831976,-0.0013668057594764,0.0083827402492356,11.270000457763672,0.0673004597860894,0.088852483141119,0.0752016709731141,1,Bull
2018-08-10,-0.0004358228922819,-0.0067226162664388,0.007236538220721,13.15999984741211,0.0669028397141969,0.0932388275332101,0.0727309021045071,1,Bull
2018-08-13,-0.0151990920233817,-0.0037507922230182,-0.0020742447863481,14.779999732971191,0.0686037288648205,0.0926670300166778,0.0866194674829688,1,Bull
2018-08-14,0.000973327608104,0.0063606565024628,-0.0022446314953332,13.3100004196167,0.0713917821506323,0.0920247153119771,0.0870751752155762,1,Bull
2018-08-15,-0.0167666215759307,-0.0074954328199329,0.0058094366784695,14.640000343322754,0.0757868074448,0.0946079593741291,0.0966499101597812,1,Bull
2018-08-16,-0.0008097887609237,0.0080585634682582,-8.276377463452025e-05,13.449999809265137,0.0803220686215506,0.0936543832836132,0.0963877267112743,1,Bull
2018-08-17,0.0092282050668659,0.0035146463265026,0.0012408166142231,12.640000343322754,0.0793885016248405,0.0908431638920927,0.1037508046229205,1,Bull
2018-08-20,0.0049818196508907,0.0021374382904965,0.0066727309164895,12.489999771118164,0.0791622201182776,0.0828582581470716,0.102437786687858,1,Bull
2018-08-21,0.0029240568705197,0.0023422373059769,-0.0033720734270372,12.859999656677246,0.0792454396868063,0.0700072117112705,0.1028915157153777,1,Bull
2018-08-22,0.0022095550764809,-0.0005935449223341,0.0039467899919201,12.25,0.0780635205490688,0.0702602827456279,0.103454495721816,1,Bull
2018-08-23,-0.0094913536867298,-0.0013285852931729,0.0015580704164901,12.40999984741211,0.0730767002561754,0.0696616142952396,0.104341960974307,1,Bull
2018-08-24,0.0173180393579961,0.0060004471371884,0.001964781012985,11.989999771118164,0.0749597886913883,0.0688194952427211,0.1212262081068927,1,Bull
2018-08-27,0.0037595032326643,0.0078640062128472,-0.0057406662756676,12.15999984741211,0.0736855501900349,0.0729803978886798,0.1221419860670586,1,Bull
2018-08-28,-0.0079730220066272,0.0004831088438056,-0.0060219422781572,12.5,0.0697590832508321,0.0754442051063869,0.1248261033257022,1,Bull
2018-08-29,0.0045637840256251,0.0053663193210807,0.0013231491269962,12.25,0.0700396943982689,0.0735917844033497,0.1255682617231643,1,Bull
2018-08-30,-0.0049157188839211,-0.0040564698624605,0.002145556727403,13.529999732971191,0.0719422098963635,0.0663551000953791,0.1242262911702238,1,Bull
2018-08-31,-0.0011445940280617,3.4343721680871163e-05,-0.0023113166687002,12.859999656677246,0.0707139160921588,0.0673923094363326,0.1230343242956956,1,Bull
2018-09-04,-0.0051227971490799,-0.0017240895169369,-0.0057984106774384,13.15999984741211,0.0706055201800266,0.0695782673994379,0.1232027850002717,1,Bull
2018-09-05,0.0034475118313478,-0.0026947250983931,-0.0026694646512109,13.90999984741211,0.071054650896455,0.0703951314922278,0.1230069083568266,1,Bull
2018-09-06,0.001939533536787,-0.0030146044689696,0.003668837606367,14.649999618530272,0.0715424916211637,0.0683681340687574,0.1229206473266929,1,Bull
2018-09-07,-0.0027340278330774,-0.0019452419242,-0.0085255202803364,14.880000114440918,0.0719641793826343,0.0754332494428703,0.1225821010842612,1,Bull
2018-09-10,-0.0007067924079827,0.00173690815509,0.0036865870390119,14.15999984741211,0.0718311865903665,0.0706510446554921,0.1225494266538,1,Bull
2018-09-11,0.000618453825207,0.0032920452465033,-0.0076397774535734,13.220000267028809,0.0673765591137723,0.0702974433427566,0.1226286065652224,1,Bull
2018-09-12,0.0083557102600633,0.0002420152952395,0.0023572180825954,13.140000343322754,0.0652293630232457,0.0708707580916275,0.1141860587916186,1,Bull
2018-09-13,-0.0035975648169408,0.0058972620437927,0.0015118904406173,12.369999885559082,0.0647830077779678,0.0708854035410019,0.115045646458238,1,Bull
2018-09-14,-0.0065262203337508,0.0001722212963986,-0.0047961431416724,12.06999969482422,0.0568519767814791,0.0688619856803715,0.1004607689312248,1,Bull
2018-09-17,0.0052067714545763,-0.0053083792282627,0.0,13.68000030517578,0.0563167586103118,0.0688735020227684,0.1014204947120237,1,Bull
2018-09-18,-0.0014974516487718,0.0054108468725981,-0.0105151536918326,12.789999961853027,0.0577993197476307,0.0761407656520584,0.0972619040160694,1,Bull
2018-09-19,0.0038711539862427,0.0010655373759273,-0.0059846320314853,11.75,0.0576449624319364,0.0718180753295962,0.0966991551312814,1,Bull
2018-09-20,0.0034188014897895,0.0080711931516543,0.0046198425723537,11.800000190734863,0.0626311380050466,0.0751025902819029,0.0968704457783389,1,Bull
2018-09-21,-0.0068493312914384,-0.0009140749184321,-0.0004267776315441,11.68000030517578,0.0627558060440386,0.0725299632048687,0.0999190063160955,1,Bull
2018-09-24,-0.00017621292914,-0.0033276877269973,-0.0025653919336959,12.199999809265137,0.0641273141418509,0.0715311786518474,0.0936769179027471,1,Bull
2018-09-25,0.0015850681638403,-0.0009277323130133,-0.0010274816017858,12.420000076293944,0.061878960458344,0.0701869199742348,0.0713588315907067,1,Bull
2018-09-26,-0.0052933380059351,-0.0029972088669562,0.007002651954091,12.890000343322754,0.0574205629242718,0.0755982707129311,0.0718973455314009,1,Bull
2018-09-27,-0.0088849982361257,0.0027903666748616,0.0006813217193597,12.40999984741211,0.0581001836152084,0.0741228543868181,0.0731275321042902,1,Bull
2018-09-28,0.0063164577082286,0.0001031321323671,-0.0026403129508908,12.119999885559082,0.0551504742664891,0.0736912205576324,0.0749429368354198,1,Bull
2018-10-01,-0.0016864375351172,0.003468738442748,-0.0073681290149576,12.0,0.0541725178497824,0.075289245754655,0.0734215631589881,1,Bull
2018-10-02,0.0114822232871179,-0.0005832356647406,0.0060939923074497,12.050000190734863,0.0542742408587221,0.0801089262209085,0.0841611748397152,1,Bull
2018-10-03,-0.0039597445009814,0.0005483919011814,-0.0175241561736212,11.609999656677246,0.0537112373557041,0.0967154804588921,0.0833353020967098,1,Bull
2018-10-04,0.0005289130805079,-0.0078460458277883,-0.0070789331294918,14.220000267028809,0.0601803041670683,0.0982917821372675,0.0825142093510616,1,Bull
2018-10-05,0.0028159089867124,-0.0056132178725809,-0.0086320108980725,14.81999969482422,0.0625988790566547,0.0982536923507716,0.0828200534219941,1,Bull
2018-10-08,-0.0111338263688214,0.0,-0.0033672860755116,15.6899995803833,0.0621360161299525,0.0960658655069558,0.0911461553051039,1,Bull
2018-10-09,0.0005329800140063,-0.0014601014764233,0.0100681985845885,15.949999809265137,0.0621599705938011,0.103541184606741,0.091176081973696,1,Bull
2018-10-10,0.0024835810584159,-0.0321754041291626,-0.0027281477968162,22.959999084472656,0.126907360162583,0.101700763617786,0.0916231204689728,2,Bear
2018-10-11,0.0253665448948763,-0.0222726361630804,0.0120866617684911,24.979999542236328,0.1454274462524322,0.1120313846531483,0.1245410737526097,2,Bear
2018-10-12,-0.004761667949175,0.0137927726294232,-0.0034884808151061,21.309999465942383,0.1536235110570661,0.1116468040742844,0.1251073067256621,2,Bear
2018-10-15,0.00666003094798,-0.0056328377750123,-0.0004365444555011,21.299999237060547,0.1537692585518311,0.111188234250482,0.1239620238329342,2,Bear
2018-10-16,-0.0017255996137757,0.02163027238629,0.0022695389597732,17.6200008392334,0.1746111857098489,0.1118710657476289,0.1234916079112684,2,Bear
2018-10-17,-8.637796161615032e-05,0.0001784931067496,-0.0059472465591935,17.399999618530273,0.1730186182585574,0.1082812342946878,0.1232416031767523,2,Bear
2018-10-18,0.0011220686856061,-0.0145467507647691,-0.0003504774345489,20.059999465942383,0.178436939379537,0.1069321875412043,0.1227951211337807,2,Bear
2018-10-19,0.0007761304849288,-0.0005427434762492,-0.0021965828166426,19.88999938964844,0.1745992970917466,0.1050175420447005,0.122438045720025,2,Bear
2018-10-22,-0.0025893597255193,-0.004498802799366,-0.0013206364548524,19.63999938964844,0.1745834710601503,0.1049681227051455,0.1199846027327749,2,Bear
2018-10-23,0.0058595627338759,-0.0051036168959795,0.0031656211070747,20.709999084472656,0.1747526279689035,0.1060081772872282,0.1211047362313285,2,Bear
2018-10-24,0.0023171370069294,-0.0307669972516997,0.0075207378004328,25.229999542236328,0.1992781827810967,0.1101204387745481,0.1211598497631588,2,Bear
2018-10-25,-0.0022312043105311,0.017781568058908,-0.0041903014120783,24.21999931335449,0.2135548282144948,0.1070706119171395,0.1195312132673759,2,Bear
2018-10-26,0.0031736109331066,-0.0177439667720495,0.0060185147278344,24.15999984741211,0.2178952074648299,0.1098187109319729,0.113622700886621,2,Bear
2018-10-29,-0.0039471399789323,-0.0055559122609655,-0.0022635785142858,24.700000762939453,0.2173200911088721,0.1097535806734099,0.1142308745393807,2,Bear
2018-10-30,-0.004394427867848,0.0147099046725259,-0.0049809547257163,23.350000381469727,0.2259085938847377,0.1082928131562641,0.115553038039328,2,Bear
2018-10-31,-0.0056289519746668,0.0106242529514483,-0.0050932083351801,21.229999542236328,0.2313651954959344,0.1062034201995223,0.1117843275561472,2,Bear
2018-11-01,0.0127708676355032,0.0105858313544156,0.0009258484165779,19.34000015258789,0.2361669651996707,0.0885811783023511,0.1181558370471313,2,Bear
2018-11-02,0.0001715043948444,-0.0059407433724831,-0.0125104381336587,19.51000022888184,0.2357733025013909,0.0954162346422722,0.1181928118281364,2,Bear
2018-11-05,-0.0024032178261358,0.0055016832894204,0.0039208091581624,19.959999084472656,0.2373469998754646,0.0921808280195971,0.1187375725702417,2,Bear
2018-11-06,-0.002839826579174,0.0063081464374352,-0.0006227988805636,19.90999984741211,0.2391661929776709,0.0914568232295179,0.1112419000905037,2,Bear
2018-11-07,-8.61993040877103e-05,0.0211826601425304,0.0013339864193478,16.360000610351562,0.2524794034933838,0.0840365840390783,0.1113274469301971,2,Bear
2018-11-08,-0.0021569397313122,-0.0018163570952738,-8.869230260776661e-05,16.719999313354492,0.2258524372624922,0.0836207972633935,0.1119324750584104,2,Bear
2018-11-09,-0.0112916635360454,-0.009816460021179,0.007438039548213,17.360000610351562,0.2139210525851511,0.0761643215025451,0.0796075358166013,2,Bear
2018-11-12,-0.0071885964826786,-0.0188617924386414,0.0065069226879188,20.450000762939453,0.2190997861798402,0.0790690198952513,0.0816478512420645,2,Bear
2018-11-13,0.0003518058272163,-0.0018730294715113,-0.0006136235215479,20.020000457763672,0.2183947311295851,0.0790825054749341,0.077339001440512,2,Bear
2018-11-14,0.008233404279793,-0.0068600942720498,0.000613623521548,21.25,0.2039957296593823,0.07867717883527,0.0835330500127169,2,Bear
2018-11-15,0.0011333182475063,0.0103822984951078,-0.0004380154928014,19.979999542236328,0.2082385303039504,0.0758071482108383,0.0837120243227306,2,Bear
2018-11-16,0.0073788789662288,0.0025974646224325,0.0057707468554458,18.13999938964844,0.2028745580467814,0.0782426440184597,0.0878682348131601,2,Bear
2018-11-19,0.0004323180677422,-0.0170592160131662,0.0027858887311358,20.100000381469727,0.2108675557411378,0.0780437278132555,0.08783195098402,2,Bear
2018-11-20,0.0,-0.0186795731809584,0.000347886078089,22.479999542236328,0.2191795855749492,0.0777233213105964,0.0873788793877918,2,Bear
2018-11-21,0.0016412774591652,0.0034019909378292,-0.000347886078089,20.799999237060547,0.2196048982003955,0.0772936971728816,0.0849939372836502,2,Bear
2018-11-23,-0.0007771357154266,-0.0067011803350505,0.0010433774445634,21.520000457763672,0.1934904538958293,0.0731007407011646,0.0845058368600437,2,Bear
2018-11-26,-0.0011235233509469,0.0160153438776904,-0.0022611512035198,18.89999961853028,0.1914887787739924,0.0719152668314442,0.0842843915555111,2,Bear
2018-11-27,-0.0059846872094908,0.0033589491866999,0.0011310914518989,19.020000457763672,0.181159866309108,0.0690006545115769,0.085474707876238,2,Bear
2018-11-28,0.003733780363457,0.0227638484983337,-0.004881515696403,18.489999771118164,0.1951589812356215,0.0707165297980546,0.08599226591855,2,Bear
2018-11-29,0.0031152726644632,-0.0021869737989759,0.0039245532411357,18.790000915527344,0.1898869795154349,0.0695335816925038,0.0855110607064929,2,Bear
2018-11-30,-0.0017294794115242,0.0060764765574825,0.0037355159374813,18.06999969482422,0.1876507160425858,0.067401648951816,0.0833300602158615,2,Bear
2018-12-03,0.0075016754418484,0.0131544112785499,0.0070753258804249,16.440000534057617,0.1895270800287242,0.0707780439178862,0.0748511082748937,2,Bear
2018-12-04,0.0060805999451416,-0.0329388628453246,0.0166030965033019,20.739999771118164,0.2222335684909212,0.0718928281377929,0.0778500083506277,2,Bear
2018-12-06,0.0001707217871818,-0.0015185096394186,0.0031356027769601,21.190000534057617,0.2212575216750675,0.071751746405695,0.0772775855597379,2,Bear
2018-12-07,0.0080772191508263,-0.0235099655908039,0.0018594069817232,23.229999542236328,0.2332736590976698,0.0709071980581978,0.0808353074958964,2,Bear
2018-12-10,-0.003477935715567,0.0018954602145143,0.0041297757063339,22.63999938964844,0.2181567019307078,0.0709378850723132,0.0821646916467464,2,Bear
2018-12-11,-0.0011903699128753,0.000226848576309,-0.0001681980877836,21.76000022888184,0.2184064246300985,0.0709783074303449,0.081812785874266,2,Bear
2018-12-12,0.002124676769657,0.0050228832333725,-0.0044686644807623,21.459999084472656,0.2185034404610395,0.0729888824028175,0.0692300421054262,2,Bear
2018-12-13,-0.0022097759847801,-0.0003391350386977,-0.0023687199181101,20.64999961853028,0.2099128949251144,0.0728131843416258,0.0633880212031476,2,Bear
2018-12-14,-0.0040070067514018,-0.0186374461266903,0.0034665925927609,21.6299991607666,0.2183774397122314,0.0725203508384761,0.0662006000554845,2,Bear
2018-12-17,0.0068957425332182,-0.0198132534096415,0.0058067808034491,24.520000457763672,0.2264170682693788,0.0735497804060779,0.0646003057249452,2,Bear
2018-12-18,0.0023726710074086,-0.0010970693487661,0.0059712232657229,25.57999992370605,0.2215050104005356,0.0740195019594347,0.0646970134016752,2,Bear
2018-12-19,-0.0061126025718981,-0.0150888797466921,0.0131242783858602,25.57999992370605,0.2240936312623382,0.0820714642989824,0.0658114033067751,2,Bear
2018-12-20,0.0152958369187071,-0.0164119555547321,-0.0036373732927515,28.3799991607666,0.2236319724397576,0.085085935478741,0.0828679829352173,2,Bear
2018-12-21,-0.0043704611932127,-0.0207023521576546,-0.0001661776194825,30.11000061035156,0.2254022901064094,0.0852708137448417,0.085180586025151,2,Bear
2018-12-24,0.0108905778903081,-0.0267784040219827,0.0049576944212919,36.06999969482422,0.2366372748918913,0.085010706627899,0.0915205305890948,2,Bear
2018-12-26,-0.0030039490254058,0.0492898529535703,-0.0107728037003635,30.40999984741211,0.3033763227332021,0.0970267250732303,0.0925925727951963,2,Bear
2018-12-27,0.0075760760319352,0.007648001665848,0.0001667549160322,29.959999084472656,0.2981370636697747,0.0959790869824772,0.09428815129641,2,Bear
2018-12-28,0.0040557756985192,-0.0012907893733874,0.008378407134599,28.34000015258789,0.2972596534239618,0.0981120165317513,0.0899040185398145,2,Bear
2018-12-31,0.0015682595209626,0.0087206450350284,0.0037928911900212,25.420000076293945,0.2853470879123765,0.0942350969190453,0.0898322326858523,2,Bear
2019-01-02,0.0006595913377135,0.001040109486578,0.0052533154305825,23.21999931335449,0.2858530036454543,0.0944983292221472,0.0899757912351029,2,Bear
2019-01-03,0.0090253194231729,-0.0241524268940288,0.011314981540177,25.450000762939453,0.2914846124229756,0.0986592751107108,0.0916851649009499,2,Bear
2019-01-04,-0.0081191068273532,0.0329470171773878,-0.0116425257337496,21.3799991607666,0.3145844402500735,0.1106818606614471,0.0972987385936942,2,Bear
2019-01-07,0.0034525160778516,0.0078539937551671,-0.0029524265936337,21.39999961853028,0.2995761161079884,0.099709482959035,0.0963360244247659,2,Bear
2019-01-08,-0.0027117139907279,0.0093512682275927,-0.0026316826587459,20.46999931335449,0.3024254591598276,0.1006423501609361,0.0974944028381428,2,Bear
2019-01-09,0.0063976497002154,0.0046626981841188,-0.0015661259900861,19.979999542236328,0.2928758101259155,0.1011439172213944,0.0962875529207996,2,Bear
2019-01-10,-0.0059040863486464,0.0035214544688618,-0.0064543563671599,19.5,0.2931146105653798,0.1039372713749766,0.0982689603190785,2,Bear
2019-01-11,0.0017256811414607,0.0003862164281843,0.0038938044501821,18.190000534057617,0.2931212603611673,0.1044444969252551,0.0977598054431303,2,Bear
2019-01-14,0.0023780673543221,-0.0061198344816724,-0.0037277366331537,19.06999969482422,0.2929405405426309,0.1039927743748665,0.0977777668470443,2,Bear
2019-01-15,-0.0017215161032263,0.0113956683140192,-0.0036585457690328,18.600000381469727,0.2961731395374017,0.1046074986774746,0.0975456567109722,2,Bear
2019-01-16,0.0031947551186356,0.0024169437015262,0.000998771804481,19.040000915527344,0.2889375431387055,0.1041933139165173,0.095374248514939,2,Bear
2019-01-17,-0.0013094038577051,0.007558161790325,0.0002502219196576,18.059999465942383,0.2802737050335063,0.1025833100069141,0.0943772346042876,2,Bear
2019-01-18,-0.0089664893877983,0.0132224160285403,-0.0052561318105808,17.799999237060547,0.2828675338025521,0.1024367960418753,0.1012564473340791,2,Bear
2019-01-22,0.0035468368649853,-0.0136027858693455,0.0067519303181168,20.799999237060547,0.281757433365953,0.0941832304129927,0.0980122838570148,2,Bear
2019-01-23,-0.0014007184915951,0.0020902459612452,-0.000415014625257,19.520000457763672,0.273334427088432,0.09341119893267,0.0847959118368967,2,Bear
2019-01-24,-0.0015678713054947,0.0005312237069676,0.0065440900310913,18.88999938964844,0.2593737307944552,0.0962597752124514,0.0831798363967823,2,Bear
2019-01-25,0.0145114601802412,0.0084257050453964,-0.0048005460721041,17.420000076293945,0.2335789626815231,0.0960586215760299,0.0893535300926253,2,Bear
2019-01-28,0.0034938106026215,-0.0076291724750852,-0.0009961729095821,18.8700008392334,0.1770200831637067,0.0882993947608766,0.0884108018497027,2,Bear
2019-01-29,0.0055809780439202,-0.001327756277279,0.0050537470264171,19.1299991607666,0.1769630708276522,0.0899160060020068,0.0869188383995287,2,Bear
2019-01-30,0.0057103872381173,0.0157067584538429,-0.0007446132800529,17.65999984741211,0.1816760571420507,0.0851261380939979,0.0877580291932357,2,Bear
2019-01-31,0.0004810580433254,0.0087440912273435,0.008563883893784,16.56999969482422,0.1816842934576379,0.0893381414809199,0.087813633819593,2,Bear
2019-02-01,-0.0020060187268657,0.0004814168164407,-0.0060584154437888,16.139999389648438,0.1817963760082388,0.0898363743478347,0.088561955755861,2,Bear
2019-02-04,-0.0043467903708823,0.0070109275009273,-0.0044744393909403,15.729999542236328,0.1512516264224929,0.0801084259226122,0.0857992944420913,1,Bull
2019-02-05,0.0025781491687657,0.0041830836631656,0.0045571410317075,15.56999969482422,0.1124217849408918,0.0725743706677072,0.0799161718764731,1,Bull
2019-02-06,-0.00678184686966,-0.0013194947590093,0.0004953684086742,15.380000114440918,0.1126987366339725,0.0719905246327752,0.0838867001440911,1,Bull
2019-02-07,0.0024273450059934,-0.0095784089685165,0.0065886571514671,16.3700008392334,0.1188411357445228,0.0750466065188183,0.0832062199759038,1,Bull
2019-02-08,0.003791101346321,0.0012209811226292,0.0042590971110175,15.720000267028809,0.1186195551002734,0.0759639832247005,0.0814919807824085,1,Bull
2019-02-11,-0.0049231415070083,0.0005546418570784,-0.0039310782476466,15.970000267028809,0.1186650980366981,0.0734989078485678,0.0805505846397685,1,Bull
2019-02-12,0.0021013677593768,0.0127773660328391,-0.0025464897076068,15.43000030517578,0.1240363617921047,0.073316092390989,0.0806166005398571,1,Bull
2019-02-13,-0.0039639080913301,0.0032415678444855,-0.0037912878074404,15.649999618530272,0.119814489067332,0.0733609993898802,0.0820320921804318,1,Bull
2019-02-14,0.0055773075193951,-0.0022209303078713,0.0056814780451617,16.219999313354492,0.1172616301837284,0.0740589811994055,0.0834299161329613,1,Bull
2019-02-15,0.0059471805227812,0.0108384195630546,0.0015588548109333,14.90999984741211,0.1207636130252019,0.0741036396524512,0.0849381989064791,1,Bull
2019-02-19,0.015109582852092,0.0017289504398167,0.0025381934388803,14.880000114440918,0.1196135441033273,0.0743042568531388,0.0974894329802886,1,Bull
2019-02-20,-0.0017378437981698,0.0020138879574655,-0.0028659932930745,14.020000457763672,0.1132301443717223,0.0722283697528938,0.090431158135725,1,Bull
2019-02-21,-0.0113705377145083,-0.003562461872298,-0.0089794383316727,14.460000038146973,0.1003018777595277,0.076972003269669,0.1015123056331948,1,Bull
2019-02-22,0.0035920768439101,0.0061809341268,0.0059403321863164,13.510000228881836,0.1010549614862439,0.0793431900101929,0.101255292591199,1,Bull
2019-02-25,-0.0010363715360959,0.0013604150730034,-0.0029656003074135,14.850000381469728,0.1008649728581522,0.077175116192248,0.1010604236693062,1,Bull
2019-02-26,0.0016736332310033,-0.000715850959317,0.0049380749210833,15.170000076293944,0.0994028195367309,0.0766807966437991,0.0896180171357134,1,Bull
2019-02-27,-0.0071123436784434,-0.0004295616846349,-0.0113940810605811,14.699999809265137,0.0932173703590469,0.0871684840713323,0.0934139428999284,1,Bull
2019-02-28,-0.0056297766256065,-0.0018645256236046,-0.0034105487699361,14.779999732971191,0.0935282797598113,0.0860507146395838,0.0938592076235177,1,Bull
2019-03-01,-0.0171639683803211,0.0062243648331272,-0.009285760527009,13.56999969482422,0.0819421989474819,0.0915341062132982,0.108622913321397,1,Bull
2019-03-04,-0.0026289836177433,-0.0036440461415233,0.0078065226374409,14.630000114440918,0.0807659042323904,0.0906017497533891,0.108592063366159,1,Bull
2019-03-05,0.001315387092919,-0.0013609390830003,0.0020887944384785,14.739999771118164,0.081349521804109,0.0889455907619744,0.1089034381165238,1,Bull
2019-03-06,-0.0009041270457165,-0.0060752586000927,0.0036650510853082,15.739999771118164,0.0829051636237522,0.0886499152335131,0.1082514108087792,1,Bull
2019-03-07,-0.0008226265106168,-0.0084007672243375,0.006464063042269,16.59000015258789,0.0879901124071157,0.0901069744366517,0.1075085911243636,1,Bull
2019-03-08,0.0108860842593772,-0.0020018048063727,0.0042037797059576,16.049999237060547,0.0881829936796719,0.0912024466079818,0.1129706376971571,1,Bull
2019-03-11,-0.0048963578180915,0.0143969853052622,-0.0029656747565119,14.329999923706056,0.0933065540152508,0.088894350982407,0.1136450524873639,1,Bull
2019-03-12,0.006035459879402,0.0037640316109739,0.0069880659923718,13.770000457763672,0.0936462184807977,0.0910728730788654,0.1149909019510998,1,Bull
2019-03-13,0.0069686124482152,0.006597224735935,-0.0018861766913098,13.40999984741211,0.095154346235483,0.0902359018580511,0.1165613974634704,1,Bull
2019-03-14,-0.0116142842659491,-0.0006398137674898,-0.0072494293006793,13.5,0.0867172545363059,0.0933797741309772,0.1230837567835124,1,Bull
2019-03-15,0.0045643371070219,0.0049282079497455,0.0065927604320282,12.880000114440918,0.087408955779134,0.0951736437882035,0.1236568015733355,1,Bull
2019-03-18,0.0005690800870331,0.0036192241882438,-0.0005753624988531,13.100000381469728,0.0867911959172325,0.093209563410319,0.1219367793710393,1,Bull
2019-03-19,0.0027594883221057,0.0002478102682257,-0.0022212265584402,13.5600004196167,0.0800306158011616,0.0933620366857245,0.1203378509598965,1,Bull
2019-03-20,0.0064631268739428,-0.0030141810928365,0.0104059620437184,13.90999984741211,0.0812127976405811,0.0999341379957627,0.1093954327147176,1,Bull
2019-03-21,-0.0040345410876999,0.0112313093984057,0.0021987146668109,13.630000114440918,0.0888138316735164,0.0994820727855892,0.1098902666762498,1,Bull
2019-03-22,0.0023420233902432,-0.019434082876883,0.0154148540913564,16.479999542236328,0.1133440528972555,0.1058982528155006,0.1037858020124343,1,Bull
2019-03-25,0.0076339070602414,-0.000752006318481,0.0016007760285654,16.329999923706055,0.111512569697907,0.1047462687832167,0.1066558398557223,1,Bull
2019-03-26,-0.0049754946888428,0.0074261091023434,-0.0007196574390756,14.68000030517578,0.1142590439338401,0.1038388032627627,0.1079011050280212,1,Bull
2019-03-27,-0.0052430167604845,-0.0052427099326585,0.0091600646410318,15.149999618530272,0.1159205732093854,0.1065660169711832,0.1088754945487298,1,Bull
2019-03-28,-0.0142539573030416,0.0037834475878303,0.0034826486670045,14.43000030517578,0.1165194366203386,0.0953002723299576,0.1166755019119315,1,Bull
2019-03-29,0.0009019770912032,0.0062858417610587,-0.0009487726447739,13.710000038146973,0.1178780336398954,0.0937570585794615,0.1156540076601036,1,Bull
2019-04-01,-0.0039418902576437,0.0117895728917367,-0.0143055933113708,13.399999618530272,0.1225561652783059,0.1029272937139045,0.1000508598904693,1,Bull
2019-04-02,0.0036959885504209,0.0004892553220572,0.0018473814588968,13.359999656677246,0.1213626103476287,0.100993488539244,0.1004640890002404,1,Bull
2019-04-03,-0.0014767440573913,0.001572431779581,-0.0087055846037426,13.739999771118164,0.120972113193252,0.1076560714767119,0.1005265582814892,1,Bull
2019-04-04,0.0025419025120261,0.0026499196576304,0.0028297533110872,13.579999923706056,0.1178639872816214,0.1074875714609558,0.1008308433802018,1,Bull
2019-04-05,-0.0010651584546348,0.0048286356323237,0.0012906293669127,12.81999969482422,0.112105457927057,0.1059635538223687,0.1008651908368764,1,Bull
2019-04-08,0.004335552354601,0.0007621970819101,-0.0035537759315502,13.18000030517578,0.1111110362458847,0.1066524471398255,0.0944565703785611,1,Bull
2019-04-09,0.0052104602136844,-0.0051381880848979,0.0031507085297055,14.279999732971191,0.1055168451073593,0.1059691031324515,0.0945165559844987,1,Bull
2019-04-10,0.0030808947099307,0.0034052412643005,0.0024168733016052,13.300000190734863,0.1054358133786589,0.1039771013229362,0.092817339998643,1,Bull
2019-04-11,-0.0128729320296222,-0.0002779500374205,-0.0058910801041951,13.020000457763672,0.1040814522220277,0.1062603874019667,0.0998057746160428,1,Bull
2019-04-12,-0.0009844542413608,0.0067434442369162,-0.0071482906904834,12.010000228881836,0.1054294508991283,0.1061647185716883,0.0916632357389434,1,Bull
2019-04-15,-0.0018896884121835,-0.0006551978090805,0.002523803777344,12.31999969482422,0.1050552762697296,0.1042751791092704,0.0901269552722293,1,Bull
2019-04-16,-0.0090042022178372,0.0006551978090805,-0.0062807384420778,12.18000030517578,0.1047833368583947,0.1069137041969177,0.0946395653357711,1,Bull
2019-04-17,-0.0019104067944,-0.0024500208085139,0.0004091332479129,12.600000381469728,0.1055395768596378,0.1065160313119331,0.0936865609479361,1,Bull
2019-04-18,0.0007480072379889,0.0019673650222256,0.0052209890126299,12.09000015258789,0.1044538330766714,0.1018121778891483,0.0897985518653627,1,Bull
2019-04-22,0.0,0.0008617970009697,-0.0048120230862771,12.420000076293944,0.0981573863100302,0.1029595452172581,0.089441515945593,1,Bull
2019-04-23,-0.0020790892290242,0.0089515084693848,0.0021233667330888,12.279999732971191,0.0688901113525701,0.0866565692385662,0.0884844108270418,1,Bull
2019-04-24,0.0029095034311529,-0.0022219135723803,0.0081257485228023,13.140000343322754,0.0698834044936006,0.0917124890553136,0.0837234716848234,1,Bull
2019-04-25,0.0008297251865102,-0.0006162194149412,-0.0014580899051121,13.25,0.0678273201851416,0.0917738831404716,0.0832996962513199,1,Bull
2019-04-26,0.0066132591499855,0.0046459001505035,0.0033977261072501,12.729999542236328,0.0633631510239078,0.0861277841358331,0.0865602309505658,1,Bull
2019-04-29,-0.0044591395549054,0.0015664825386554,-0.006400810854388,13.109999656677246,0.0631686576627426,0.0867735220779136,0.0731053472667311,1,Bull
2019-04-30,0.003057434262503,0.0005104397366392,0.0051083396842634,13.119999885559082,0.0615891422071248,0.0895281812608663,0.073972569530213,1,Bull
2019-05-01,-0.0066225029075604,-0.0075448846529043,0.0041160581399749,14.800000190734863,0.0588544235984343,0.0767537912512616,0.0761775755084762,1,Bull
2019-05-02,-0.0038279074525402,-0.0021614249873142,-0.0047727512147575,14.420000076293944,0.0598442628742667,0.0780732983473297,0.0754799408767794,1,Bull
2019-05-03,0.0059021666225996,0.0097402989695312,0.0028338387603981,12.869999885559082,0.0672948424126919,0.0726421613662435,0.0789008341783673,1,Bull
2019-05-06,0.0013252386046357,-0.0041236643368059,0.0027463486747154,15.4399995803833,0.0695700530498938,0.072604013212417,0.0784303510354906,1,Bull
2019-05-07,0.0033055276063594,-0.0168407186412457,0.0076315481609962,19.31999969482422,0.091343850610957,0.0770462370240054,0.0794944865893756,1,Bull
2019-05-08,-0.0024780734551379,-0.0013902602795588,-0.0043308045734111,19.39999961853028,0.0913904695912981,0.0776002627153709,0.0779761067681905,1,Bull
2019-05-09,0.0023955509816439,-0.003030459106133,0.0040907745326783,19.100000381469727,0.0902423095899788,0.0780846927168144,0.0759035158895281,1,Bull
2019-05-10,0.0018959191232165,0.0050107130123849,-0.0013615585657195,16.040000915527344,0.0911961486614683,0.077988240703988,0.0752562140119709,1,Bull
2019-05-13,0.0101598405390795,-0.0254512788653458,0.007825124761568,20.549999237060547,0.1267970572706795,0.0787838353428178,0.0709346460548432,1,Bull
2019-05-14,-0.0017133695443152,0.0090028680610019,-0.0029474735058754,18.059999465942383,0.1288128462540611,0.0745868045860785,0.0711430391972341,1,Bull
2019-05-15,-0.0005717761663673,0.0058406195025374,0.0061235514647265,16.440000534057617,0.1310557113921662,0.0764517738032949,0.0707902432524647,1,Bull
2019-05-16,-0.0072160809060902,0.0092185870972122,-0.0033355438034965,15.289999961853027,0.1355450487299761,0.073389492471311,0.0680440782816296,1,Bull
2019-05-17,-0.0071027767830242,-0.0064858770519424,0.0022248082642449,15.960000038146973,0.1370250302806693,0.0733362577000918,0.0724912964286992,1,Bull
2019-05-20,-8.290551782707826e-05,-0.0066340373994451,-0.0020653424195995,16.309999465942383,0.1382305796759756,0.0730598303328731,0.0724615281406369,1,Bull
2019-05-21,-0.0023236423674714,0.0089750933212429,-0.0015924612088842,14.949999809265137,0.1424069139595681,0.0705383240014186,0.0729500671297245,1,Bull
2019-05-22,-0.0009975291545631,-0.0030763705591996,0.0057193323520793,14.75,0.138254677702323,0.0721253265400083,0.0726580427902983,1,Bull
2019-05-23,0.0077047754536475,-0.0122935355565516,0.0111847322354509,16.920000076293945,0.1435011902901483,0.0763180948642716,0.0768177596325781,1,Bull
2019-05-24,0.0010723379767872,0.002265763054215,0.0008612503145516,15.850000381469728,0.1441146333498202,0.075545356412991,0.0768443919543312,1,Bull
2019-05-28,-0.0038822269155751,-0.0093440586733974,0.0071745171497241,17.5,0.1447005496356677,0.0776769160263114,0.0745240395538251,1,Bull
2019-05-29,0.0003309964016131,-0.0067333826210312,0.0030254656901525,17.899999618530273,0.1448332223730027,0.0715374578318271,0.0729146080562269,1,Bull
2019-05-30,0.0067612368164096,0.002727364245569,0.0085620356278859,17.299999237060547,0.1456340067695116,0.0741420299070058,0.075927958758447,1,Bull
2019-05-31,0.0133868570134736,-0.0135665896081521,0.012440983141483,18.709999084472656,0.1497036380469589,0.0815818646044557,0.0844592489071999,1,Bull
2019-06-03,0.0143296507831408,-0.0025461973092233,0.0066672583936525,18.86000061035156,0.1496895843593304,0.0774499507667091,0.0938844530162681,1,Bull
2019-06-04,0.0003196748623555,0.0214742356542661,-0.0114671431044638,16.969999313354492,0.1666324927981324,0.0932331232840067,0.0929551521008648,1,Bull
2019-06-05,0.0025536658304685,0.0086246229267639,-0.0056675345511431,16.09000015258789,0.1706191072822762,0.0977605372683742,0.0929828608443211,1,Bull
2019-06-06,0.0032623544765036,0.0064820946685038,0.0032204878343549,15.93000030517578,0.1633985739397195,0.0959739761567001,0.0929741861403377,1,Bull
2019-06-07,0.0056244383426813,0.0099571769376265,0.0086144592187874,16.299999237060547,0.1673187007889938,0.0953368275941003,0.0925119071241346,1,Bull
2019-06-10,-0.0100032154865388,0.0045782373137008,-0.0094568114054314,15.9399995803833,0.1676466119926968,0.1042064197241781,0.101674709984113,1,Bull
2019-06-11,-0.0011975692988471,-0.0002422339752848,0.0006129104011106,15.989999771118164,0.1668047090949881,0.1035838550246933,0.1021233243046982,1,Bull
2019-06-12,0.0051791002212387,-0.0017668222366648,0.0007654320860075,15.90999984741211,0.1388736289937398,0.1016851435779306,0.0981501057074314,1,Bull
2019-06-13,0.0061006935016299,0.0041176227767169,0.0034376027951899,15.81999969482422,0.1364516308690232,0.1002160689298927,0.0989458422118799,1,Bull
2019-06-14,-0.0003160129284807,-0.0011054329332947,0.0025134524827372,15.279999732971191,0.1354824162531626,0.0992289947386237,0.0988795989098597,1,Bull
2019-06-17,-0.0006322652864021,0.0003803206589231,0.0017478148017819,15.350000381469728,0.1318892945165855,0.097284170718512,0.0939968058376554,1,Bull
2019-06-18,0.0050473243922382,0.0104169015867231,0.0049995189493072,15.149999618530272,0.13395213262736,0.0977271566649493,0.0885870762441761,1,Bull
2019-06-19,0.0060389708380806,0.002254030696481,0.0014343564242743,14.329999923706056,0.1310085767233093,0.0964364631748804,0.0888867650565366,1,Bull
2019-06-20,0.0248661554938178,0.0095092383250705,0.0026368213517055,14.75,0.1314048649083417,0.0952197797401942,0.1152215903701619,1,Bull
2019-06-21,0.0066136934166681,-0.0014550228921692,-0.0110472483891034,15.399999618530272,0.1308075301158105,0.1058835269535324,0.1140109282095801,1,Bull
2019-06-24,0.0147415931262733,-0.0012250836254419,0.0074290478389407,15.260000228881836,0.1212588099671996,0.1025304042047445,0.1190474653978826,1,Bull
2019-06-25,0.0019392450876947,-0.00985612044392,0.0030920367789395,16.280000686645508,0.1281661683882741,0.1025550667799437,0.1187455660218256,1,Bull
2019-06-26,-0.0092076537483057,-0.0009979978809279,-0.0064209009619163,16.209999084472656,0.1223515021569641,0.1046046036936034,0.1249307100712061,1,Bull
2019-06-27,-0.00097817910818,0.0035397061301026,0.0070229686019065,15.81999969482422,0.1182683706724313,0.1063412861255746,0.1255696480447369,1,Bull
2019-06-28,0.0027063662544696,0.0051328114424488,-0.0006773866220452,15.079999923706056,0.1186342594385699,0.1033662205482664,0.125433803493551,1,Bull
2019-07-01,-0.0195594281024971,0.0090375052056636,-0.0023416396171979,14.0600004196167,0.1049801299856102,0.0951882333944162,0.1456631801024825,1,Bull
2019-07-02,0.0211348135480542,0.0026008616665556,0.0076835333339086,12.93000030517578,0.1026506382626211,0.0961002878701671,0.1541489701691542,1,Bull
2019-07-03,0.0016477026920105,0.0079634353958051,0.0071033129649144,12.56999969482422,0.0820787923138024,0.0884649786545402,0.1539201161666424,1,Bull
2019-07-05,-0.0112128613499984,-0.0011386316112474,-0.0133514408816573,13.279999732971191,0.0809622034731804,0.0993891557635553,0.1617490973241616,1,Bull
2019-07-08,-0.0064533961744344,-0.0055096976236283,0.0013584131973434,13.960000038146973,0.0846104427122697,0.0990514478775267,0.1646227544164417,1,Bull
2019-07-09,0.0034976216131429,0.0012452042239599,-0.0003770701998707,14.09000015258789,0.0797909055078402,0.094945000764303,0.1641976851127548,1,Bull
2019-07-10,0.0156641640687561,0.0047670239053755,-0.0055222673557767,13.029999732971191,0.0798768194942707,0.0906869548458823,0.1648205554371821,1,Bull
2019-07-11,-0.0084794331494876,0.0023416213031399,-0.013440597640463,12.93000030517578,0.0795478231069374,0.1028645720879054,0.1691013994062136,1,Bull
2019-07-12,0.006235244213343,0.0044668303152618,0.0011529186078213,12.390000343322754,0.0788385321784209,0.1029140651944351,0.1693297763591329,1,Bull
2019-07-15,0.0,0.0003326455661927,0.0057428239831542,12.68000030517578,0.0787770031720423,0.1042070207070402,0.1691629557721207,1,Bull
2019-07-16,-0.0084985651502371,-0.0032309019550851,-0.0029820413010341,12.859999656677246,0.0801757199179004,0.1042990862191448,0.173228205950817,1,Bull
2019-07-17,0.0163312339620225,-0.0068279408116503,0.0107400757333313,13.970000267028809,0.0856360753008546,0.1108874370733305,0.1796456605312116,1,Bull
2019-07-18,0.0140192210728327,0.0036539201520671,7.563854503039648e-05,13.529999732971191,0.0798614895317936,0.1095063203005009,0.1836065051714445,1,Bull
2019-07-19,-0.0148369175250385,-0.0055704702514309,-0.0023512676582552,14.449999809265137,0.0831737799509083,0.1096523729592701,0.1937623190845081,1,Bull
2019-07-22,-0.0001487748968767,0.0024536808752054,0.0018969282020089,13.529999732971191,0.0773530889688303,0.1094398249070851,0.1757378187676174,1,Bull
2019-07-23,-0.0056686547600584,0.0071247972357542,-0.0054723408537311,12.609999656677246,0.0801970455763055,0.1040812681993324,0.1761186546810265,1,Bull
2019-07-24,0.0050734472920283,0.0046883418214244,0.00433495404764,12.06999969482422,0.0807747217526918,0.1018326042884007,0.1694025061442326,1,Bull
2019-07-25,-0.0070951189913766,-0.0047884644801927,-0.0047922072692195,12.739999771118164,0.0735841419224939,0.1023504738058861,0.1710844647063002,1,Bull
2019-07-26,0.0016475793640438,0.0066776680035816,0.0023605455461857,12.15999984741211,0.0751027520418369,0.1004588154177352,0.1680508510215686,1,Bull
2019-07-29,0.0066376005021923,-0.0018229964885989,0.0003042812780378,12.829999923706056,0.0758807405326347,0.0971071245284742,0.1694208576389609,1,Bull
2019-07-30,0.003339374239096,-0.0024576291574565,0.0024302887794932,13.9399995803833,0.0759834596309781,0.0975937482852415,0.1695340790010266,1,Bull
2019-07-31,-0.0131997068987172,-0.011000877467255,0.00800804160206,16.1200008392334,0.0815698752018225,0.1013254879686172,0.1612177289025231,1,Bull
2019-08-01,0.0237382025873749,-0.0087461930451247,0.019666352255873,17.8700008392334,0.0868117257501914,0.1193297467003148,0.1655225240943602,1,Bull
2019-08-02,-0.0038193529104754,-0.0075577781326401,0.0091987839630822,17.610000610351562,0.0849247789538586,0.1209335261815263,0.1663588232951882,1,Bull
2019-08-05,0.0138850078395575,-0.0305346402410758,0.0171406635398791,24.59000015258789,0.1329960537051889,0.1217717540804395,0.1662445209098078,2,Bear
2019-08-06,0.0080955294920259,0.013925530404748,0.0079609659082833,20.170000076293945,0.1438583640164988,0.1232295668097668,0.164560910318914,2,Bear
2019-08-07,0.0150754868152602,0.0005905649950918,0.0003573037015172,19.489999771118164,0.1437205149381161,0.1230268394202716,0.1700749678408407,2,Bear
2019-08-08,0.0050220544460044,0.0194304503127138,0.0021400885560296,16.90999984741211,0.1598493924118082,0.1193795826022982,0.1641708087903053,2,Bear
2019-08-09,-0.0033216839398709,-0.0068349138775149,-0.001996792480644,17.969999313354492,0.1607335284378397,0.1051741046139628,0.1606679451006138,2,Bear
2019-08-12,0.0096517736755786,-0.0122480120919756,0.0206348724604617,21.09000015258789,0.1636592032362989,0.120030745942979,0.1619716270777979,2,Bear
2019-08-13,-0.0059773469524186,0.0154318139711891,-0.0034329897716802,17.520000457763672,0.1744167114403021,0.1230456632697817,0.1647314166790307,2,Bear
2019-08-14,0.0068182967190882,-0.0300136010686011,0.022279363382894,22.100000381469727,0.2008011441303435,0.1352252089869641,0.1599046420580249,2,Bear
2019-08-15,0.0066329233118531,0.0026382216862827,0.0110577628812788,21.18000030517578,0.2009623507197865,0.1353903614572494,0.1535670145004106,2,Bear
2019-08-16,-0.0064227963231968,0.0146474105306939,-0.0080423005271126,18.46999931335449,0.2084263519280887,0.1421091214947173,0.1516045160710023,2,Bear
2019-08-19,-0.0117652431297463,0.0119755241057361,-0.0144055959708752,16.8799991607666,0.2130446833306155,0.1554114725296246,0.1475884274311218,2,Bear
2019-08-20,0.0077651532005103,-0.0076917151192876,0.0102914361055284,17.5,0.2139998824716956,0.1564499985516414,0.1484806667557839,2,Bear
2019-08-21,-0.0031694374885161,0.0081024193074753,-0.0066875425014266,15.800000190734863,0.2145090023249352,0.1575047967539088,0.1469563307079687,2,Bear
2019-08-22,-0.0025427378094433,-0.0003078393564065,-0.0066634996138773,16.68000030517578,0.2134712114354456,0.1623636607875123,0.1478315933609854,2,Bear
2019-08-23,0.0194004358255685,-0.0260234791659066,0.0163012334124557,19.8700008392334,0.2297044052495404,0.1641072313401676,0.1546597578699195,2,Bear
2019-08-26,0.0001387451272763,0.0109980258680706,-0.0040506711196124,19.31999969482422,0.232344087663398,0.1669757307041378,0.1549987737926174,2,Bear
2019-08-27,0.0095252296402105,-0.0039314220750939,0.0152913116301876,20.309999465942383,0.2324086940718711,0.1698466507780626,0.1560269109281103,2,Bear
2019-08-28,-0.0028205133176772,0.0070169004098896,0.0012869981937451,19.350000381469727,0.2346662292921227,0.170160884297114,0.1576843522506609,2,Bear
2019-08-29,-0.0071903555732528,0.0126921118885642,-0.0037961592572966,17.8799991607666,0.2374392001912245,0.1728947038550291,0.1509121210526179,2,Bear
2019-08-30,-0.0025705723222454,-0.0004442975691177,0.0002714078973951,18.979999542236328,0.2356659624954664,0.1650073495031522,0.1335197358771356,2,Bear
2019-09-03,0.0138171455531419,-0.0058642867394821,0.0012915137154604,19.65999984741211,0.2350890568646431,0.1641724195738794,0.1369430291314585,2,Bear
2019-09-04,0.0062241824051139,0.0112864117613433,0.0014933956864249,17.329999923706055,0.2107087029642405,0.1567864371124775,0.1319888434966423,2,Bear
2019-09-05,-0.0242938395892824,0.0127733678492727,-0.0182762712668919,16.270000457763672,0.2099015886477188,0.1718079532168264,0.1607078800548894,2,Bear
2019-09-06,-0.008559662387184,0.0007718346493566,0.0070901120631417,15.0,0.2098912205570648,0.1727338982681512,0.1562120248937697,2,Bear
2019-09-09,-0.0037414803722944,0.0005031086486618,-0.0179252326451107,15.270000457763672,0.1996671367528864,0.1860092471100477,0.155825598119345,2,Bear
2019-09-10,-0.0085947664634488,-0.0002346168392723,-0.017683321355354,15.199999809265137,0.1978138279644535,0.1968652744105668,0.1582449841138336,2,Bear
2019-09-11,0.0060453662250154,0.0070859728384083,-0.0017782346257846,14.609999656677246,0.1927077826987313,0.1824813794697011,0.1558434063463511,2,Bear
2019-09-12,0.0020542492696135,0.0034575023027102,-0.0065725155004056,14.220000267028809,0.1865351513029695,0.1833813790174538,0.1547907660719282,2,Bear
2019-09-13,-0.0083136402572181,-0.0006639851552467,-0.0215907153570056,13.739999771118164,0.1479764032560863,0.1762984480087401,0.1550770552004473,2,Bear
2019-09-16,0.0083136402572182,-0.0030934704497574,0.0126631156477999,14.670000076293944,0.1493804614101261,0.177991462028301,0.1562075388407224,2,Bear
2019-09-17,0.0019793500454073,0.0025286465949864,0.0054093373109077,14.4399995803833,0.1427418692263746,0.179216975321985,0.1551012930038528,1,Bull
2019-09-18,-0.0063051418491641,0.0005979664057002,0.00423515711224,13.949999809265137,0.1380361655233036,0.1749173262500796,0.1511611875741116,1,Bull
2019-09-19,0.0040426457009608,-6.639817397381196e-05,0.0030030589111948,14.050000190734863,0.1341761024931087,0.1705467431065812,0.1492477199338634,1,Bull
2019-09-20,0.0117511692045534,-0.0047357002423592,0.0131244717136869,15.31999969482422,0.1339126171670587,0.1770021638207182,0.1545061340265894,1,Bull
2019-09-23,0.0055807822575675,-0.0002350509598262,-0.0002115612077158,14.90999984741211,0.1339028057814605,0.1757172190320308,0.1551193858589995,1,Bull
2019-09-24,0.0052729916204329,-0.0078778927440187,0.0119822544429945,17.049999237060547,0.0972093873228312,0.1710910955072569,0.1408179485038781,1,Bull
2019-09-25,-0.0187195010811694,0.0058975144057182,-0.0147351266395458,15.960000038146973,0.0927834134672757,0.1776053798424239,0.1551923508674372,1,Bull
2019-09-26,-0.0002821278180384,-0.0020854290457215,0.0064116411631975,16.06999969482422,0.0915629715492008,0.169697412639879,0.1506338023992213,1,Bull
2019-09-27,-0.0051617279262248,-0.0054018185067446,0.0024551008709189,17.219999313354492,0.092867328054102,0.1699987005962963,0.1511582189865851,1,Bull
2019-09-30,-0.0156471059222036,0.0046271974182689,0.00244921744342,16.239999771118164,0.0841760997782262,0.17034822451712,0.1579512201400795,1,Bull
2019-10-01,0.0054578933734982,-0.0119657171132705,0.0030057882606528,18.559999465942383,0.0952251069402686,0.1709245003878156,0.1598733765280693,1,Bull
2019-10-02,0.0116060231701168,-0.0178227801433873,0.0024406045938391,20.559999465942383,0.1124986428124745,0.1711775132363113,0.1573884105881819,1,Bull
2019-10-03,0.0045204160593295,0.008159718176248,0.0090802853458857,19.1200008392334,0.1089335260951293,0.1746066442206167,0.1564440361634565,1,Bull
2019-10-04,0.0,0.0134410952747665,0.0073562427267232,17.040000915527344,0.1099683198933818,0.1644409251375767,0.132838603982878,1,Bull
2019-10-07,-0.0085636354109891,-0.0043240556174468,-0.0083230497349839,17.860000610351562,0.1107340962891305,0.1653074661517126,0.1328416742264669,1,Bull
2019-10-08,0.0087045999170373,-0.0156464341572041,0.0026903540258947,20.280000686645508,0.1222718096397591,0.1524563124402782,0.1358760195346152,1,Bull
2019-10-09,0.0009156241246349,0.0094514257075358,-0.0056642828477438,18.63999938964844,0.1278615279827089,0.1392774493895778,0.1320799982485201,1,Bull
2019-10-10,-0.0087676831929657,0.0067410307594878,-0.0150066953505795,17.56999969482422,0.1275957455021057,0.1500877992645433,0.1343768436137416,1,Bull
2019-10-11,-0.0055547699406728,0.0103135322896439,-0.0124539774431083,15.579999923706056,0.1326595259185524,0.1549703741512962,0.1354391029841137,1,Bull
2019-10-14,0.0039911503934201,-0.0011145786151717,0.0072366461655902,14.56999969482422,0.1326723421258767,0.1342221997969186,0.1331095426117945,1,Bull
2019-10-15,-0.0069950016712766,0.0098517028078642,-0.0121621091010597,13.539999961853027,0.1371117741139929,0.1363663315426572,0.1318361503028327,1,Bull
2019-10-16,0.0057139148357037,-0.0016073347531859,0.00121608299912,13.68000030517578,0.1369051485892645,0.1352670773185286,0.1333752998987541,1,Bull
2019-10-17,0.0014233647353723,0.0029444732822735,-0.0024327864124328,13.789999961853027,0.1373140834009303,0.1348485464234371,0.1317422437889449,1,Bull
2019-10-18,-0.0010673064134521,-0.0043864618621947,0.0,14.25,0.1381260147759161,0.1344260288266745,0.1309367166168417,1,Bull
2019-10-21,-0.0047815500752136,0.0067559721133114,-0.0075515404528185,14.0,0.1391823670948865,0.1277645476330551,0.124149446982452,1,Bull
2019-10-22,0.0029287043785159,-0.0032716609577751,0.0058301008377935,14.460000038146973,0.1397182848768599,0.1299640800704411,0.1226921765487985,1,Bull
2019-10-23,0.0023510275929144,0.0029049037463757,0.0010045332041513,14.010000228881836,0.1368982123508798,0.1216920368139208,0.1211605417463128,1,Bull
2019-10-24,0.0070907196944689,0.0016330378803467,-0.0020098774500872,13.710000038146973,0.1356261994589935,0.1115417581623587,0.1065991481704963,1,Bull
2019-10-25,0.002328959955734,0.0040867097287047,-0.0048967006616753,12.649999618530272,0.1358643516156357,0.1093306721579405,0.1069264353602566,1,Bull
2019-10-28,-0.008637230479381,0.0056203918601863,-0.0091378411447692,13.109999656677246,0.1349566260561676,0.1117617335542616,0.1096920624411301,1,Bull
2019-10-29,-0.0027768851942462,-0.0002965675208596,0.0006556042048461,13.199999809265137,0.1344842503435097,0.1110776431189613,0.0948224316591617,1,Bull
2019-10-30,0.0054752101849324,0.0030623576573915,0.0145277158323552,12.329999923706056,0.1260058285350584,0.1238747775365852,0.0948339253553523,1,Bull
2019-10-31,0.0099488449354686,-0.002666990715374,0.0134005194368825,13.220000267028809,0.1056555891295591,0.1335045654643482,0.0925280979951969,1,Bull
2019-11-01,0.0009123470738276,0.00922135949913,-0.0030830820150895,12.300000190734863,0.1064383623196089,0.1287349567668518,0.0913365689017823,1,Bull
2019-11-04,-0.0028801514371747,0.0040096217999983,-0.0132491914303133,12.829999923706056,0.098987746035643,0.1309033603491419,0.0919671146163263,1,Bull
2019-11-05,-0.016312331868591,-0.0011066950163079,-0.011310001187968,13.100000381469728,0.0969798998311834,0.1330117935916992,0.1042450096059662,1,Bull
2019-11-06,0.0042810685305551,0.0002277530672631,0.0060335391670931,12.619999885559082,0.0726922798119207,0.1351411228803627,0.1004973518229522,1,Bull
2019-11-07,-0.0156432055218911,0.0035108153737755,-0.0182849135619068,12.729999542236328,0.068828735362687,0.1457156610756388,0.1131419009166218,1,Bull
2019-11-08,-0.0063847338065501,0.0024631293658273,-0.0042160586229087,12.06999969482422,0.0672309130065453,0.1390979094314278,0.1114443940569469,1,Bull
2019-11-11,-0.0024048241483873,-0.0019115303816018,0.0006669518186334,12.6899995803833,0.0624599075655692,0.134526660387804,0.1104125414426974,1,Bull
2019-11-12,0.0026958749275869,0.0021058384167092,0.0045823507520201,12.68000030517578,0.0614892585930291,0.1325806927967323,0.1097609478218959,1,Bull
2019-11-13,0.0039940728810308,0.0003233647684803,0.0064668992685864,13.0,0.0547563099259145,0.1301388214942675,0.1089002946370207,1,Bull
2019-11-14,0.0041947110406634,0.0014548245450667,0.0102771179342644,13.050000190734863,0.0535088231722244,0.1357789455323023,0.1079203815408972,1,Bull
2019-11-15,-0.0025291110010524,0.0072101471527069,-0.0010884943844824,12.050000190734863,0.0566593351074147,0.1356308374258694,0.1078406022350529,1,Bull
2019-11-18,0.0029620250721697,0.000737533816218,0.0018130319687736,12.460000038146973,0.0520302660376312,0.1358673360206497,0.1086245367814476,1,Bull
2019-11-19,0.0005049030061831,-0.0002883857319499,0.00829880944037,12.859999656677246,0.0499279045455884,0.1365300187655849,0.1076164905536457,1,Bull
2019-11-20,0.000504538242453,-0.0037257185769496,0.0102944118309807,12.779999732971191,0.0505368287616056,0.1396490188916829,0.1070043705966632,1,Bull
2019-11-21,-0.005492097356825,-0.0016101426340182,-0.0062787791520625,13.130000114440918,0.0517405801146541,0.1415907854185586,0.1078251787163497,1,Bull
2019-11-22,-0.001885795159979,0.0022211428809101,0.0012875173842977,12.34000015258789,0.0517822598301295,0.1414132810703066,0.1038919122963611,1,Bull
2019-11-25,-0.0048031796332549,0.0077204389504924,0.0029266984535324,11.869999885559082,0.0553442343865377,0.1403685942188969,0.1036968780129215,1,Bull
2019-11-26,0.004803179633255,0.0022630904386762,0.0058272368980745,11.539999961853027,0.0536373580084621,0.1366851975495724,0.1027043416899088,1,Bull
2019-11-27,-0.0053140142253706,0.0044479039796239,-0.00290940662993,11.75,0.0539702276459325,0.1374876821344782,0.1036317186386293,1,Bull
2019-11-29,0.0061848061129796,-0.003715638969943,-0.0021346982163808,12.619999885559082,0.0571285511501639,0.1290501311073777,0.1042275602412157,1,Bull
2019-12-02,-0.0005079436043828,-0.0085310167358531,-0.0134226006261506,14.90999984741211,0.0655887024317059,0.1285679425022968,0.0962782794598597,1,Bull
2019-12-03,0.0095342531785736,-0.0067293545699142,0.0207514282450974,15.960000038146973,0.0645423737408927,0.1483089097614435,0.1034526431716577,1,Bull
2019-12-04,-0.0013667767637935,0.0061510422766922,-0.0100360668492555,14.800000190734863,0.0663977083190082,0.1449903855344637,0.1032694633480398,1,Bull
2019-12-05,0.0005757184354598,0.0017966386922332,-0.0048758171502641,14.520000457763672,0.0662025994740995,0.1400409932553534,0.0872391595146347,1,Bull
2019-12-06,-0.0099777048367574,0.0090926253568931,-0.005549762895388,13.619999885559082,0.0721470200695286,0.140294257900473,0.0916942163496317,1,Bull
2019-12-09,-0.0002906488870483,-0.0031490955155959,0.002165609065869,15.859999656677246,0.0731294578198257,0.1231669601666841,0.0745596123050899,1,Bull
2019-12-10,0.0028306996606543,-0.0011158384357146,7.269041880740808e-05,15.68000030517578,0.0731996278103918,0.1216852163589211,0.0717692794613438,1,Bull
2019-12-11,0.0068619356276915,0.0028346008929754,0.0078295722661655,14.989999771118164,0.0729100571775144,0.1236644343402542,0.0746517099085461,1,Bull
2019-12-12,-0.0035334849047766,0.0085825815192456,-0.0165947892002844,13.9399995803833,0.077533527227387,0.1383890569767775,0.0756048991510368,1,Bull
2019-12-13,0.0044688728367158,0.0005986444621663,0.0115016327671107,12.630000114440918,0.0774985246702894,0.1420733943837637,0.0759108958220286,1,Bull
2019-12-16,-7.198939739749056e-05,0.0068464344920509,-0.0090312328539619,12.140000343322754,0.0798918629390631,0.1418628076917451,0.0746287727815896,1,Bull
2019-12-17,-0.0002157797570961,0.0002192849345544,-0.0013794504347029,12.289999961853027,0.0772293672289824,0.141895555734663,0.0740042897857919,1,Bull
2019-12-18,7.200493236905694e-05,6.237399850535984e-05,-0.008246486672392,12.579999923706056,0.0773127767131828,0.1445537425419647,0.0733563725913362,1,Bull
2019-12-19,0.0025862126377012,0.0040905372695452,0.0015986278431634,12.5,0.0777790344246337,0.1412688027809826,0.0738405343357409,1,Bull
2019-12-20,0.001003939740491,0.0043746118961496,0.0013181018135999,12.510000228881836,0.0761633724150496,0.1357225052084095,0.0738836435605522,1,Bull
2019-12-23,0.0030772033721655,0.0015267705086104,-0.0014642383313621,12.609999656677246,0.0751960639494085,0.1344710014570131,0.0713990228599838,1,Bull
2019-12-24,0.009387789011397,3.108340587670735e-05,0.0028543461170144,12.670000076293944,0.0754550204032192,0.1349112192618499,0.0767943923288375,1,Bull
2019-12-26,0.0078265908031554,0.0053092731751037,0.0024085027381771,12.649999618530272,0.0735005221932325,0.1347380844094951,0.0768068087658914,1,Bull
2019-12-27,-0.0003512560225688,-0.0002481012741645,0.0010927010785046,13.43000030517578,0.0737578222251524,0.1327341125638502,0.0763469068600487,1,Bull
2019-12-30,0.0021055808220621,-0.0055281484970117,-0.0036476839074214,14.81999969482422,0.0768443837507881,0.1328823002544462,0.0721388415947063,1,Bull
2019-12-31,0.0018911434545748,0.0024260872400421,-0.0098422048465111,13.779999732971191,0.0749453960650861,0.1362200973957968,0.0704497513794032,1,Bull
2020-01-02,0.0073209536340358,0.0093085073341632,0.0112298483188095,12.470000267028809,0.0706221996420359,0.1359099508597669,0.0725336275254314,1,Bull
2020-01-03,0.0131812658825288,-0.007600846325567,0.0152828694855469,14.020000457763672,0.0720625097182352,0.126171277635815,0.0781381773787549,1,Bull
2020-01-06,0.0104348689670119,0.0038074383891909,-0.0056946552641685,13.850000381469728,0.0708795406035495,0.1229501600358374,0.0818499415038356,1,Bull
2020-01-07,0.0039274280565074,-0.0028154674536959,-0.0049279453445879,13.789999961853027,0.0728684223727803,0.1229740552369423,0.0815156831880696,1,Bull
2020-01-08,-0.0075298025846351,0.005315230316058,-0.0066328376598007,13.449999809265137,0.0692149702254347,0.1235978919953232,0.076925418097707,1,Bull
2020-01-09,-0.0056676844863565,0.0067579891399923,0.0035042968384209,12.539999961853027,0.0690484939629038,0.1240453013076124,0.0819948527903383,1,Bull
2020-01-10,0.0060081076167883,-0.0028817560926687,0.0088515134756454,12.5600004196167,0.0703539051819202,0.1281425043262615,0.0827265980000208,1,Bull
2020-01-13,-0.0074471447038162,0.0068534180479068,-0.0030384146220272,12.31999969482422,0.0722710247153777,0.1252744399714403,0.0889067259637286,1,Bull
2020-01-14,-0.0008919411826434,-0.0015254999861532,0.0051306061939832,12.390000343322754,0.0695235646826272,0.1120506337304923,0.0871737792590194,1,Bull
2020-01-15,0.0058172894924352,0.0022572601543688,0.0066099339132475,12.420000076293944,0.0694122522789999,0.1071842735887286,0.0876939443596438,1,Bull
2020-01-16,-0.0015707412123407,0.0082841942006645,-0.0031557504398932,12.31999969482422,0.0708826480500701,0.1025836466403725,0.0883983026864655,1,Bull
2020-01-17,0.0018437252860089,0.0031072991460311,-0.0085847896673375,12.100000381469728,0.0707226111464607,0.107235045866525,0.0879090554582876,1,Bull
2020-01-21,0.0010909837309721,-0.0019599805442942,0.010450838614228,12.850000381469728,0.0717755425392777,0.1081881103118182,0.0876211876975725,1,Bull
2020-01-22,0.0003405975107135,0.0001208476694425,0.0035071302247567,12.90999984741211,0.0715989683734367,0.1084979210893199,0.0879617491141154,1,Bull
2020-01-23,0.0022455988755117,0.0011460667036723,0.0069777052670583,12.979999542236328,0.0709832168248619,0.1103297866771112,0.0878066233913284,1,Bull
2020-01-24,0.0058285535187767,-0.0089328660680129,0.0080561354736854,14.5600004196167,0.0798242921569732,0.1120529859480849,0.0885385642731802,1,Bull
2020-01-27,0.0068021258430709,-0.0161592652314066,0.0154346280340976,18.229999542236328,0.0997803885005124,0.1214477249272039,0.0864911548422825,1,Bull
2020-01-28,-0.0089668680366179,0.0104248510260435,-0.0078622198122564,16.280000686645508,0.1044574595798421,0.1266704382231519,0.0928709203306589,1,Bull
2020-01-29,0.0054032484808315,-0.0008265814665588,0.0097316064597128,16.389999389648438,0.1045343606642723,0.129366764567773,0.0933809284567898,1,Bull
2020-01-30,6.731894098032181e-05,0.0032401730654648,0.0001385107276676,15.489999771118164,0.1025021622792689,0.1277744318006834,0.0936207137201517,1,Bull
2020-01-31,0.0057757084771893,-0.0183248994779494,0.0090888405096271,18.84000015258789,0.122114455286379,0.1211541807105577,0.0945726260674756,1,Bull
2020-02-03,-0.0065168775955977,0.0074010285824067,-0.0008106524135009,17.969999313354492,0.1204459702493831,0.1186644940466365,0.0970554348059911,1,Bull
2020-02-04,-0.0130943081867824,0.0151263572190454,-0.013558708143328,16.049999237060547,0.1281225173571845,0.1228958564059583,0.0996402890365218,1,Bull
2020-02-05,0.0012285555646719,0.0114819439567881,-0.010995273484205,15.149999618530272,0.1329303853637612,0.1281112563075585,0.092560623928074,1,Bull
2020-02-06,0.0053739342341258,0.0033592210320086,0.0044966391639923,14.960000038146973,0.1322186709917141,0.1264605722512974,0.093514440118791,1,Bull
2020-02-07,0.0026423634506581,-0.0053437934006985,0.0124010401730202,15.470000267028809,0.1336253058125665,0.127692635272706,0.0900197753805365,1,Bull
2020-02-10,0.0025679490647931,0.0074373411563472,0.0027659328983893,15.039999961853027,0.1340063841247151,0.1276585160632948,0.0876288924790724,1,Bull
2020-02-11,-0.00344789243087,0.0017316527440462,-0.0050532523722763,15.18000030517578,0.1332052574349951,0.1282324057052224,0.0865171425700251,1,Bull
2020-02-12,-0.0008130784812246,0.0064219436382049,-0.0050788534870492,13.739999771118164,0.1329899216770236,0.1294292130560885,0.0820232009947778,1,Bull
2020-02-13,0.0056773037181113,-0.0010671503076903,0.0038289754436933,14.149999618530272,0.1328742358678945,0.1290966953373616,0.0836992817988351,1,Bull
2020-02-14,0.0041697222765956,0.0016007438312283,0.0043681046678435,13.68000030517578,0.1328389187000178,0.1282813954210926,0.0826606853643885,1,Bull
2020-02-18,0.0127373509518433,-0.002580470488168,0.0068253951399196,14.829999923706056,0.1310080352216769,0.1281596842807245,0.0918545278589125,1,Bull
2020-02-19,0.0058142855101764,0.0047696438906223,-6.88396286562994e-05,14.380000114440918,0.1314979674868094,0.1223987877488185,0.0930775100899036,1,Bull
2020-02-20,0.0040763395182913,-0.0041164191814499,0.0078024652113934,15.5600004196167,0.132300293366064,0.1205894334336284,0.0934201526951745,1,Bull
2020-02-21,0.0149134559263085,-0.0103517284854915,0.0092981761749723,17.079999923706055,0.1378408038790811,0.1228606044919822,0.1036235532584692,1,Bull
2020-02-24,0.0089450026567179,-0.0337275899021959,0.0148176613162519,25.030000686645508,0.1812632881710902,0.1291015864456048,0.1059886689189268,2,Bear
2020-02-25,-0.0180359347239326,-0.0307710372316549,0.0053104547216382,27.850000381469727,0.2067607687814416,0.1281268829738914,0.1275046620753705,2,Bear
2020-02-26,0.0043609803851512,-0.0036850741793606,-0.0053104547216382,27.559999465942383,0.200724127899879,0.1227896652786395,0.1265463090304626,2,Bear
2020-02-27,0.0001948162436136,-0.0459513762545781,0.0107897412584967,39.15999984741211,0.2471071051408475,0.1208862373349238,0.1207870754013716,0,Crisis
2020-02-28,-0.0371760187447656,-0.0042100504059407,0.0223327179489453,40.11000061035156,0.2467537289323504,0.1367113841052533,0.1808198678158191,0,Crisis
2020-03-02,0.0055110836466559,0.0423945768311542,-0.0073844182731333,33.41999816894531,0.2950679972947752,0.1414404269496885,0.1818356281684115,0,Crisis
2020-03-03,0.030950390194086,-0.029050490827397,0.0154064294807375,36.81999969482422,0.304379386380634,0.146396637845262,0.2102030480019577,0,Crisis
2020-03-04,0.0017529903517554,0.0411740186522866,-0.0106753941871921,31.989999771118164,0.3397569033964847,0.1538042188722139,0.2082051509413831,0,Crisis
2020-03-05,0.0213709512045744,-0.0338068322267346,0.0245868235297502,39.619998931884766,0.3513395490659503,0.1588413173745289,0.2112932660244789,0,Crisis
2020-03-06,0.0003808885074389,-0.0166691539421878,0.0507345443789172,41.93999862670898,0.3492226407985582,0.2154328236789332,0.211426796556783,0,Crisis
2020-03-09,0.0016488747161249,-0.0813126840345414,0.0267422896611072,54.459999084472656,0.4351964348834215,0.2248127477438096,0.2113883652559896,0,Crisis
2020-03-10,-0.0213271518262895,0.0504506036499808,-0.052618649122628,47.29999923706055,0.4821162342061035,0.3087767421947814,0.227917286608729,0,Crisis
2020-03-11,-0.0035667044227174,-0.04997683542858,-0.0374909524674257,53.900001525878906,0.5014933694302665,0.3431522667120324,0.2287505713777379,0,Crisis
2020-03-12,-0.0407056042424384,-0.100568673526134,0.0061770887773526,75.47000122070312,0.5901009294094612,0.3417162547011801,0.2718947991006022,0,Crisis
2020-03-13,-0.0309915525653007,0.0820278100016609,-0.0228621800506186,57.83000183105469,0.675545350644467,0.353227954893414,0.2924138778556551,0,Crisis
2020-03-16,-0.0115121262982248,-0.1158863044506438,0.0627544605146505,82.69000244140625,0.765891866274985,0.4086416259271543,0.2932370809863619,0,Crisis
2020-03-17,0.0134644263387051,0.0525847686332254,-0.0690103533529442,75.91000366210938,0.8004099233440753,0.4848770715693382,0.2975228626258333,0,Crisis
2020-03-18,-0.0201231068427108,-0.0519596904955062,-0.0580660586341001,76.44999694824219,0.8099299002635467,0.5282082238469114,0.2991042535178639,0,Crisis
2020-03-19,-0.0190864928378344,0.0021227088037131,0.0268613552784037,72.0,0.8091209627584652,0.5365423255469287,0.3019307988353907,0,Crisis
2020-03-20,0.0148843831466835,-0.044050123639851,0.0725025131576048,66.04000091552734,0.813388512468875,0.5909858571635367,0.308067756453898,0,Crisis
2020-03-23,0.0432314961462957,-0.0259011011208716,0.0403832095169253,61.59000015258789,0.813292810504679,0.6041328565135249,0.3435557807921688,0,Crisis
2020-03-24,0.0473895202592504,0.0867311705285795,-0.018790122286832,61.66999816894531,0.8891234309039092,0.6088172299057736,0.3834160094286377,0,Crisis
2020-03-25,-0.0137842081803642,0.0148594378201106,-0.0022739650038166,63.95000076293945,0.8917807506270536,0.6091661754537289,0.3812886347108072,0,Crisis
2020-03-26,0.012740714714697,0.0567484566833403,0.0049099733454551,61.0,0.9220718859094442,0.6083189426277744,0.3837663617217939,0,Crisis
2020-03-27,-0.006481449089244,-0.0302380940775464,0.0263422580027768,65.54000091552734,0.915529401937866,0.6128594715983369,0.3843704465461359,0,Crisis
2020-03-30,0.004390990264267,0.0319592687779996,-0.0082627694850029,57.08000183105469,0.9256148094632586,0.6109853914705565,0.3606979986678145,0,Crisis
2020-03-31,-0.0323648216936519,-0.0150175937624683,-0.0081497862033888,53.540000915527344,0.909299672652038,0.611160259739656,0.3787184921077246,0,Crisis
2020-04-01,0.0094117931494001,-0.0460489206475005,0.0139130768664226,57.060001373291016,0.916052273431718,0.6108091775273401,0.3633120102543482,0,Crisis
2020-04-02,0.0162605011105618,0.0228133128236464,0.0063257828675025,50.90999984741211,0.9054826961310084,0.6087703592173923,0.3683364972912514,0,Crisis
2020-04-03,0.0049253097765777,-0.0145597398472715,0.0023767925721937,46.79999923706055,0.9015673377577148,0.6041666686299084,0.360234731002281,0,Crisis
2020-04-06,0.0273335338154352,0.0650065112320846,-0.0026145215561773,45.2400016784668,0.936681997368914,0.5787612461328792,0.3738377652023062,0,Crisis
2020-04-07,-0.0053688714007191,0.0010190302318176,-0.010528084528206,46.70000076293945,0.8949302527364864,0.57177446227929,0.3741900214033329,0,Crisis
2020-04-08,-0.0089478819474376,0.0330176646815657,-0.0073025763513158,43.34999847412109,0.8841947001310678,0.5413031793142719,0.3679286861105552,0,Crisis
2020-04-09,0.025788169295063,0.0151025664857972,0.001815826574682,41.66999816894531,0.8684475763449139,0.5230701668193303,0.378199463635351,0,Crisis
2020-04-13,0.016995105513929,-0.0091721009634632,-0.0091716765236535,41.16999816894531,0.787810002842803,0.5244815220182626,0.3488413412568309,0,Crisis
2020-04-14,0.0078373015433468,0.0290663092093854,-0.0002440746317751,37.7599983215332,0.7428939799421664,0.5167900383902231,0.324576702586419,0,Crisis
2020-04-15,-0.0051150179335856,-0.0214771098981648,0.0261443644331586,40.84000015258789,0.6136358003099258,0.477557828606406,0.320952451720511,0,Crisis
2020-04-16,-0.000865368975394,0.004812936767396,0.0112926626278715,40.11000061035156,0.5910827792353543,0.4039494875547658,0.3207897068932941,0,Crisis
2020-04-17,-0.0196084667171404,0.0266566181925215,-0.0134951649212085,38.150001525878906,0.5574191492220859,0.3406570407582863,0.3202728783996382,0,Crisis
2020-04-20,0.0071008537209921,-0.0177748898428529,0.0080125792057963,43.83000183105469,0.5646087138554734,0.3331523574934504,0.3073290012622913,0,Crisis
2020-04-21,-0.0068486733480538,-0.0308337371144742,0.0125126146546389,45.40999984741211,0.5510119288753719,0.2327195813171375,0.3094647862760858,0,Crisis
2020-04-22,0.0194798889508458,0.0219520087648055,-0.0102684244673076,41.97999954223633,0.538245574817683,0.1945469010218912,0.2831910009107403,0,Crisis
2020-04-23,0.0099056437955244,-7.220460098704582e-05,0.0052940873092859,41.380001068115234,0.4623896544744282,0.1809789461883101,0.2383358025394417,0,Crisis
2020-04-24,-0.0042947299426519,0.0138427110925747,0.002343984940867,35.93000030517578,0.4621731559507036,0.1802394561478618,0.2321062596397265,0,Crisis
2020-04-27,-0.0066625899835551,0.0143154670794348,-0.0187890314979724,33.290000915527344,0.426022198671611,0.1942963394185449,0.2320436822536725,0,Crisis
2020-04-28,-0.0044665163233347,-0.0046090322713651,0.0114456258545414,33.56999969482422,0.4085895461209083,0.176118350570275,0.2311623834841766,0,Crisis
2020-04-29,0.0055181924540174,0.0258417261721408,-0.0052021556260612,31.229999542236328,0.4041639782773383,0.1744887685401811,0.2313045210505548,0,Crisis
2020-04-30,-0.0182826836837886,-0.0093544340530181,-0.011745826887712,34.150001525878906,0.4010190487876706,0.1772225851188708,0.2084457126359583,0,Crisis
2020-05-01,0.0061522933833428,-0.0268304022759104,0.008526703812771,37.18999862670898,0.3744191895639156,0.1730485473668276,0.2075528840691343,0,Crisis
2020-05-04,0.0034986763611594,0.0027550280829918,-0.0047147798056589,35.970001220703125,0.3699004623887939,0.1724462575380188,0.2020563397740834,0,Crisis
2020-05-05,0.0042320696304066,0.00919658478648,-0.0064219546544097,33.61000061035156,0.3626270693346776,0.17347681752091,0.2019689868289729,0,Crisis
2020-05-06,-0.0129389392482341,-0.00680166450465,-0.0162671324210065,34.119998931884766,0.2966776793207003,0.1817021375876973,0.1873333717306254,2,Bear
2020-05-07,0.01523412410856,0.0119947972455188,0.0165684092861078,31.440000534057617,0.2980176870454363,0.1884346013278229,0.1925513212621715,2,Bear
2020-05-08,-0.0060284277412398,0.0164103861430481,-0.0130866017469825,27.979999542236328,0.2827240989990116,0.1922908782787764,0.1907927911490488,2,Bear
2020-05-11,-0.0062531470105992,0.000205001468987,-0.0078365567685959,27.56999969482422,0.2794436904112778,0.1938788177665922,0.1711947833364742,2,Bear
2020-05-12,0.0038815245238018,-0.0201325345367988,0.010212482914422,33.040000915527344,0.2876160068637673,0.1948564886181498,0.1607085199806419,2,Bear
2020-05-13,0.0095766453458976,-0.0178440971806985,0.0069718999830346,35.279998779296875,0.2774420746391175,0.1962458522967633,0.1619408656883932,2,Bear
2020-05-14,0.0088111275361233,0.011895919582932,0.0097394265160153,32.61000061035156,0.2694201176501793,0.1765220857094515,0.1639219830403192,2,Bear
2020-05-15,0.005627947839551,0.0045863922354354,-0.0025757390396722,31.88999938964844,0.2693831946312583,0.171580216031429,0.1648609304390499,2,Bear
2020-05-18,-0.0075928982318519,0.0300053202483717,-0.0221985257590599,29.299999237060547,0.2735859719051587,0.1819683566386348,0.1509229065769609,2,Bear
2020-05-19,0.0096039403425891,-0.0103238708138428,0.0037335669553851,30.530000686645508,0.2681807908777587,0.1797973796690949,0.152393467695913,2,Bear
2020-05-20,0.0023714668825757,0.0168449474694583,0.00298918291667,27.989999771118164,0.2451164444403307,0.1733482190061758,0.1494695077553716,2,Bear
2020-05-21,-0.0146836161685368,-0.0069279835883335,0.0024952818570335,29.530000686645508,0.2387916557797312,0.1712718415051225,0.1452873652695386,2,Bear
2020-05-22,0.0058994007147757,0.0018971469367168,0.0059980514793766,28.15999984741211,0.2386093859404539,0.1716333228990568,0.142535622045302,2,Bear
2020-05-26,-0.014316858429627,0.0122453269850838,-0.0135005288424822,28.01000022888184,0.237733110228541,0.1760847446578796,0.150322361287363,2,Bear
2020-05-27,0.001800809585778,0.0147692945318861,-0.0018381586240234,27.6200008392334,0.2380190480518475,0.1652752726141217,0.1488128066218958,2,Bear
2020-05-28,0.0033447448656947,-0.0018464260064371,-0.0036876097952208,28.59000015258789,0.2371470384421767,0.15878984833631,0.1483924137339226,2,Bear
2020-05-29,0.0073314712365973,0.0044458466233218,0.0071159766685005,27.51000022888184,0.2220429903399783,0.1613650905912621,0.1493319898602322,2,Bear
2020-06-01,0.0045932039181421,0.0040337940970969,-0.0067550593632882,28.229999542236328,0.2184044320717585,0.1582313233154291,0.1335690675817146,2,Bear
2020-06-02,-0.0064978928248545,0.0082459596777084,-0.0036425858017922,26.84000015258789,0.1913627972495055,0.1544058304931875,0.1351198790786072,2,Bear
2020-06-03,-0.0186225113924192,0.0132204572742198,-0.0133860683856629,25.65999984741211,0.1938682574044513,0.1593481063957844,0.1504779595987465,2,Bear
2020-06-04,0.0104712540558731,-0.0026301673029391,-0.0145849173269358,25.809999465942383,0.1946448639039219,0.1645236124632974,0.1543074089929951,2,Bear
2020-06-05,-0.0204836899154137,0.0253066523164818,-0.007148783384876,24.520000457763672,0.2037318898554591,0.1578405305801608,0.1642209291392891,2,Bear
2020-06-08,0.0107640024390437,0.0120151889781948,0.0038363551111212,25.809999465942383,0.2037400386527013,0.1444449274264219,0.1595631575360075,2,Bear
2020-06-09,0.0095956453550641,-0.0074850036875945,0.0112937459778981,27.56999969482422,0.2044957044816879,0.1470677292382106,0.1618987496990702,2,Bear
2020-06-10,0.0142231428548532,-0.005595825216105,0.0147186504134816,27.56999969482422,0.2069695673483926,0.1554556445768116,0.1669957494961971,2,Bear
2020-06-11,-0.0072402323292651,-0.0593772564675385,0.0187246000556244,40.790000915527344,0.2920836414263197,0.1653205615337576,0.1691951939505696,0,Crisis
2020-06-12,0.0014153150353447,0.0119049338732243,-0.009688321188789,36.09000015258789,0.2843599643340206,0.1664348717024336,0.1661309058947107,2,Bear
2020-06-15,-0.0017848491512042,0.0092922778127436,0.000554269499429,34.400001525878906,0.2835537364936394,0.1620377816662133,0.1633267190925349,2,Bear
2020-06-16,-0.0004929560183834,0.0190646496756626,-0.0154525397512727,33.66999816894531,0.2886086497617442,0.1692812668575668,0.1619456883471799,2,Bear
2020-06-17,0.0019087937874243,-0.0041627271636045,0.0041201605510242,33.470001220703125,0.2740843975135484,0.1533693179154162,0.1600286903557304,2,Bear
2020-06-18,-0.0019703951105462,0.0003854289995435,0.0105318439984493,32.939998626708984,0.2701969120284027,0.1575799285981814,0.1562192333445793,2,Bear
2020-06-19,0.0109725762213664,-0.0057318698671064,0.0008005352017988,35.119998931884766,0.2670538093830771,0.1571778017905959,0.1610401255132231,2,Bear
2020-06-22,0.00644142707483,0.0063948137260566,0.0001232666195049,31.770000457763672,0.2653924764506397,0.1568317470610604,0.1535184973648344,2,Bear
2020-06-23,0.0083843988645957,0.0045933879019535,-0.0068579897489898,31.3700008392334,0.2654559247732286,0.1563753538736175,0.1547892722224579,2,Bear
2020-06-24,-0.003489996015801,-0.0258399506838243,0.0106687156757461,33.84000015258789,0.2807503541219998,0.154781875056775,0.1456106805426059,2,Bear
2020-06-25,-0.000602899298615,0.0106636836734562,0.0028789034254345,32.220001220703125,0.2785650022280287,0.1549486060072635,0.1457778184870121,2,Bear
2020-06-26,0.0044532193863769,-0.0240383577208099,0.0106455093920195,34.72999954223633,0.2915318622142133,0.1583375518623812,0.1460197118612038,2,Bear
2020-06-29,0.0005403343600226,0.0145909972593202,-0.0031510845433281,31.780000686645508,0.2956805406881973,0.1572338939948983,0.1444293814272441,2,Bear
2020-06-30,0.004431086497931,0.0127279357639582,-0.0048691012155247,30.43000030517578,0.2986087771722087,0.1562866392842299,0.1443807086858344,2,Bear
2020-07-01,-0.0044911601101022,0.0069803604359302,-0.0019424977698452,28.6200008392334,0.2982348149442506,0.1558316551596466,0.1432184957860963,2,Bear
2020-07-02,0.0021582779375089,0.0054920203430584,0.0010388527247864,27.68000030517578,0.2952962256265257,0.147343072205879,0.1238242665710968,2,Bear
2020-07-06,0.0059708800839463,0.0153192355583477,-0.0041036122486964,27.940000534057617,0.2996302960803529,0.1372805102220451,0.1209630876515736,2,Bear
2020-07-07,0.0062904343270385,-0.0103672384031025,0.0139580376654845,29.43000030517578,0.2885529859213331,0.1394971142997444,0.0900336780001102,2,Bear
2020-07-08,0.0061923536054023,0.0076196499475838,-0.0040025870625036,28.07999992370605,0.2865210233296884,0.1413611317475329,0.0865272653827344,2,Bear
2020-07-09,-0.0027080639028713,-0.0057093663675883,0.0157964918023411,29.26000022888184,0.2860675481995925,0.1457314352662,0.0851888683196436,2,Bear
2020-07-10,-0.0025972650920347,0.0101588846723353,-0.0050376646222923,27.290000915527344,0.287906419875695,0.141015801263441,0.0751318944982004,2,Bear
2020-07-13,0.0012403879870823,-0.0086966472793362,0.0033011179856457,32.189998626708984,0.1946304059009891,0.1269064022468968,0.0679466504134894,2,Bear
2020-07-14,0.0046527281640108,0.012875675186869,0.0014368794743262,29.520000457763672,0.1952550565530475,0.1208986444582419,0.0685113109545109,2,Bear
2020-07-15,0.0008809438623464,0.0091453132987755,-0.0046778379254154,27.76000022888184,0.1951908927070418,0.1227314321536426,0.0671835135059805,2,Bear
2020-07-16,-0.0094966393251546,-0.0032989451701735,0.0047376040479445,28.0,0.1863815447315838,0.1071536455539231,0.0782218924887998,2,Bear
2020-07-17,0.0082042627943085,0.0028947487326002,-0.0020961283028752,25.68000030517578,0.1853347648760272,0.1078833433356058,0.0812479805679487,2,Bear
2020-07-20,0.0048085903368463,0.0080491769191458,0.0024556312244508,24.459999084472656,0.1865359612744644,0.1032365027961567,0.0802888827080558,2,Bear
2020-07-21,0.0119789624776663,0.0021254274418283,0.0005980128431096,24.84000015258789,0.1843593679755027,0.1032557067901232,0.0816924100533898,2,Bear
2020-07-22,0.0150879427375645,0.0056759550742704,0.0029839512489105,24.31999969482422,0.1841828317554576,0.1032606092011147,0.0917709172683212,2,Bear
2020-07-23,0.0087865864108133,-0.0120035081425034,0.0116139323212879,26.07999992370605,0.1905849533278946,0.1040028495764678,0.0920812151240426,2,Bear
2020-07-24,0.0085422814416774,-0.0064610639427661,-5.905836697173958e-05,25.84000015258789,0.1655629333703618,0.0999292197963292,0.0908770731143589,2,Bear
2020-07-27,0.0195611969646978,0.0072657823818133,-0.0037187803826434,24.739999771118164,0.1638770062426102,0.1017750362038072,0.1050380126979308,2,Bear
2020-07-28,0.0083065360404138,-0.006362501665393,0.0068949234358414,25.440000534057617,0.1372208774137152,0.0983763790594514,0.1058615920555708,2,Bear
2020-07-29,0.007482169283186,0.0122236316866213,-0.0017040531782076,24.100000381469727,0.1349799888807779,0.0976423654250898,0.1051678229538404,2,Bear
2020-07-30,-0.0074277788884332,-0.0035745039531649,0.0065667738473632,24.76000022888184,0.1321526285020395,0.0961912531700707,0.113674532514948,2,Bear
2020-07-31,0.0090468843530279,0.0078713656712749,-0.000643068508422,24.459999084472656,0.1325813285972273,0.0956072114145248,0.1098695445464322,2,Bear
2020-08-03,0.0011318982444248,0.006928030082447,-0.0050476397282559,24.280000686645508,0.1330966448991938,0.0987780054678084,0.1102718226412685,2,Bear
2020-08-04,0.0210545154128536,0.0038550161710784,0.00948740124728,23.76000022888184,0.1248082846676708,0.0996395353396588,0.1234592131499132,2,Bear
2020-08-05,0.0092404172708345,0.0061917619256823,-0.0087814484360499,22.989999771118164,0.1172275569158819,0.0978599803495393,0.1240396298071601,2,Bear
2020-08-06,0.013186741026147,0.0066622467854797,0.0055707756287666,22.64999961853028,0.1167676761983302,0.0967724492382035,0.1265853019603292,2,Bear
2020-08-07,-0.0160128290476961,0.0007179893090355,-0.0066887287889259,22.209999084472656,0.1130273229931308,0.0869010840438831,0.1454198162773711,2,Bear
2020-08-10,-0.003464953471448,0.0029841320515056,-0.0044841375966672,22.1299991607666,0.1099637985021317,0.0864510581210179,0.1460659366007772,2,Bear
2020-08-11,-0.0551897267189793,-0.0082890408210671,-0.0119559778686609,24.030000686645508,0.1094429791217416,0.0965547945315244,0.2563050855917883,2,Bear
2020-08-12,-0.0046791324113835,0.0138462330278634,-0.009137049513234,22.280000686645508,0.1106316928911227,0.1015540809194823,0.2575249208707591,2,Bear
2020-08-13,0.0233434744172065,-0.0018091592013233,-0.0107468562290777,22.1299991607666,0.1090724913472051,0.1068258925479975,0.2673893164350222,2,Bear
2020-08-14,-0.0043185272542077,2.983113809743034e-05,-0.0039142937552907,22.049999237060547,0.1075700818656693,0.1054995540610561,0.264807369867054,2,Bear
2020-08-17,0.0214619487753916,0.0031711503860482,0.0025089557986326,21.350000381469727,0.1075927921114922,0.1061480711609909,0.2715171441661795,2,Bear
2020-08-18,0.0089676735734032,0.0021582423048003,0.0071272593288697,21.51000022888184,0.1055689955711321,0.1091806945068035,0.2719822032225245,2,Bear
2020-08-19,-0.0320743828159301,-0.0041725526921658,-0.0062713206265213,22.540000915527344,0.1077497244686468,0.1107774051679029,0.2984021032698579,2,Bear
2020-08-20,0.0068901376532816,0.0031090611779392,0.0089983926945978,22.71999931335449,0.1069373979415783,0.1153481564508507,0.2953729717216755,2,Bear
2020-08-21,-0.0080431655428721,0.0035409715982336,0.005974450495148,22.540000915527344,0.0948290856704206,0.1092656715644143,0.2963155131227643,2,Bear
2020-08-24,-0.005674470685927,0.0100819894261034,-0.0016259087646136,22.3700008392334,0.0926972172836299,0.1092388692917963,0.2960213069817666,2,Bear
2020-08-25,0.0012147382641175,0.0034934319057776,-0.0076829113807015,22.030000686645508,0.09150709317173,0.1113125777272062,0.2879332091079709,2,Bear
2020-08-26,0.0117396673251376,0.009975535935754,-0.0038340127959568,23.270000457763672,0.0879131874304464,0.1076040394978999,0.2894624426745772,2,Bear
2020-08-27,-0.0116292867473596,0.0021841055411136,-0.0171551044370533,24.46999931335449,0.0824463105956409,0.1201424586513634,0.2907219868116421,2,Bear
2020-08-28,0.01723092629924,0.0064387072078883,-0.0007446275783055,22.959999084472656,0.0791835755828851,0.115809660272301,0.2963590132872481,2,Bear
2020-08-31,0.002383417194324,-0.0036289654583795,0.0066194710723142,26.40999984741211,0.0816440251050271,0.1201736525041203,0.2947366729668262,2,Bear
2020-09-01,0.0011895817224104,0.0093742536898982,0.0113724949045979,26.1200008392334,0.0834660406450961,0.1288753415532185,0.2947399124842135,2,Bear
2020-09-02,-0.0132186108730582,0.0143605892043928,0.0094751609717014,26.56999969482422,0.0918159439824375,0.1288619788630169,0.2874926789548917,2,Bear
2020-09-03,-0.0081372548733369,-0.0350206293400586,0.0028376929581705,33.599998474121094,0.1623527628444227,0.1270727054414969,0.2853913420790091,2,Bear
2020-09-04,0.0027564932922231,-0.0081979077068706,-0.0191709713684096,30.75,0.1649624975781264,0.1389771949599503,0.2803593181728083,2,Bear
2020-09-08,-0.0019287808618004,-0.0277034015400719,0.0061256719077259,31.459999084472656,0.1929302911458718,0.1409645030909549,0.2764081277875422,2,Bear
2020-09-09,0.0096614342302388,0.019555053229453,-0.0026907896616249,28.809999465942383,0.2045589846563805,0.1406546383043743,0.2795158262686358,2,Bear
2020-09-10,-0.0032283485242562,-0.0175163670468929,0.0050698050929778,29.709999084472656,0.2119715127702258,0.1372040661003137,0.2015807727662917,2,Bear
2020-09-11,-5.486155779261841e-05,0.0005091959460843,0.0021304807482528,26.8700008392334,0.2060707441495981,0.1340972708999344,0.2006713058202107,2,Bear
2020-09-14,0.0078616032777361,0.013085129226209,-6.037195094461262e-05,25.850000381469727,0.2112536706480207,0.1285695984293501,0.185424444629944,2,Bear
2020-09-15,-0.0023956152677241,0.0050396946714274,-0.0024360499433831,25.59000015258789,0.2119057399143349,0.1280684253051075,0.1849602485040019,2,Bear
2020-09-16,0.0028305733071044,-0.0039765730485614,-0.0029906147694493,26.040000915527344,0.2122034474665952,0.1282969003349192,0.1685538450494078,2,Bear
2020-09-17,-0.0055051210626851,-0.0088344633252952,0.0030519098276402,26.459999084472656,0.2142848307840635,0.126224637910907,0.165578040931935,2,Bear
2020-09-18,0.0013108491716183,-0.0115791079995962,-0.0031136146107423,25.82999992370605,0.2174425513483529,0.1247584549385758,0.1222028940706271,2,Bear
2020-09-21,-0.0202917894482728,-0.0111920571721211,0.0050615707537045,27.780000686645508,0.2198760072961159,0.1218960801920328,0.1387500229222823,2,Bear
2020-09-22,-0.004858095828927,0.0101328137103507,-0.0007905951465945,26.86000061035156,0.2229181138594906,0.1198273261745897,0.1371551710254779,2,Bear
2020-09-23,-0.0218433353688173,-0.023463952436972,0.0013380235848285,28.57999992370605,0.2317991081121427,0.1199170296044811,0.1545870567943314,2,Bear
2020-09-24,0.003711903089591,0.0026617787177171,0.003823300565244,28.51000022888184,0.2315363083038609,0.1176684365846424,0.1554125043487991,2,Bear
2020-09-25,-0.0028540460781505,0.0160378181287523,0.0,26.3799991607666,0.2366315488752331,0.1167638459459259,0.1477284854721058,2,Bear
2020-09-28,0.0100102901074218,0.0164728993845534,-0.002850281514495,26.190000534057617,0.2451897991810356,0.0988541812271604,0.1494054836020207,2,Bear
2020-09-29,0.0083970483856554,-0.0054608711603705,0.0011528044320457,26.270000457763672,0.243622173501853,0.0986383497342359,0.1383968241145709,2,Bear
2020-09-30,-0.0060229690479587,0.0075533214266176,-0.0096315158723498,26.3700008392334,0.2459508394638107,0.1032229320468975,0.1383898788683426,2,Bear
2020-10-01,0.008880963695329,0.0063992992160474,0.001648279032773,26.700000762939453,0.2444565474393674,0.0953559925326444,0.143127502385615,2,Bear
2020-10-02,-0.0008957769408936,-0.0095395694824543,-0.0037408924588887,27.6299991607666,0.2382952440971476,0.0894485665884504,0.1368181403912971,2,Bear
2020-10-05,0.00486108169631,0.0175775369897438,-0.019732947279993,27.959999084472656,0.2183335776874428,0.1099434421563998,0.1357707454941794,2,Bear
2020-10-06,-0.0118304795506926,-0.0143179313797725,0.0053746141489215,29.479999542236328,0.2220179467950397,0.092589401293165,0.1407331087450039,2,Bear
2020-10-07,-0.0004513247853353,0.0172568275739877,-0.0073196211232224,28.059999465942383,0.2077558273609977,0.0919382313106406,0.1407233679025148,2,Bear
2020-10-08,0.0035486272055745,0.0088233484532382,0.0053860710111072,26.36000061035156,0.1989875772823177,0.0945866652067046,0.1363694702691796,2,Bear
2020-10-09,0.0179983999668155,0.0088908389477416,-0.0001877958676925,25.0,0.1892383434517749,0.0921363264588835,0.1516928393810567,2,Bear
2020-10-12,-0.0028758136916343,0.0159593732045173,0.0031811822277104,25.06999969482422,0.1951763342010274,0.0926762027514869,0.1519355472315207,2,Bear
2020-10-13,-0.0158538340515832,-0.006547288063167,0.0071347728850064,26.06999969482422,0.1939085856916694,0.0969347619014436,0.1576033390044267,2,Bear
2020-10-14,0.003089993993611,-0.0063034115892968,0.0022851885665742,26.39999961853028,0.1954987303576419,0.09727597732084,0.1584089971047285,2,Bear
2020-10-15,0.0036394894007114,-0.0012366067617417,-0.0017284718289326,26.96999931335449,0.1948023976222736,0.0969698493737661,0.1587033914362929,2,Bear
2020-10-16,-0.0034712263457632,-0.0006043261386188,-0.0027845494091512,27.40999984741211,0.1914138301362838,0.0964127027620639,0.1581840082457084,2,Bear
2020-10-19,0.0005046193567768,-0.0153202919344377,-0.0037867546439389,29.18000030517578,0.1951084607296656,0.0966496113064201,0.1580455222824819,2,Bear
2020-10-20,0.0048093181379983,0.0039977054985603,-0.0095617010830223,29.350000381469727,0.1895684991585865,0.0987841013444725,0.1431958855950604,2,Bear
2020-10-21,0.0075031952989223,-0.0018949339665343,-0.0034601240707171,28.64999961853028,0.1879035841401791,0.0989866844991485,0.1443872845727317,2,Bear
2020-10-22,-0.0098490306396271,0.0054706957205948,-0.0104512883833395,28.11000061035156,0.1642036523512636,0.1029336365758784,0.1257597091971641,2,Bear
2020-10-23,-0.0010630400237792,0.003389184425075,0.0060943394409201,27.549999237060547,0.1641964629912637,0.1048777850874608,0.1255921528602076,2,Bear
2020-10-26,-0.0005039129828936,-0.0186525016408096,0.0092602966175051,32.459999084472656,0.1736487877448158,0.1118301455209579,0.1249786558894762,2,Bear
2020-10-27,0.0026288641762707,-0.0034535914348306,0.0066864789472789,33.349998474121094,0.1655595349475076,0.1153180747597212,0.1207989264437885,2,Bear
2020-10-28,-0.0162751688416432,-0.0347764762946234,0.0009339037871203,40.27999877929688,0.2053746162788248,0.1152654419802765,0.130623181181504,2,Bear
2020-10-29,-0.0041533413265921,0.0101118502168669,-0.009754491363226,37.59000015258789,0.2068755402526458,0.1153800272450766,0.1297947601312487,2,Bear
2020-10-30,0.0045506510418401,-0.0104792676809703,-0.0099145674944321,38.02000045776367,0.2078342682193306,0.1187282111268695,0.1266959571375919,2,Bear
2020-11-02,0.0096581288485121,0.0111458942789841,0.0074622634410957,37.130001068115234,0.2101014574624056,0.122603127415323,0.1316384227593903,2,Bear
2020-11-03,0.0056609432999779,0.0175016781386722,-0.005818322604316,35.54999923706055,0.2100192646014043,0.1041685533729479,0.1320519858506367,2,Bear
2020-11-04,-0.0005590140649358,0.022103406068083,0.021460053219284,29.56999969482422,0.217640719317232,0.1278527327731176,0.1250557072640678,2,Bear
2020-11-05,0.0227237716990557,0.0193148974972158,0.0017373466491,27.57999992370605,0.2196602418325618,0.1249177942579997,0.1469114361741235,2,Bear
2020-11-06,0.0014203529597109,-0.0002283441678257,-0.0121586925311707,24.86000061035156,0.2179890969072048,0.1312073123915401,0.1467242043305924,2,Bear
2020-11-09,-0.0452808561434652,0.0124874287628976,-0.0212392784763356,25.75,0.2200020948260093,0.1501592731073678,0.2076647747058484,2,Bear
2020-11-10,0.0033073065556014,-0.0014676654256098,-0.0057831855185628,24.799999237060547,0.2132987652566709,0.1501025399676384,0.208291506197084,2,Bear
2020-11-11,-0.0043359822093023,0.0074012488173781,0.0036029667332751,23.450000762939453,0.2131980714697596,0.1479998377925561,0.2018810916176665,2,Bear
2020-11-12,0.0060423875087803,-0.0097485971479697,0.0168741626388975,25.350000381469727,0.214987472799957,0.1610728618151242,0.2028475763585038,2,Bear
2020-11-13,0.0067965650900321,0.0137498180686648,-0.0013272814315285,23.100000381469727,0.2194922656531325,0.1610579818710108,0.2039747727863706,2,Bear
2020-11-16,-5.650286865533134e-05,0.0124051103521317,-0.0024054020879051,22.450000762939453,0.2225771616018546,0.1610117091055633,0.2036846502129551,2,Bear
2020-11-17,-0.003675920484188,-0.0053926081965137,0.0065068827562242,22.709999084472656,0.2153544865999987,0.1627273172858925,0.2039890604761594,2,Bear
2020-11-18,-0.0057387838459729,-0.012108009848258,0.002892440790442,23.84000015258789,0.2211148821906714,0.1597146727869568,0.20379766917442,2,Bear
2020-11-19,-0.001882229686957,0.0042015138640139,0.0051349139999769,23.11000061035156,0.2208548685255427,0.1601045471854277,0.2014377447962278,2,Bear
2020-11-20,0.0030212294326437,-0.0068716475460058,0.0088312561572675,23.700000762939453,0.2225754800694831,0.1574489115899977,0.1996068835968845,2,Bear
2020-11-23,-0.0198903242321278,0.0059769458753853,-0.004592511000501,22.65999984741211,0.2230383161417352,0.1577728903388044,0.2102394920363982,2,Bear
2020-11-24,-0.0154470302795277,0.0159850500109018,-0.0100019177988388,21.63999938964844,0.2155950690568316,0.1589802514832675,0.2154407183227257,2,Bear
2020-11-25,-0.0004718480371509,-0.0015428457424401,-0.0030829506255225,21.25,0.214949201715892,0.1573646892786957,0.214786158832422,2,Bear
2020-11-27,-0.0101987322361653,0.0027809147233699,0.0096587031035679,20.84000015258789,0.1645337594431551,0.1612261364964918,0.2109076570742188,2,Bear
2020-11-30,-0.0066973589201171,-0.004436797846409,-0.001249567701717,20.56999969482422,0.1666667354984481,0.1574510095974602,0.2113714306386177,2,Bear
2020-12-01,0.0208408588153641,0.0108778124770675,-0.0148542554286516,20.770000457763672,0.1588509053158646,0.1623478994488254,0.2252297409302082,2,Bear
2020-12-02,0.0074933850243151,0.0021016776001091,-0.007967746053607,21.170000076293945,0.1578404014874311,0.1623045647808163,0.2239810261087147,2,Bear
2020-12-03,0.0078426685305537,-0.0002727143560255,0.0080315135843761,21.280000686645508,0.1520098551337339,0.1638382156092413,0.2250167424477319,2,Bear
2020-12-04,-0.0028394550265411,0.0085806113631212,-0.0147743239743779,20.790000915527344,0.1385136437207128,0.151676448165858,0.225015511995311,2,Bear
2020-12-07,0.0148039454595147,-0.0020569768705512,0.0089801165803909,21.299999237060547,0.127110973754456,0.1557776385960311,0.2156329532837168,2,Bear
2020-12-08,0.0034818415347374,0.0029219860336866,0.0047139845096963,20.68000030517578,0.1267280202080723,0.1519828304238782,0.2161794199465292,2,Bear
2020-12-09,-0.0172418064345061,-0.0090093850412226,-0.0033098820492191,22.270000457763672,0.1275704220832143,0.1327376477785366,0.1600500250797681,2,Bear
2020-12-10,-0.0019148863181888,-0.0003272485419029,0.0088243918420028,22.520000457763672,0.1272831820687363,0.1339700357007076,0.1594208077413447,2,Bear
2020-12-11,0.0018569454695868,-0.0011731762851018,0.0035328925132801,23.309999465942383,0.1258823890794181,0.1339529380952951,0.1592095365906231,2,Bear
2020-12-14,-0.0055228591993228,-0.0044872036170841,-0.0027747027188671,24.71999931335449,0.1213170200631583,0.1212535648295732,0.1581112100686498,2,Bear
2020-12-15,0.0138939897740396,0.0134288222944822,-0.0033532568855405,22.88999938964844,0.1209136926048281,0.1217427998945291,0.1644259987301191,2,Bear
2020-12-16,0.005503920929853,0.001568191190829,-0.0026649439979204,22.5,0.1142469713836928,0.1218091041349295,0.1658957638381992,2,Bear
2020-12-17,0.0104654100429557,0.0055764473987659,-0.0026496574819207,21.93000030517578,0.1128384876314519,0.1196889511193846,0.1697883611412157,2,Bear
2020-12-18,-0.0016988680965652,-0.0040008551861283,-0.0030020963637113,21.56999969482422,0.1036293091444234,0.1193198615080955,0.1686211996510358,2,Bear
2020-12-21,-0.0031789169989821,-0.0035821309826904,0.0039587944512644,25.15999984741211,0.1049470413617017,0.118651813076776,0.168888102379239,2,Bear
2020-12-22,-0.0079345071833982,-0.001686756457287,0.005146877276837,24.229999542236328,0.1011894327057639,0.115510771571476,0.1708313327527201,2,Bear
2020-12-23,0.0066258790722755,0.0008981381236271,-0.0069331002088729,23.309999465942383,0.1000535952536314,0.1167011821614456,0.1566775386269522,2,Bear
2020-12-24,0.0039773473286313,0.0038829631886344,0.0039494139826025,21.530000686645508,0.0857907390551168,0.1132978315148555,0.1451067709644711,2,Bear
2020-12-28,-0.0036357443125672,0.0085542402755606,0.0004453817218816,21.700000762939453,0.0891518944211082,0.1129302784183222,0.1461578559889928,2,Bear
2020-12-29,0.0036357443125671,-0.0019096016575829,-0.0012716300872048,23.07999992370605,0.0897385266062124,0.1069764319511637,0.1396670607514398,2,Bear
2020-12-30,0.0076260266946551,0.0014257353555881,0.0021606490027822,22.770000457763672,0.0873552097174295,0.1074551223663622,0.136733893459748,2,Bear
2020-12-31,0.0037072651943418,0.0050679921624495,0.0014595063756325,22.75,0.0816191054330832,0.0943608309761449,0.120573694482708,2,Bear
2021-01-04,0.0220142589123479,-0.0137076323187787,-0.0012058759875589,26.96999931335449,0.0964747217194425,0.0898590050429132,0.1378123734619813,2,Bear
2021-01-05,0.0029572490918935,0.0068638404907239,-0.0074541406918878,25.34000015258789,0.0989267173007892,0.0893882141079979,0.1366509590311729,2,Bear
2021-01-06,-0.0163743841563195,0.0059605552601358,-0.0207415314664527,25.06999969482422,0.0967224982909802,0.1029303726026048,0.1508618935177099,2,Bear
2021-01-07,-0.0023373497260989,0.014748170010543,-0.0088534774568609,22.3700008392334,0.1076409251905147,0.1005710633874051,0.1441386564927304,2,Bear
2021-01-08,-0.034808794723662,0.0056816673816386,-0.0032329903416005,21.559999465942383,0.1085286223892687,0.0981939237709963,0.1902647834725058,2,Bear
2021-01-11,-0.0019633680816781,-0.0067638493728873,-0.0016533601899181,24.07999992370605,0.1060101264860486,0.0980422515589279,0.1805284597186207,2,Bear
2021-01-12,0.0064530941435164,0.0002112853292444,-0.0007948920571294,23.32999992370605,0.1058957484500525,0.0903570751233078,0.1816533511556743,2,Bear
2021-01-13,-0.0043166778076138,0.0026893995021925,0.0111991233309604,22.209999084472656,0.1054006916297313,0.0998735293503869,0.1823453973639685,2,Bear
2021-01-14,-0.0005192346256867,-0.0035081299097837,-0.0094123422629804,23.25,0.1047024797916978,0.1032605781400396,0.1811721278474551,2,Bear
2021-01-15,-0.0124852460858674,-0.0073192284525704,0.003960550091306,24.34000015258789,0.1006868545109458,0.1052649774798348,0.1796025038202428,2,Bear
2021-01-19,0.0084373775679232,0.0078211439861177,0.0032218240877846,23.239999771118164,0.1034368938810569,0.106615042077558,0.1811753863363105,2,Bear
2021-01-20,0.0161511546000279,0.0137436409911435,0.0009842932234063,21.57999992370605,0.1112819135250031,0.10686832534947,0.1865557662931355,2,Bear
2021-01-21,-0.0006273739671711,0.0009115862726366,-0.0070431443693784,21.31999969482422,0.1094131191144325,0.1085651996541161,0.1864961607006176,2,Bear
2021-01-22,-0.0079043020605179,-0.0035457682604093,0.003232035878866,21.90999984741211,0.1093902161032576,0.1081306366198738,0.1881220617351666,2,Bear
2021-01-25,0.0008622455288576,0.0039360111026038,0.0117166518467643,23.190000534057617,0.108796043301753,0.1154173421436163,0.1862232778696935,2,Bear
2021-01-26,-0.0024736569511458,-0.001562313016819,-0.0018890879853458,23.020000457763672,0.1094910847995879,0.1135966417420435,0.1847316675647356,2,Bear
2021-01-27,-0.0063557782954412,-0.0247439530040849,0.0025397807168174,37.209999084472656,0.1431940277957084,0.1129240792682421,0.1850060840015936,2,Bear
2021-01-28,0.0009269317276355,0.0085635488328273,-0.0055431876135542,30.209999084472656,0.143200470221378,0.1138083695694687,0.1848763190901698,2,Bear
2021-01-29,-0.0004054103376829,-0.0202229127556255,-0.0060344879630066,33.09000015258789,0.1604127045365102,0.1149504510944527,0.1841755051609793,2,Bear
2021-02-01,0.0093415229782414,0.0165087593396915,0.0011586411925003,30.239999771118164,0.1705050654311267,0.1145903809508886,0.1852828562654059,2,Bear
2021-02-02,-0.0122424300846774,0.0140409194439129,-0.0064684967568447,25.559999465942383,0.1762443318722774,0.1151801627770666,0.1884540733320536,2,Bear
2021-02-03,-0.001511772015805,0.0007861763909959,-0.008912616527931,22.90999984741211,0.1679973029834842,0.1175672761383496,0.167625562515472,2,Bear
2021-02-04,-0.0217656369241351,0.0113016127489255,-0.0026758614147041,21.770000457763672,0.1704162299784146,0.1161261876120998,0.1784218750284289,2,Bear
2021-02-05,0.0098237486926909,0.0039282994670873,-0.0084085862176715,20.8700008392334,0.1699461266785153,0.0976412506785472,0.1786013624288407,2,Bear
2021-02-08,0.0100197522109129,0.0071954714841043,0.0043811684830024,21.239999771118164,0.1646099107874069,0.0959457676547647,0.1840078543911556,2,Bear
2021-02-09,0.0032595928083516,-0.0006658281570502,0.0007395883757518,21.6299991607666,0.164002923253527,0.0957345707923817,0.141169190928069,2,Bear
2021-02-10,0.0036544306292798,-0.0004357279872762,0.0066314935452738,21.989999771118164,0.1616227070253786,0.0989934264200125,0.141699282444417,2,Bear
2021-02-11,-0.0087230137985228,0.0016137463965582,-0.0054894356649034,21.25,0.161564528330097,0.1005803889408912,0.1426323848223004,2,Bear
2021-02-12,-0.0030418523515484,0.0049276197218339,-0.0124972814541911,19.96999931335449,0.1619615487393408,0.0991094561411102,0.1423046247875665,2,Bear
2021-02-16,-0.0144574960341956,-0.0008663378766552,-0.0153443450834984,21.459999084472656,0.1611715205496141,0.1067570450246057,0.1500123787143961,2,Bear
2021-02-17,-0.0114177862341961,0.0002293535544377,0.0063308119007499,21.5,0.1579316155268545,0.1087187816554025,0.149061546240174,2,Bear
2021-02-18,-6.0090224343136566e-05,-0.0042649614565109,-0.0040550058297602,22.489999771118164,0.157935384278372,0.1073340872388287,0.1448757370201525,2,Bear
2021-02-19,0.0041399703856312,-0.0017675870503556,-0.0133811627334546,22.049999237060547,0.1517981561026855,0.1132985037346738,0.1315256806241042,2,Bear
2021-02-22,0.0148582317519616,-0.0077214056267081,-0.0076375822842812,23.450000762939453,0.154606238385672,0.1135903806569659,0.1443662302342498,2,Bear
2021-02-23,-0.0023033964742125,0.0012134468653579,-0.0028873259136547,23.11000061035156,0.1539750651971972,0.1113612758009118,0.1425741499894113,2,Bear
2021-02-24,-0.0007097783269727,0.010959280722576,-0.006581744358066,21.34000015258789,0.1577839437770121,0.097618604558884,0.1423738289108774,2,Bear
2021-02-25,-0.0189958080653072,-0.0243908477658507,-0.0164649349527247,28.88999938964844,0.180469401508734,0.1061512097536399,0.1548942866955507,2,Bear
2021-02-26,-0.0244801145341545,-0.0051660634036681,0.0325236314748481,27.950000762939453,0.1582735761738913,0.1661179298883638,0.1727347934804682,2,Bear
2021-03-01,-0.0017319159550744,0.0239510965711023,-0.0132949456723493,23.350000381469727,0.1758447290874931,0.1695352155616133,0.1722078610647178,2,Bear
2021-03-02,0.0054331483665202,-0.0078338200475027,7.076506548774961e-05,24.100000381469727,0.1612029203691114,0.1698093331980588,0.1745641063690611,2,Bear
2021-03-03,-0.0110827283745206,-0.0133342440537392,-0.0109051935986252,26.670000076293945,0.1606788209279183,0.1708311450036137,0.1708144090143126,2,Bear
2021-03-04,-0.0098855956672333,-0.0124518550161734,-0.0064706160076605,28.56999969482422,0.1590649768586118,0.1708315285764359,0.1695498297080379,2,Bear
2021-03-05,0.0006286134207733,0.0182295535891151,0.0019456368500968,24.65999984741211,0.1719484824030478,0.1710505508896548,0.1700688993990579,2,Bear
2021-03-08,-0.0104223150481412,-0.0049915120125948,-0.0078051018801863,25.46999931335449,0.1679360310480875,0.1716614506619097,0.1590334915903139,2,Bear
2021-03-09,0.0210480601944894,0.0141769094919361,0.0137622843735925,24.030000686645508,0.174987547872349,0.1809957390341319,0.1745402598700473,2,Bear
2021-03-10,0.0050853276984302,0.0062049680489589,0.0020021481287436,22.559999465942383,0.1745025919427416,0.1800100604667778,0.1708484818220562,2,Bear
2021-03-11,-0.0008663865026826,0.0100882253374895,-0.0072393999342763,21.90999984741211,0.1780148244102999,0.1801549512996482,0.1695919843640232,2,Bear
2021-03-12,-0.0001857451996914,0.0013459141580837,-0.0214500858491738,20.690000534057617,0.178016603667628,0.1870168474806021,0.1682049825235713,2,Bear
2021-03-15,0.0043868676100483,0.0059457327255092,0.0058627920759613,20.030000686645508,0.1789930151956177,0.1903779120098547,0.1689089992366916,2,Bear
2021-03-16,0.0009244132771239,-0.0012621644694427,-0.0040271526225779,19.790000915527344,0.1784298666707181,0.1878457671983576,0.1693289570681131,2,Bear
2021-03-17,0.0071195808075622,0.0034043515379101,-0.0075110905493786,19.229999542236328,0.1786626503096945,0.1835724319715902,0.1664183224307551,2,Bear
2021-03-18,-0.0058269675795917,-0.0146565477100953,-0.01017783056904,21.57999992370605,0.1863272001159268,0.1816700604355611,0.1632569504443206,2,Bear
2021-03-19,0.0041743948168263,-0.0018519004197204,0.0061784678224747,20.950000762939453,0.1858361472549887,0.1850489087334058,0.1642500807312358,2,Bear
2021-03-22,-0.0014713433816878,0.007952976907587,0.0111437539899025,18.8799991607666,0.1877095984293761,0.1880254840780367,0.1632319000488505,2,Bear
2021-03-23,-0.0073274084831506,-0.0079018873643428,0.0089862556609181,20.299999237060547,0.1878098169516223,0.1909110240725902,0.1536136289375971,2,Bear
2021-03-24,0.0034548592032761,-0.0050964543112362,0.0053675453506605,21.200000762939453,0.1887598617909547,0.1923134325836513,0.1548613285259121,2,Bear
2021-03-25,-0.0036402714825327,0.0056098893023322,-0.0079161741217633,19.809999465942383,0.1857892303161706,0.1928434231620384,0.1549008289980877,2,Bear
2021-03-26,0.0028393742167224,0.0159865027221049,-0.0035064685653765,18.86000061035156,0.171353252865149,0.1849925449115814,0.1428538211453291,2,Bear
2021-03-29,-0.0119673287887777,-0.0005052901642535,-0.0085245141914685,20.739999771118164,0.1697096408116921,0.1420738490633226,0.1220436621709724,2,Bear
2021-03-30,-0.0172395750160292,-0.0026565978092186,0.0052260577792858,19.61000061035156,0.1503686881635404,0.1388719398026996,0.1352183854938864,2,Bear
2021-03-31,0.0150539754945091,0.0040452433161617,-0.0055950162593054,19.39999961853028,0.1473946951404366,0.139365147143778,0.1449087054546299,2,Bear
2021-04-01,0.0125490184935917,0.0107410781783785,0.0164608316909438,17.329999923706055,0.1406190474413741,0.1490771315546128,0.1467348237530489,2,Bear
2021-04-05,-0.0003704696536619,0.0142512967256727,-0.0043725213654328,17.90999984741211,0.1351798819969505,0.1482165828035472,0.1419538922941436,2,Bear
2021-04-06,0.0079966167292692,-0.0005908528496312,0.0067696042344843,18.1200008392334,0.1251551887171394,0.1501622340160358,0.144084686191168,1,Bull
2021-04-07,-0.0028223021365765,0.0011566053991932,-0.0069890559329919,17.15999984741211,0.1220640465944919,0.1496743610284111,0.1386598850806204,1,Bull
2021-04-08,0.0106946358568615,0.0047354719892091,0.0082218245491051,16.950000762939453,0.1155354834719279,0.1442650117865429,0.1242185526281646,1,Bull
2021-04-09,-0.0075660269341201,0.0072439957447449,-0.0036298514851645,16.690000534057617,0.1159864982945414,0.1443395931828942,0.1267760720227859,1,Bull
2021-04-12,-0.0060820674901002,0.0003644852333526,-0.0004365765655685,16.90999984741211,0.1131020968568759,0.1424243967423489,0.1287420302321074,1,Bull
2021-04-13,0.0070614884732901,0.0029592287785939,0.0074655183853064,16.649999618530273,0.1130690174977502,0.1226056087710885,0.1308817488368679,1,Bull
2021-04-14,-0.0043537794872208,-0.0034208319248023,-0.00318261172305,16.989999771118164,0.1139937208031389,0.1219990740805359,0.1311708813452622,1,Bull
2021-04-15,0.0160335365383925,0.0106851241456195,0.0165962734051378,16.56999969482422,0.117246140112737,0.1328475114706711,0.1422644151043531,1,Bull
2021-04-16,0.0060295628147861,0.0033368477209734,-0.0077969071746136,16.25,0.1172397973823142,0.1330940540894889,0.1417102939063502,1,Bull
2021-04-19,-0.0027691247303623,-0.0049252105475412,-0.0028759943938816,17.290000915527344,0.1033226286448965,0.1273406824189457,0.140291884603715,1,Bull
2021-04-20,0.0035502419969409,-0.0073483362886152,0.0045984310582389,18.68000030517578,0.1081865371412848,0.1267709474951187,0.140128575944361,1,Bull
2021-04-21,0.0098623623108536,0.0094173497930055,0.0020051107435209,17.5,0.1091972557739924,0.1220721780647167,0.1431430229825664,1,Bull
2021-04-22,-0.0065042542316209,-0.0091749571209233,0.0043542042979851,18.709999084472656,0.1108410212539488,0.1194131827075412,0.142532281287528,1,Bull
2021-04-23,-0.0038387727937765,0.0107839535333629,-0.0023531703917584,17.329999923706055,0.1104072577177864,0.11889721964785,0.1435173550122147,1,Bull
2021-04-26,0.0026407556715896,0.0020854460535257,-0.0014287814371399,17.639999389648438,0.1102180859251908,0.115040867475698,0.1425119947891539,1,Bull
2021-04-27,-0.002520544909244,-0.0002155018450806,-0.0087613159226997,17.559999465942383,0.1005772856540628,0.1190065493295242,0.1430698716765399,1,Bull
2021-04-28,0.002940064461277,-0.000287329772687,0.0006484268233805,17.280000686645508,0.1004974181661159,0.1141419151624253,0.1348516748925358,1,Bull
2021-04-29,-0.0041425474621681,0.0063525908009186,-0.0029593267511912,17.610000610351562,0.0994765527214776,0.1140141000559445,0.1179806669286608,1,Bull
2021-04-30,-0.0033747021924852,-0.0065923955103744,0.0023108999278105,18.61000061035156,0.1047045032067062,0.1116949492522131,0.110388277487211,1,Bull
2021-05-03,0.0128948551881409,0.0021544560719787,0.000599068017989,18.309999465942383,0.1002739249161616,0.0968727988602765,0.110823472147399,1,Bull
2021-05-04,-0.007356686965198,-0.006188306801279,0.0067630094050266,19.479999542236328,0.0937104163139995,0.0976113498676474,0.1150181992418073,1,Bull
2021-05-05,0.0041336133669812,0.0003126096433815,0.0016479362079356,19.14999961853028,0.0935604455059942,0.095349086519101,0.1129660790055466,1,Bull
2021-05-06,0.0165420027352803,0.0079541820285952,0.0016456112750138,18.38999938964844,0.0965142629413421,0.0911704027727188,0.1237508473023589,1,Bull
2021-05-07,0.0089565873538219,0.0072513909529165,-0.0049443979719825,16.690000534057617,0.0979791783532628,0.0896355709101261,0.1223667313812692,1,Bull
2021-05-10,0.0030259218728549,-0.0099516065065577,-0.0101782265931936,19.65999984741211,0.1033678467153443,0.0960664981988597,0.1173235588848763,1,Bull
2021-05-11,0.0001742848474817,-0.0089648102798943,-0.0056754882227695,21.84000015258789,0.1087095731837449,0.0981790827323461,0.1134890117182276,2,Bear
2021-05-12,-0.0099834834134529,-0.0214742027212332,-0.0105637812409843,27.59000015258789,0.1316894217837088,0.1005733852626065,0.1205796775124356,2,Bear
2021-05-13,0.0040989178599215,0.0119408603350302,0.0015474970476411,23.1299991607666,0.1385110246012756,0.1005738726625956,0.118507551353152,2,Bear
2021-05-14,0.009074563611959,0.0152386710275348,0.0093081720112485,18.809999465942383,0.1437907999656614,0.0870333678516181,0.110608521948389,2,Bear
2021-05-17,0.0115721059373621,-0.0025476904418462,-0.0021179713227009,19.71999931335449,0.1435567831349224,0.0836460920734331,0.1147003265998385,2,Bear
2021-05-18,0.0019442812059788,-0.0086529589644073,-0.0025619603302506,21.34000015258789,0.145668393042484,0.0835540784116361,0.1132114623708514,2,Bear
2021-05-19,0.0006853819629941,-0.00262533184343,-0.0024219976635811,22.18000030517578,0.1437260467821471,0.0813844002209405,0.1133295731512351,2,Bear
2021-05-20,0.0045568717957412,0.0107004668502946,0.0081953073626388,20.670000076293945,0.1448666312574043,0.0869936170472767,0.1103918893169088,2,Bear
2021-05-21,0.0004544691684223,-0.0008190902794541,0.0032010041726406,20.14999961853028,0.141107377803347,0.086219840673349,0.1060507592125871,2,Bear
2021-05-24,0.0017594874877142,0.0101426260625361,0.0036976639969063,18.39999961853028,0.1405237039207239,0.0874403719003982,0.1035796709322368,1,Bull
2021-05-25,0.0090319035143782,-0.0022212585927744,0.0092206312714373,18.84000015258789,0.1406172106860806,0.0936871207007083,0.10582444507771,1,Bull
2021-05-26,-0.0017435678186662,0.001982934401285,-0.0017221539282247,17.360000610351562,0.1407667639942359,0.0884847503694004,0.105340391550251,1,Bull
2021-05-27,0.0003940189892895,0.0005245188104589,-0.0040306235270064,16.739999771118164,0.1407611537251242,0.089707765712275,0.1057595798504053,1,Bull
2021-05-28,0.0037630876338542,0.0017871741991079,-0.0015876963170788,16.760000228881836,0.1391319973386184,0.0892535082100771,0.1025426119144026,1,Bull
2021-06-01,-0.0026945732480542,-0.0008812755063555,-0.0002245185453289,17.899999618530273,0.1371155121458098,0.0888975604736739,0.1020052674206376,1,Bull
2021-06-02,0.0048785269631015,0.0015715738025738,0.0023124029548565,17.479999542236328,0.1370293981683949,0.0892428430508995,0.0962134485174595,1,Bull
2021-06-03,-0.0197724208646648,-0.0037183191890037,-0.0037602282445368,18.040000915527344,0.1358308673882877,0.08671083083042,0.1197964340723011,1,Bull
2021-06-04,0.0107256332646573,0.009104168484345,0.0136014761585289,16.420000076293945,0.1391658148352511,0.0992930118316988,0.1231139834439277,1,Bull
2021-06-07,0.0039996192096109,-0.0009703499466759,-0.0030782852936158,16.420000076293945,0.1367809339346574,0.0997379436826966,0.1126098235870275,1,Bull
2021-06-08,-0.0030968677538627,0.0002130409137537,0.0070013652514559,17.06999969482422,0.1344618137524286,0.1009812163847909,0.1111455268054351,1,Bull
2021-06-09,-0.0019193434836643,-0.0014931703003049,0.0087909153240339,17.889999389648438,0.1296667344572745,0.097048417963301,0.1116451293791179,1,Bull
2021-06-10,0.0042851315176653,0.0046374560085505,0.0059806108538417,16.100000381469727,0.1257638133622935,0.0947323293853443,0.112017110077814,1,Bull
2021-06-11,-0.0113161778909122,0.0016513056740378,-0.0016148493829412,15.649999618530272,0.0953777768863137,0.0843500736227961,0.1138227903761189,1,Bull
2021-06-14,-0.0058781664100421,0.0022365404465987,-0.0076888319816461,16.389999389648438,0.0885296521929249,0.0912673319879458,0.1161331251511428,1,Bull
2021-06-15,-0.0037848631237422,-0.0018360324227695,-0.0012042969004618,17.020000457763672,0.0742555802056214,0.0877548532712217,0.1133582351915632,1,Bull
2021-06-16,-0.0170360036803554,-0.0055990039773556,-0.0008514353164052,18.14999961853028,0.0767483208596835,0.0872180483613367,0.1208216226839188,1,Bull
2021-06-17,-0.0312228259164103,-0.0003316706219089,0.0148612612396755,17.75,0.0689174375689457,0.0973215252823338,0.1592077118461453,1,Bull
2021-06-18,-0.0055627051424659,-0.013582151758425,0.018631520507136,20.700000762939453,0.0850377445111928,0.1107957329920453,0.1590700716884215,1,Bull
2021-06-21,0.012173251058176,0.014214507026441,-0.016885404291426,17.889999389648438,0.0909501420264424,0.1293954334669498,0.1656020067428955,1,Bull
2021-06-22,-0.004201668574228,0.0053319571665345,0.0024397023138183,16.65999984741211,0.0920671495991318,0.1293426208082526,0.1653395591409114,1,Bull
2021-06-23,-0.0006618767987564,-0.0012062037806987,-0.0025791413353543,16.31999969482422,0.0862046284535614,0.1301844618354308,0.1647237339651274,1,Bull
2021-06-24,-0.0006021199876096,0.0058983920568056,0.0016040372370231,15.970000267028809,0.0875022812886403,0.1273504115350475,0.1592653538896211,1,Bull
2021-06-25,0.0033069991892593,0.0035457071963151,-0.0104377542697403,15.619999885559082,0.0879057037739837,0.1334976689340112,0.160839943306236,1,Bull
2021-06-28,-5.999643961855651e-05,0.0020140012181276,0.0102289259466448,15.760000228881836,0.0879546066303448,0.1358276188047908,0.16072480458772,1,Bull
2021-06-29,-0.0105610346472273,0.0005380477330295,0.0016710968446058,16.020000457763672,0.0879337124047049,0.1353041556933336,0.1607001527188032,1,Bull
2021-06-30,0.0048417635922936,0.0008412997430947,0.0044433807182839,15.829999923706056,0.087667446169842,0.1353696650698294,0.163428308343955,1,Bull
2021-07-01,0.0034354496150826,0.005521293105569,5.5834228191145946e-05,15.479999542236328,0.0889938538538773,0.1355443009271646,0.1625811663228649,1,Bull
2021-07-02,0.0065369291506959,0.0076145262405915,0.0060161568145095,15.06999969482422,0.0896206959390504,0.1345709518692059,0.1546983889439666,1,Bull
2021-07-06,0.0049491878832175,-0.0018231984097916,0.0116531421476639,16.440000534057617,0.0863744172136949,0.132688709460684,0.1498255529142955,1,Bull
2021-07-07,0.003799573612682,0.0035277185080944,0.0088196765174725,16.200000762939453,0.0862864792290987,0.1329734239559171,0.1497178710313465,1,Bull
2021-07-08,-0.000652029388752,-0.0081813269429012,0.0039106076663826,19.0,0.0925600142916791,0.1322015682769134,0.1498352957321619,1,Bull
2021-07-09,0.0033150614410246,0.0106183026274481,-0.0141629225022642,16.18000030517578,0.0976219557783227,0.142506605128019,0.151132766477408,1,Bull
2021-07-12,-0.0012418718351821,0.0035755539140549,-0.0012973565338937,16.170000076293945,0.0972876375843139,0.1419563702370229,0.1493756402122301,1,Bull
2021-07-13,0.0013009357869861,-0.0034150145072865,-0.0076825878613626,17.1200008392334,0.0988546403509352,0.145056550852158,0.1462491731846355,1,Bull
2021-07-14,0.0106977573134754,0.0014911786662366,0.0112976430692707,16.329999923706055,0.0988093426635641,0.1455938025267821,0.1516000360282037,1,Bull
2021-07-15,0.0001754642548268,-0.0034212274604448,0.0109702269208459,17.010000228881836,0.0996066683110453,0.1483730339291649,0.15130745079671,1,Bull
2021-07-16,-0.009751038308664,-0.0078746882998197,-0.0018877586766173,18.450000762939453,0.1018770064611289,0.1487118879924701,0.1433676256020609,1,Bull
2021-07-19,0.0011798535126086,-0.0148779818927971,0.0216917205388543,22.5,0.116078583286451,0.1575106422487106,0.0897039545485643,2,Bear
2021-07-20,-0.0012979424872485,0.0142288099644823,-0.0096861159266107,19.729999542236328,0.1135400072668314,0.1520679207608105,0.0869050882484076,2,Bear
2021-07-21,-0.0037261902890749,0.0080636431806968,-0.0127480463724941,17.90999984741211,0.1068818487580549,0.1463547576166571,0.0788522755670979,1,Bull
2021-07-22,0.001953541186602,0.0020918229210507,0.00940874649911,17.690000534057617,0.1060132664566337,0.1488084986931711,0.0770775385863943,1,Bull
2021-07-23,-0.0031393408805519,0.0102354953639902,-0.0067113324119531,17.200000762939453,0.1098496903415422,0.1510701089683178,0.0781426927530258,1,Bull
2021-07-26,-0.0023758261058627,0.0024518519297256,-0.0029674468934457,17.579999923706055,0.1089197796381652,0.1519605508537461,0.0787510342870588,1,Bull
2021-07-27,0.0016636888817755,-0.0045679740923422,0.0106147493398013,19.36000061035156,0.1108444649426503,0.1484918116562078,0.0782445039207627,1,Bull
2021-07-28,0.0050335632022407,-0.0004101065232546,6.693726734867137e-05,18.309999465942383,0.1109834568263035,0.1460262029697572,0.0797391375136352,1,Bull
2021-07-29,0.0110440230200986,0.0041386759806133,-0.0055618005897329,17.700000762939453,0.111392986038227,0.1484054999972695,0.0761009987534926,1,Bull
2021-07-30,-0.0079181083097629,-0.0048682605547822,0.0046927084401849,18.239999771118164,0.1135029052575054,0.148465526723284,0.0822567870630924,1,Bull
2021-08-02,-0.0012374082182159,-0.0021002557743192,0.0088799880069545,19.459999084472656,0.1128721361485436,0.1503409298450294,0.0822420207596092,1,Bull
2021-08-03,-0.0007077270423842,0.0081027495597207,0.0005304714276808,18.040000915527344,0.1132563346098274,0.1497669934285318,0.0798543615421895,1,Bull
2021-08-04,0.0002359346694256,-0.0049310555410853,0.0020542148998192,17.969999313354492,0.1146692596208948,0.145519128548327,0.078290208262433,1,Bull
2021-08-05,-0.0039599222534518,0.0063128516440957,-0.0051107533002655,17.280000686645508,0.1159453952562238,0.1446159011950936,0.0786554260366494,1,Bull
2021-08-06,-0.0253087044773451,0.0016509283958548,-0.0168415220339557,16.149999618530273,0.1112641033255889,0.1563408510157642,0.1179184520392425,1,Bull
2021-08-09,-0.0178948160577297,-0.000813779513766,-0.0035929428389519,16.719999313354492,0.1060776879681272,0.1485500474581541,0.1300719979754219,1,Bull
2021-08-10,0.0003091474314937,0.0012431545567188,-0.0046286394601783,16.790000915527344,0.1055924175155885,0.1494445073579669,0.1303200615417766,1,Bull
2021-08-11,0.0136908280718836,0.002481829173651,-0.0006137794125764,16.170000076293945,0.1047352525171765,0.1467688461773088,0.1410024336053534,1,Bull
2021-08-12,0.0002438317714271,0.0029923161956995,-0.0016404913062334,15.59000015258789,0.1049731783233414,0.1414898758572482,0.1340963426287724,1,Bull
2021-08-13,0.0142241671635916,0.0018181978698983,0.0156728204720768,15.449999809265137,0.1037810888055044,0.146976780269694,0.1453162316004528,1,Bull
2021-08-16,0.0049758912626773,0.0023520514139112,0.0024203497741299,16.1200008392334,0.0984114404614219,0.1470087220664226,0.1434949729108294,1,Bull
2021-08-17,-0.001496155150116,-0.0065768808836631,-0.0004029548954781,17.90999984741211,0.0839335843872322,0.1246965897351402,0.1433715204934694,1,Bull
2021-08-18,0.0007783092556947,-0.0110054658922264,0.0033534470694793,21.56999969482422,0.0834693931398747,0.1210772990437412,0.1434513781381457,1,Bull
2021-08-19,-0.0029367165231408,0.0015474895327453,0.0073384868490861,21.670000076293945,0.0793629583640696,0.1145593953820962,0.1432638838792938,1,Bull
2021-08-20,0.0005400158455303,0.0079255058655923,0.00066392521738,18.559999465942383,0.0832427371823393,0.1102093685984997,0.1430286040273881,1,Bull
2021-08-23,0.012104007439095,0.0087580694719152,-0.0006639252173799,17.149999618530273,0.0812794155372927,0.1072499955436994,0.1493317378186714,1,Bull
2021-08-24,-0.0004742535717267,0.0015860054200692,-0.0078074516803316,17.219999313354492,0.0811109587441988,0.1105823118850347,0.1490879296177263,1,Bull
2021-08-25,-0.0069616096765641,0.002096113742312,-0.0083409922876796,16.790000915527344,0.0788653641004865,0.1080932428917788,0.1509584715414188,1,Bull
2021-08-26,0.0011338353884634,-0.0059205397054179,0.0027658253689139,18.84000015258789,0.0823925531081988,0.1086599296347384,0.1498317154990027,1,Bull
2021-08-27,0.0149177233226356,0.0089010626902225,0.0067804265952373,16.389999389648438,0.086379611353287,0.1095732383577863,0.1541181154194307,1,Bull
2021-08-30,-0.0049478590471494,0.0043877965794421,0.0026057645570781,16.190000534057617,0.0843481649491366,0.1087453967624855,0.1525976889578607,1,Bull
2021-08-31,0.0020056420675674,-0.00148241006917,-0.0068299412461024,16.479999542236328,0.0840455337128828,0.1064715913480144,0.1527151656358771,1,Bull
2021-09-01,5.88968847449306e-05,0.0005312651994837,0.0016737202036395,16.110000610351562,0.0805673253209347,0.106695942820976,0.1526920692695496,1,Bull
2021-09-02,-0.0026552424645444,0.003071947180813,0.0043564656167991,16.40999984741211,0.0776923896138876,0.1076921352745631,0.1529780410281818,1,Bull
2021-09-03,0.0106374460880295,-0.0002426427893918,-0.0091364975302712,16.40999984741211,0.0758916213393554,0.1107602790609211,0.1566255472527124,1,Bull
2021-09-07,-0.0197780205042791,-0.0035819412790195,-0.0084711301818816,18.13999938964844,0.077648636277181,0.0984144539041085,0.1458950239944149,1,Bull
2021-09-08,-0.0025075441660514,-0.001219107194239,0.0067828411911974,17.959999084472656,0.0777776050766733,0.1004681036945247,0.1297942914244278,1,Bull
2021-09-09,0.0044137344149745,-0.004289389203761,0.0120276215568863,18.799999237060547,0.0798366627254705,0.1065959914774026,0.1300535175888853,1,Bull
2021-09-10,-0.0050714951644253,-0.0079157649296585,-0.0088554996280196,20.950000762939453,0.084836563141932,0.1119292698788528,0.1245787467981845,1,Bull
2021-09-13,0.0033441618437189,0.0025558836592601,0.0060465506034318,19.3700008392334,0.0846674301750228,0.1130823604936793,0.1248311264977136,1,Bull
2021-09-14,0.0064179076360024,-0.0054110545804681,0.012050044665316,19.459999084472656,0.0865626284909412,0.1077489411024959,0.1171531395574742,1,Bull
2021-09-15,-0.0058815287100911,0.0083179588562482,-0.0035138579373033,18.18000030517578,0.0911150497978364,0.1086332811816087,0.1181817421544624,1,Bull
2021-09-16,-0.0229022427478189,-0.0015866155357881,-0.004592507276026,18.690000534057617,0.0880995575034691,0.1100764104527428,0.1427101303966065,1,Bull
2021-09-17,-0.0015862999324902,-0.0097887640540409,-0.0048152868252212,20.809999465942383,0.0862067484232523,0.1109411894815091,0.1426060712740599,1,Bull
2021-09-20,0.0071187556570393,-0.0168146551497905,0.0123259475119639,25.709999084472656,0.1046094837030694,0.1163116013605479,0.1450812781319951,2,Bear
2021-09-21,0.0066468965426044,-0.0009451097041902,-0.0008611418574358,24.36000061035156,0.1000399713862853,0.1163616278828901,0.1471497015720648,2,Bear
2021-09-22,-0.0037409995549623,0.0097074585828732,0.0059465937893386,20.8700008392334,0.1012421954668137,0.1180077869268701,0.1405607188900443,2,Bear
2021-09-23,-0.0116135662434195,0.0120767631686709,-0.0228564884266776,18.6299991607666,0.1105308879515914,0.1406678922535748,0.1453087176476577,2,Bear
2021-09-24,-0.0012850982867509,0.0016458771727585,-0.0098213849807236,17.75,0.1104157925081142,0.1418315819513413,0.1439315360955342,2,Bear
2021-09-27,0.0020798706668898,-0.0028650313900443,-0.0036823932302569,18.76000022888184,0.1089823216973785,0.1418317979688093,0.1441622375846911,2,Bear
2021-09-28,-0.0097639409115995,-0.0203575607588516,-0.0156997277378775,23.25,0.1241505980952278,0.1483005654930245,0.1345135620700824,2,Bear
2021-09-29,-0.0045149330127863,0.0016816707947512,0.0017344233293753,22.559999465942383,0.1228452255264376,0.1480135819780773,0.1344158813647454,2,Bear
2021-09-30,0.0178169843070141,-0.0122978647016176,-0.0001387698886718,23.13999938964844,0.128139042543113,0.1469157289825602,0.1509584176511232,2,Bear
2021-10-01,0.0022505110921036,0.0118144290884707,0.0083803516679769,21.100000381469727,0.1369109157366145,0.1504801232789712,0.1514447355499319,2,Bear
2021-10-04,0.0046674082584735,-0.0129800307369394,-0.0025491490472948,22.959999084472656,0.141038893077937,0.1492297303352465,0.1528321085362629,2,Bear
2021-10-05,-0.0046674082584735,0.010351205382698,-0.0097032175448979,21.299999237060547,0.1477880332552805,0.1496116653477867,0.1471013228240751,2,Bear
2021-10-06,0.002669757352534,0.0041474827584939,0.0056254322735231,21.0,0.1491616088547008,0.1492345739095201,0.1324240944856515,2,Bear
2021-10-07,-0.0052856838680448,0.0086084159125277,-0.0105127347373887,19.540000915527344,0.1533271852518356,0.1502288745143986,0.1332313949140349,2,Bear
2021-10-08,0.0004262740437871,-0.0018253566909179,-0.0070235662689458,18.770000457763672,0.1529304510445097,0.1427749479755025,0.1319375556156934,2,Bear
2021-10-11,-0.001889365574135,-0.0072659945098285,-0.0025406163730243,20.0,0.1525786214753757,0.1408969840368095,0.1311857334442637,2,Bear
2021-10-12,0.004504271350483,-0.0024647476425531,0.0169555710693329,19.850000381469727,0.1520902214085754,0.1534506355325582,0.1317232981617526,2,Bear
2021-10-13,0.0176377344344727,0.0035913086649013,0.0096796215325035,18.63999938964844,0.1521840578096865,0.1509779100785637,0.1446573713714756,2,Bear
2021-10-14,0.0024434808580754,0.0166809617603271,0.0037079173219653,16.860000610351562,0.1610135443744929,0.1520101536992243,0.143515121744972,2,Bear
2021-10-15,-0.0160204917648545,0.0075866030737456,-0.0058439980314969,16.299999237060547,0.1632978389143991,0.1523975129003305,0.1310908912972422,2,Bear
2021-10-18,-0.0024829909023894,0.0029561825098698,0.0046782468190711,16.309999465942383,0.159584192611347,0.1533479149223005,0.1312966480362915,1,Bull
2021-10-19,0.0032085191864092,0.0076853638866936,-0.0138909381134347,15.699999809265137,0.1480054331717785,0.1513993614282246,0.1294359131776394,1,Bull
2021-10-20,0.0087257781754686,0.0039200713854255,-0.0067729498934566,15.489999771118164,0.1478332002389489,0.1520722856187355,0.1309428555696932,1,Bull
2021-10-21,-0.0008991093021597,0.0026047265267605,-0.0011916826077494,15.010000228881836,0.1452028825658483,0.1490046021863681,0.1302206420855067,1,Bull
2021-10-22,0.0060983344527552,-0.0010366775434043,0.0109527187692191,15.43000030517578,0.1403992589766423,0.1376201940571112,0.1239683445813955,1,Bull
2021-10-25,0.0068903653296167,0.0053484966436715,-0.0015274428542024,15.239999771118164,0.1411788983075932,0.1341167815437227,0.1251124464623632,1,Bull
2021-10-26,-0.0074270271251684,0.0008995113698617,0.008235070216601,15.979999542236328,0.1404023473059025,0.1373413037680333,0.1289422455704071,1,Bull
2021-10-27,0.002620623640364,-0.0044400158370197,0.0180310675542776,16.979999542236328,0.1184105484241237,0.1395427556341922,0.122706743699269,1,Bull
2021-10-28,-0.0002379136626084,0.0096026544620339,-0.0033898883685739,16.530000686645508,0.1211467186362423,0.1404455269105775,0.1208350173959729,1,Bull
2021-10-29,-0.0085442993017005,0.0020270217924533,0.0030512525550645,16.260000228881836,0.1085364242091168,0.1405521269521466,0.1113677110424277,1,Bull
2021-11-01,0.0052070044974187,0.0017186782714684,-0.0072259250637909,16.40999984741211,0.104014581444837,0.1408467139906978,0.1123530856712739,1,Bull
2021-11-02,-0.002151313138887,0.0040350429385311,0.0044289044493034,16.030000686645508,0.0868859174976785,0.1410695913393558,0.1119085701884748,1,Bull
2021-11-03,-0.0083501482773226,0.0060867849370846,-0.010387774452907,15.100000381469728,0.0838893993199836,0.1417270525736256,0.1147487848314039,1,Bull
2021-11-04,0.0112771252957394,0.004701437539759,0.0104559557242065,15.4399995803833,0.0839771924095292,0.1447900993911701,0.1206715515188652,1,Bull
2021-11-05,0.0129783593269464,0.0034635263885338,0.014844405626757,16.479999542236328,0.0818057875443227,0.1461429828366859,0.1256445544196389,1,Bull
2021-11-08,0.0035851848469019,0.0008533490692122,-0.0018770743594897,17.219999313354492,0.0802703004859343,0.1431272317894397,0.1257429552547064,1,Bull
2021-11-09,0.0049160066341954,-0.0033108004580741,0.0129345061355609,17.780000686645508,0.0747091769201841,0.1464000062324398,0.1254569644682429,1,Bull
2021-11-10,0.0108002482845723,-0.0080773647005824,-0.018451728407847,18.729999542236328,0.0824405794732626,0.1553898987719478,0.1288312487372317,1,Bull
2021-11-11,0.0055864530427388,0.0003233843718153,-0.0014859263479515,17.65999984741211,0.083013176108496,0.1527296311589038,0.1170935860518024,1,Bull
2021-11-12,0.0018934614978916,0.0075185534608754,-0.0044019667081573,16.290000915527344,0.0688960461506434,0.1534450327617789,0.117072196386315,1,Bull
2021-11-15,-0.0015489449243058,0.0003423891914875,-0.0126367036625607,16.489999771118164,0.0668200811643286,0.1587149295204661,0.098602039869589,1,Bull
2021-11-16,-0.0072601560044779,0.0039498611503229,-0.0025465181563742,16.3700008392334,0.0670409451741979,0.1581232431280212,0.1029274606446744,1,Bull
2021-11-17,0.0090956924320787,-0.0024320215276006,0.0078937074948986,17.110000610351562,0.0659451596020396,0.1521401687432973,0.1055998728235645,1,Bull
2021-11-18,-0.0032143154449525,0.0033905151384455,0.0037535096502565,17.59000015258789,0.0657573343725814,0.1498016158917127,0.1048793338061074,1,Bull
2021-11-19,-0.0076757082629164,-0.0017898118482497,0.0105024030494702,17.90999984741211,0.0668239135951582,0.1526989780573462,0.1097281126442508,1,Bull
2021-11-22,-0.0226756166431203,-0.0028192481214271,-0.0117974866504097,19.170000076293945,0.0679786553396172,0.156115548643648,0.1369167890245716,1,Bull
2021-11-23,-0.0086900534684789,0.001325125493807,-0.0145648113880274,19.3799991607666,0.0665179000218205,0.1649286838068239,0.1380639235784135,1,Bull
2021-11-24,-0.0009569597921073,0.0026662946808419,0.0159281454249879,18.57999992370605,0.0666641806892568,0.1716351938235618,0.1357543756359847,1,Bull
2021-11-26,-0.0016168462526691,-0.0225555073248691,0.0249548673704944,28.6200008392334,0.1050830160938366,0.1818556307580713,0.135454318632208,2,Bear
2021-11-29,-0.0013795005365548,0.0121920215356546,-0.0080708830878469,22.959999084472656,0.1082370068627624,0.1839742584413989,0.1354989584981456,2,Bear
2021-11-30,-0.0067445464245647,-0.0196494330432564,0.0150877207510873,27.190000534057617,0.128842617098234,0.1904981560852152,0.134276441827169,2,Bear
2021-12-01,0.0039800067903959,-0.0111694668710205,0.0061500469013951,31.1200008392334,0.1338309047492611,0.1885790973654433,0.1337050149641558,2,Bear
2021-12-02,-0.005552205835401,0.015200318636458,0.0012462038755875,27.950000762939453,0.1443009294534068,0.188371730241812,0.1347847530091178,2,Bear
2021-12-03,0.0083768190817409,-0.0087394383245391,0.0118617824100719,30.670000076293945,0.1449559631938718,0.1860055535635726,0.1350428122292921,2,Bear
2021-12-06,-0.0024635953850727,0.0117737092638241,-0.0138303684074847,27.18000030517578,0.1505298760501112,0.1924031577881737,0.1291614679336372,2,Bear
2021-12-07,0.0035432060613326,0.0204737617067379,-0.0081127931782497,21.88999938964844,0.1672549039037476,0.1890327249820304,0.1206985961940363,2,Bear
2021-12-08,0.0005393685677794,0.0026444869140142,-0.0174359977096715,19.89999961853028,0.1674884045695446,0.1990185230727828,0.1197434805018395,2,Bear
2021-12-09,-0.0061301292839007,-0.0067743117046464,0.0055783616614381,21.57999992370605,0.1687913225870564,0.194507881489193,0.1189759889013481,2,Bear
2021-12-10,0.0042110206852463,0.0093694807577382,-0.002415181654664,18.690000534057617,0.1692279835852574,0.1834730403118053,0.1123795858728574,2,Bear
2021-12-13,0.0025181269175168,-0.0088978234910562,0.0146700540779482,20.309999465942383,0.1724876141981074,0.1899470555451621,0.1103075849667144,2,Bear
2021-12-14,-0.0093852063396415,-0.006903882374432,-0.0023856701705884,21.88999938964844,0.1721036072548398,0.1893468299898273,0.1122097417095334,2,Bear
2021-12-15,0.0042823519885167,0.0155042199503352,-0.0096680755476379,19.290000915527344,0.1807261184032801,0.1868896417911695,0.1146409011793227,2,Bear
2021-12-16,0.0120249708405399,-0.0088575396350766,0.0003884990922484,20.56999969482422,0.1829189879724186,0.18640916487526,0.1231644035819391,2,Bear
2021-12-17,-0.0021431166861886,-0.010699935746308,0.0112681284995167,21.56999969482422,0.1863501047425065,0.1882441495086202,0.1171865362189274,2,Bear
2021-12-20,-0.004240244730917,-0.0106905146127806,-0.0075203187775018,22.8700008392334,0.1888403046173851,0.1906373187036579,0.1173891611239904,2,Bear
2021-12-21,-0.0004189761834467,0.0176031280540881,-0.0038145423639288,21.01000022888184,0.1998996307120117,0.1881177339760956,0.1155783498376787,2,Bear
2021-12-22,0.0093561188001071,0.0099491113741086,0.0046160413647083,18.6299991607666,0.2028474148209626,0.183284946295974,0.0929107805149143,2,Bear
2021-12-23,0.0022514814912111,0.006202767653708,-0.008714930961287,17.959999084472656,0.2038956108376908,0.1780138491494184,0.0876619492621711,2,Bear
2021-12-27,0.0023644504768288,0.0140528469483314,0.0024208586139331,17.68000030517578,0.2092277634845045,0.1701156259538909,0.0877316174309141,2,Bear
2021-12-28,-0.0043193803400249,-0.0008173989376626,-0.0039711316973751,17.540000915527344,0.1912287685162048,0.1461310706565128,0.0890952604518708,2,Bear
2021-12-29,-0.0002965516280151,0.0012784252943009,-0.0109842395234288,16.950000762939453,0.1875942996492051,0.1483389557138583,0.0888848939416722,2,Bear
2021-12-30,0.0071515817441825,-0.0027684005542966,0.008351043279303,17.329999923706055,0.1721259921311155,0.1409320815093923,0.0875210241222718,2,Bear
2021-12-31,0.0068083584325513,-0.0025234266955883,0.0019594345204502,17.219999313354492,0.1661190901465505,0.1389639101417107,0.0891770171454392,2,Bear
2022-01-03,-0.0155033009737006,0.0057733636508673,-0.0266007398890042,16.600000381469727,0.1602771683926519,0.1638797949222385,0.1042747109372597,2,Bear
2022-01-04,0.0073395148031692,-0.0003349985306565,-0.0041673043691544,16.90999984741211,0.155601771366081,0.1552519915491697,0.1033935149216118,2,Bear
2022-01-05,-0.0030121970522097,-0.01938892377898,-0.00544261564909,19.729999542236328,0.1693795725114277,0.1507725896064076,0.1036310918471163,2,Bear
2022-01-06,-0.0123197037802094,-0.0009398465434183,0.0025852394850986,19.61000061035156,0.1541607861347792,0.1507126687636595,0.1125393034401633,2,Bear
2022-01-07,0.0045408125722829,-0.0039613191592866,-0.0072140307597428,18.76000022888184,0.1545024712238709,0.1417950204077096,0.1136065253267895,2,Bear
2022-01-10,0.0030355936239956,-0.0012452634896623,0.0024575310249717,19.39999961853028,0.1527067706094141,0.1401078840772818,0.1115472106075803,2,Bear
2022-01-11,0.0119924571366455,0.0090671551908095,0.0066394647601426,18.40999984741211,0.1524784917732215,0.1433284056197612,0.1177374837639921,2,Bear
2022-01-12,0.0026391371424113,0.0026998789223974,-0.0038383847224609,17.6200008392334,0.1491434405626128,0.1305040180904347,0.1177572550420854,2,Bear
2022-01-13,-0.003402771341298,-0.0138743154461017,0.0088412882099789,20.309999465942383,0.1553970530613685,0.1363505817023894,0.1127934247068731,2,Bear
2022-01-14,-0.0028838291505565,0.0004088498502286,-0.0152249945003625,19.190000534057617,0.1452378802963523,0.1415383391102258,0.1131687799789265,2,Bear
2022-01-18,-0.0016516182679313,-0.017868253161492,-0.01417492210623,22.790000915527344,0.1548599545442733,0.1469604984415704,0.1060727154212462,2,Bear
2022-01-19,0.0157557506051342,-0.0104378388782267,0.0069001344075987,23.850000381469727,0.1546526560249707,0.1423315374681408,0.1182060323157584,2,Bear
2022-01-20,-0.0025020112544038,-0.011129822960013,0.006148236723622,25.59000015258789,0.1550119946714848,0.1449383597239859,0.1173484113622285,2,Bear
2022-01-21,-0.0032677719138099,-0.0198259387221226,0.0118359662417922,28.850000381469727,0.1530247038906222,0.1531065836877599,0.1182800057279026,2,Bear
2022-01-24,0.005479160681096,0.0042378266627391,-0.0082492463346523,29.89999961853028,0.1483052173698414,0.1528107511265896,0.1156220276039131,2,Bear
2022-01-25,0.0031920345769763,-0.0122840836299009,-0.0016160093982753,31.15999984741211,0.1477969363796054,0.1510845303377061,0.1157999799679836,2,Bear
2022-01-26,-0.0162985679043135,-0.0025119933729556,-0.0121680789189467,31.959999084472656,0.1329761520448452,0.1540511414649172,0.1301950513247113,2,Bear
2022-01-27,-0.0129821153205973,-0.0049501209972164,0.0181966989499883,30.489999771118164,0.1322665277831928,0.1701511810139613,0.1371857784073706,2,Bear
2022-01-28,-0.0029877523376664,0.0245319858639262,0.0003494675889425,27.65999984741211,0.1659484876271523,0.1668594748972353,0.1375026643584462,2,Bear
2022-01-31,0.0059070563312306,0.0178507878128039,-0.0051829176632736,24.82999992370605,0.1819766673336521,0.1636922065637285,0.1367041443928083,2,Bear
2022-02-01,0.0008325368758188,0.0067341909498307,-0.003325411872096,21.959999084472656,0.1848924345651243,0.163182621284022,0.1342337137498208,2,Bear
2022-02-02,0.0036194338899541,0.0096670436453791,0.0033809620539181,22.09000015258789,0.1874975411738566,0.1373811369805616,0.1237146015478677,2,Bear
2022-02-03,-0.0014224174555621,-0.0237855331218942,-0.0078364297312574,24.350000381469727,0.201808725598767,0.1391474802795791,0.1209867660331124,2,Bear
2022-02-04,0.001540891086981,0.0046913120089019,-0.0148524099356714,23.21999931335449,0.1945652623076271,0.1467101967340617,0.1207157655761846,2,Bear
2022-02-07,0.0073753173535773,-0.0032144668379639,0.0006473335247521,22.86000061035156,0.1945621596550605,0.1462238873644783,0.1146322371059172,2,Bear
2022-02-08,0.0030522079460774,0.0081941969657008,-0.0067082247063058,21.440000534057617,0.1976699256318899,0.1459784626174084,0.1141484542384396,2,Bear
2022-02-09,0.0033934142753984,0.0145299702858479,0.0018800977692198,19.959999084472656,0.2054025277114099,0.1458036457181188,0.1142430257230778,2,Bear
2022-02-10,-0.0038037857675304,-0.0181288206850111,-0.0160202508980584,23.90999984741211,0.2104471382093784,0.1511882012954031,0.1077097945272808,2,Bear
2022-02-11,0.0188756078655614,-0.0199159394827207,0.0147192145687326,27.36000061035156,0.2183580793943814,0.1622700388285411,0.1257530690052058,2,Bear
2022-02-14,0.0053364517771822,-0.0032747013329132,-0.0125191344554656,28.32999992370605,0.2148854095452775,0.1619124672648553,0.1256743729547236,2,Bear
2022-02-15,-0.0095452603702391,0.0159983049853899,-0.0114181884850253,25.700000762939453,0.2242974523520037,0.1586658437478084,0.1304720656677574,2,Bear
2022-02-16,0.0102317313073376,0.0011201440927681,0.0059097712477389,24.290000915527344,0.2168357179958247,0.1550695734422505,0.1339372230228996,2,Bear
2022-02-17,0.0135755081689762,-0.021592973006627,0.0074108812878865,28.11000061035156,0.2261679541643456,0.1554247611216181,0.1312010584991848,2,Bear
2022-02-18,-0.0007337240197317,-0.0064961050076617,0.0104718559474915,27.75,0.2242627807679522,0.1587567067374403,0.1306787473288873,2,Bear
2022-02-22,0.0020868588568963,-0.0107895321903588,0.0026010152994444,28.809999465942383,0.2169497484069194,0.1522975306333991,0.1295318032899987,2,Bear
2022-02-23,0.0044971001402729,-0.0178979322324197,-0.0138777918369734,31.020000457763672,0.2237590909880759,0.1565659765302178,0.129219744774835,2,Bear
2022-02-24,-0.0064710234538261,0.0149369999936759,0.0006589510515766,30.31999969482422,0.2277934441859489,0.1568166073904306,0.1321189158187843,2,Bear
2022-02-25,-0.0033362372759372,0.0218242096565683,0.0007306106755732,27.59000015258789,0.2405702157663581,0.1523680826818921,0.1172265845428561,2,Bear
2022-02-28,0.0103119939512437,-0.0025618281987119,0.0216815014495479,30.14999961853028,0.2400329122155076,0.158314178537834,0.1074312525193045,2,Bear
2022-03-01,0.0180004317657538,-0.0153475896175102,0.0114954970807914,33.31999969482422,0.2294362633302153,0.1641256399268789,0.1169500343492882,2,Bear
2022-03-02,-0.0104608643845172,0.0182292130790468,-0.034780485403857,30.739999771118164,0.2298378063875275,0.2023722678980406,0.12685556381626,2,Bear
2022-03-03,0.0059357638448758,-0.0049910012253843,0.0101336580690107,30.479999542236328,0.2282638282187257,0.2065004269048025,0.1268931970732634,2,Bear
2022-03-04,0.015803608419049,-0.0081577366012838,0.0171170099050478,31.979999542236328,0.2252659176204689,0.215662374337362,0.1339442679963235,2,Bear
2022-03-07,0.014753495270293,-0.0299225293394122,-0.0076592189834706,36.45000076293945,0.2333626566595049,0.2155882911629879,0.1373532104542669,2,Bear
2022-03-08,0.0269914293684263,-0.0076103370178879,-0.0101104075433297,35.130001068115234,0.2321491332879506,0.2122351237676992,0.1567164420506036,2,Bear
2022-03-09,-0.0301614952662057,0.0264575455870529,-0.0098474856204086,32.45000076293945,0.2544164106604751,0.214704617114311,0.2004030575193986,2,Bear
2022-03-10,0.0031163668784777,-0.0045257865678408,-0.0144717562538819,30.229999542236328,0.2516937784921852,0.219008747705675,0.2003985250628963,2,Bear
2022-03-11,-0.007052696024243,-0.0127966535097513,0.0033414933924105,30.75,0.2457623912135289,0.2193287696131726,0.2041661696520894,2,Bear
2022-03-14,-0.0151884750581413,-0.007335204569373,-0.0236258848130965,31.770000457763672,0.2407755026934606,0.2272591771438495,0.2130619244696273,2,Bear
2022-03-15,-0.018882610033681,0.0217523249639873,-0.0017474293441344,29.82999992370605,0.2482495724895288,0.2194528957212798,0.218081240136116,2,Bear
2022-03-16,0.0062412859954877,0.0219319471943351,0.0097601938257812,26.670000076293945,0.2610935664988857,0.219963789684883,0.218310908300028,2,Bear
2022-03-17,0.004876733952655,0.0124333256665695,-0.0074816961993606,25.670000076293945,0.2585572524809744,0.2180853680554654,0.214877353390429,2,Bear
2022-03-18,-0.0088287107078973,0.0108930485271924,0.0121386372014096,23.8700008392334,0.2615469718642513,0.221632719064066,0.2159324625969296,2,Bear
2022-03-21,0.0076117550195462,-0.0002923497872443,-0.0234287132985451,23.530000686645508,0.2496014364926275,0.2327664775293391,0.2125861129311848,2,Bear
2022-03-22,-0.0072771899242425,0.0116333583883623,-0.0128944528123041,22.940000534057617,0.2506947525650999,0.2307614008635655,0.2144241333154291,2,Bear
2022-03-23,0.0135672095760514,-0.0129618723570858,0.0216783420923184,23.56999969482422,0.2521781941960683,0.2459211126614903,0.219065956461437,2,Bear
2022-03-24,0.0072341375131086,0.0149617851674127,-0.0078637786408869,21.670000076293945,0.2456073359587936,0.2432640864445503,0.2197976020773073,2,Bear
2022-03-25,-0.0041038605376913,0.004871721473509,-0.0139698737739669,20.809999465942383,0.2420288539132589,0.246392958818209,0.2188975320713832,2,Bear
2022-03-28,-0.018371517706821,0.0070878470802917,0.0085132337917301,19.6299991607666,0.2326232361649303,0.249275210061592,0.2289516996360482,2,Bear
2022-03-29,0.0004466880684897,0.0122949490057179,0.0075240708361277,18.89999961853028,0.2345701686766592,0.236483157687488,0.2262526709076295,2,Bear
2022-03-30,0.0080062833792575,-0.0061938928650594,0.007771466321831,19.32999992370605,0.2276941262164531,0.2339148559420309,0.2188753084424032,2,Bear
2022-03-31,0.0003875207880487,-0.0155110031359175,0.0024256341021938,20.559999465942383,0.2296725114537398,0.2045451262689899,0.2157165377585726,2,Bear
2022-04-01,-0.0063862158789014,0.0028300644709328,0.00379946045293,19.6299991607666,0.2284305764926107,0.2011320214818535,0.2158424353411833,2,Bear
2022-04-04,0.0048350616826839,0.0085301423802483,-0.0069741304166844,18.56999969482422,0.2263931663384837,0.1894693634211972,0.2087305653719832,2,Bear
2022-04-05,-0.0062845490460992,-0.0127117834440954,-0.0228513469283145,21.030000686645508,0.2015486975443499,0.2011212622730973,0.2014915860725296,2,Bear
2022-04-06,0.0023404756196963,-0.0100497493797926,-0.0081271605663108,22.100000381469727,0.2034276993909083,0.2004446193015157,0.1730995434822605,2,Bear
2022-04-07,0.0037777415804506,0.0050263964426171,-0.0075606052808625,21.549999237060547,0.1857165670646726,0.1997067125863781,0.1434960707284332,2,Bear
2022-04-08,0.0062464197486159,-0.0026775571409372,-0.0108902314705714,21.15999984741211,0.1849481179931309,0.1976076634023445,0.145144534574567,2,Bear
2022-04-11,0.0049472061408498,-0.017240031343384,-0.0159513173615669,24.3700008392334,0.1901631719047724,0.2006476163474836,0.1450798803301221,2,Bear
2022-04-12,0.0076474353017589,-0.0037121575934186,-0.001381620456351,24.26000022888184,0.1882435006939074,0.1880143372600473,0.1377358867088309,2,Bear
2022-04-13,0.0047771092877693,0.0113884615347299,0.0020310712809014,21.81999969482422,0.1780487165737335,0.1888397166463949,0.1191732249343473,2,Bear
2022-04-14,-0.0033090194372706,-0.0125298547774279,-0.0202489995768865,22.700000762939453,0.1693077485826342,0.1918098188459241,0.118986857779259,2,Bear
2022-04-18,0.0030924062818564,0.0004109721367919,-0.004981548031834,22.170000076293945,0.1635516822527554,0.1915094864482642,0.1184238284833504,2,Bear
2022-04-19,-0.0152282681121338,0.0160138236177656,-0.0075186045570733,21.3700008392334,0.1688010071080678,0.1820644601356437,0.126869134952753,2,Bear
2022-04-20,0.0048830061930919,-0.0007417470294147,0.0199260692925496,20.31999969482422,0.1688198592026493,0.1894093528675973,0.1253292206975429,2,Bear
2022-04-21,-0.0035639435023602,-0.0150665065980769,-0.0074259167036422,22.68000030517578,0.1710276400756896,0.186818244821231,0.1230523726170217,2,Bear
2022-04-22,-0.0097696613524008,-0.0278227896965916,-0.0063138715652641,28.209999084472656,0.1905032023920168,0.1640934915621152,0.1188145311537596,2,Bear
2022-04-25,-0.0181344325202295,0.0057810236889762,0.0099511478457088,27.020000457763672,0.1827333556795831,0.1706759048511131,0.1302282165156326,2,Bear
2022-04-26,0.00152385538733,-0.02938868531187,0.010016404089379,33.52000045776367,0.2030128300738589,0.1722495649780477,0.1303282675440393,2,Bear
2022-04-27,-0.0075857232426336,0.0028080508633014,-0.0129087051686098,31.600000381469727,0.2005909431259913,0.1712898738949958,0.1172698176155756,2,Bear
2022-04-28,0.005383804789463,0.0249454485738186,0.0014885810058176,29.989999771118164,0.2177638838371238,0.1677147911172311,0.1191766788289065,2,Bear
2022-04-29,-0.0001129833478409,-0.0376554746575326,-0.0130580900643734,33.400001525878906,0.2476769023407947,0.1654166063844782,0.1150437951527614,2,Bear
2022-05-02,-0.0187145229029449,0.0060012481942911,-0.0174857444450698,32.34000015258789,0.2475082261339173,0.1691037683281766,0.1302172382954427,2,Bear
2022-05-03,0.002645759356915,0.0045735631906462,0.0067192124960766,29.25,0.248195042818991,0.1714234491122129,0.1300441657988086,2,Bear
2022-05-04,0.0097746167754347,0.0299983837049523,0.0054948013683639,25.420000076293945,0.2718698703410385,0.1753831435370841,0.1341175814463645,2,Bear
2022-05-05,-0.0038184194446891,-0.0361896583110558,-0.0277808524650897,31.200000762939453,0.2937406115655808,0.1824598971905834,0.1332137058005573,2,Bear
2022-05-06,0.0016545049194706,-0.0059869236074607,-0.0148449419612745,30.190000534057617,0.2930402735802012,0.1853495039677015,0.133011219349353,2,Bear
2022-05-09,-0.0145853476425463,-0.0325408513134206,0.0087589930557323,34.75,0.3071647987955327,0.1914382137254342,0.1395134061833369,2,Bear
2022-05-10,-0.0084810656535207,0.0023078325469457,0.0090283681930814,32.9900016784668,0.3082657404208456,0.1955697893185621,0.1378474153263908,2,Bear
2022-05-11,0.008133958004822,-0.016013796217259,0.0190893090919797,32.560001373291016,0.3077040356190602,0.2052131047085712,0.1404953337747176,2,Bear
2022-05-12,-0.0154527061706768,-0.0010445424229263,-0.0018673134409578,31.770000457763672,0.3080270991302695,0.205202348891635,0.14212530418105,2,Bear
2022-05-13,-0.0081426276988109,0.023626653161612,-0.0148910169696691,28.8700008392334,0.3190872739085283,0.209348276966887,0.1394822058313057,2,Bear
2022-05-16,0.0094932796520766,-0.0040658691639812,-0.0010351497555278,27.46999931335449,0.3178119212741461,0.1995228481968929,0.1474252468966315,2,Bear
2022-05-17,-0.0062990940856839,0.0203615237684004,-0.0121569800317883,26.100000381469727,0.3288513070735672,0.2024516376021221,0.1455778639551904,2,Bear
2022-05-18,0.0005313437048441,-0.0411464362004306,0.0210933335012035,30.959999084472656,0.3456523172217563,0.2167871039538834,0.1405681037275763,2,Bear
2022-05-19,0.0145902771602608,-0.0061435521586432,0.0023922369178697,29.350000381469727,0.3451111871492909,0.2037118016219787,0.1513521913814871,2,Bear
2022-05-20,0.000697767757192,0.0004365494351446,0.0112862200960201,29.43000030517578,0.3443366353318248,0.2073668425341584,0.1518363484047909,2,Bear
2022-05-23,0.0046395898938689,0.0185372049374966,-0.0165911829925323,28.479999542236328,0.3440521401733618,0.213760963746211,0.1515854368972145,2,Bear
2022-05-24,0.007493711725538,-0.0076631708753445,0.0195403321375983,29.450000762939453,0.3426952956826923,0.2225219224423759,0.1429951654945382,2,Bear
2022-05-25,-0.0060482487965583,0.0087962279640425,0.0039462546656769,28.3700008392334,0.3324420508613718,0.2197656953442003,0.1438532997236878,2,Bear
2022-05-26,-0.0018506096399272,0.0197843265069536,-0.0045355532842267,27.5,0.3407573890129038,0.215994110119388,0.1419813610735193,2,Bear
2022-05-27,0.0005208853826908,0.0242525767039122,0.0024381971664796,25.71999931335449,0.3400906095229912,0.2161422181296531,0.1402674480605581,2,Bear
2022-05-31,-0.0099422702551653,-0.0056266284479105,-0.0213892306855282,26.190000534057617,0.3142027982901954,0.2239358681796227,0.143482198925185,2,Bear
2022-06-01,0.0063488366174163,-0.0081213450147996,-0.0011438203999585,25.690000534057617,0.3146731634686663,0.2158656753954425,0.131538864286181,2,Bear
2022-06-02,0.0122340400879811,0.0188641824091111,0.0005159503206657,24.71999931335449,0.3214349538448176,0.2143860747242018,0.1383406141579221,2,Bear
2022-06-03,-0.010203900438868,-0.016547642611603,-0.0021519581825943,24.790000915527344,0.3070297055066993,0.2132794611060306,0.137994506340958,2,Bear
2022-06-06,-0.004413447852864,0.0030400369411145,-0.0186157494236453,25.06999969482422,0.2811322261522606,0.2007562811016339,0.1381694209972282,2,Bear
2022-06-07,0.0064972678121684,0.0095465850957252,0.0107418262315027,24.020000457763672,0.2822737642883474,0.1973051149481964,0.1403032979152171,2,Bear
2022-06-08,-0.0009256257836888,-0.010931723367424,-0.0088996569055111,23.959999084472656,0.259395273116119,0.1976860520183392,0.13090768011945,2,Bear
2022-06-09,-0.0031883338247287,-0.0240702444624447,0.0033249393380521,26.09000015258789,0.2740844083983919,0.1953217091509114,0.1278494199321352,2,Bear
2022-06-10,0.0133231352281609,-0.0294242750421619,-0.0062214136248152,27.75,0.2877266059997714,0.1827343206620197,0.133052266541862,2,Bear
2022-06-13,-0.0267673588244725,-0.0387075939995814,-0.0318818299829616,34.02000045776367,0.3169531420029875,0.210670719058588,0.1542064945433609,0,Crisis
2022-06-14,-0.0080354072032867,-0.0030180139809174,-0.0126936468003926,32.689998626708984,0.3027693028388569,0.20924841142523,0.1541361783727288,0,Crisis
2022-06-15,0.0129665096766109,0.0141555452946917,0.018484411915816,29.6200008392334,0.3088001240890496,0.2220382704684859,0.1572865539579369,0,Crisis
2022-06-16,0.0111804468161364,-0.0336559627090788,0.0079082491299115,32.95000076293945,0.3149272412521179,0.2213797575605061,0.159954125306758,0,Crisis
2022-06-17,-0.0082568101440456,0.0021533854672229,0.0032168369119439,31.1299991607666,0.2870080611468155,0.2070263301122216,0.1631000914131633,2,Bear
2022-06-21,-0.0037437854344901,0.024861872456414,-0.0170973464735917,30.190000534057617,0.3024954196217061,0.2128377917204513,0.1553488248340193,2,Bear
2022-06-22,0.0039772683354227,-0.0018143678310637,0.0271290578243579,28.950000762939453,0.302406128253235,0.2322821649414834,0.1560429313196094,2,Bear
2022-06-23,-0.0061481182984487,0.0097546993618402,0.0081812319552643,29.049999237060547,0.2964748623798869,0.2286242166180717,0.1563020306241379,2,Bear
2022-06-24,-0.0009989609969459,0.0312988413272864,-0.0139394158625685,27.229999542236328,0.3172764429325861,0.2201415184159638,0.1534254819761084,2,Bear
2022-06-27,-0.001117694441858,-0.0038268164859098,-0.0085653963344473,26.950000762939453,0.3157473805146165,0.2197853035111542,0.1523761755285036,2,Bear
2022-06-28,-0.0016493806069405,-0.0206445638282622,0.004648832672346,28.36000061035156,0.313494937376943,0.2213291681137316,0.1523616693610429,2,Bear
2022-06-29,-0.000766651706858,-0.0008149099940031,0.0154875501646007,28.15999984741211,0.2978937320258857,0.2295841584804342,0.1522784633629433,2,Bear
2022-06-30,-0.0060955876983352,-0.008157233185771,0.0087436994029668,28.709999084472656,0.2981990705859022,0.2211703696082212,0.149977130528984,2,Bear
2022-07-01,-0.0008313996785857,0.0105208855147178,0.0102142176252669,26.700000762939453,0.3019983599208516,0.2243030134063642,0.1477397802774315,2,Bear
2022-07-05,-0.0214377996803844,0.0018867225966198,0.0078263212485631,27.540000915527344,0.2919205864054676,0.2259669914779461,0.1553181311390521,2,Bear
2022-07-06,-0.0159690175874046,0.0033716722357827,-0.0169335311283711,26.729999542236328,0.2892920931721079,0.2336412160086691,0.1600411817557699,2,Bear
2022-07-07,0.00055489929127,0.0148660469906185,-0.0088390159911885,26.07999992370605,0.2952780591724323,0.2263927905288273,0.1604021627684146,2,Bear
2022-07-08,0.0004314382372538,-0.0008227950777542,-0.0111377240393605,24.63999938964844,0.2921124569475026,0.2260476859023916,0.1573504681330294,2,Bear
2022-07-11,-0.0053749265251639,-0.0114894055798369,0.0170974178087041,26.170000076293945,0.2923095554696748,0.2324517567851688,0.1573578127138888,2,Bear
2022-07-12,-0.0037236489059839,-0.0088881743601252,0.0059244628549027,27.290000915527344,0.2831255838086469,0.2330606523757931,0.1573667131027865,2,Bear
2022-07-13,0.0047762659636861,-0.0052655352315118,0.0114010530567636,26.81999969482422,0.2658068948701217,0.234779295597122,0.1485561904777895,2,Bear
2022-07-14,-0.0141466492616412,-0.0024313877683545,-0.00819216521105,26.39999961853028,0.2282869437138701,0.2052004933983494,0.1289720588263701,2,Bear
2022-07-15,-0.0020104758163567,0.0189247639723041,0.0056120924669152,24.229999542236328,0.2364463515787022,0.1979883617432837,0.1277304168650346,2,Bear
2022-07-18,0.0009429497894323,-0.0082913314369738,-0.0104728247278626,25.299999237060547,0.2342250257619899,0.1952108080405326,0.11523323775056,2,Bear
2022-07-19,0.0023846238326167,0.0266605322795079,-0.0054088563269427,24.5,0.215701344899575,0.1954280915404622,0.1048129111065391,2,Bear
2022-07-20,-0.0094465093392112,0.006353053371017,0.0026207051980378,23.8799991607666,0.2158807611284013,0.1953609181886262,0.1055329314732374,2,Bear
2022-07-21,0.0140117966022655,0.010131679048704,0.0171283278456889,23.11000061035156,0.2032826118578471,0.1909931284066776,0.1223033888415466,2,Bear
2022-07-22,0.0024926409954947,-0.0093211861794907,0.016671309463903,23.030000686645508,0.2071127194005093,0.1771320032099446,0.1213432165527093,2,Bear
2022-07-25,-0.0027423043036363,0.0012141842366296,-0.0098331405792611,23.36000061035156,0.2054825599735248,0.180541109343916,0.1208212127282799,2,Bear
2022-07-26,-0.0011865143173863,-0.0119016568534325,0.0007663317968859,24.690000534057617,0.1813615193020523,0.1717384805248515,0.1207859425596574,2,Bear
2022-07-27,0.0101334672497858,0.0256347698519227,-0.005633930693857,23.239999771118164,0.2009809129140613,0.1697263176742867,0.1288941296574828,2,Bear
2022-07-28,0.0121116800437174,0.0124645888555078,0.0079297838015166,22.32999992370605,0.1872702661317196,0.170683324323385,0.1383259122186337,2,Bear
2022-07-29,0.0028071459585694,0.0144734917031767,-0.0027213617196135,21.32999992370605,0.1907223875332919,0.1646774365139781,0.1391840566688049,2,Bear
2022-08-01,0.0056512328686964,-0.0029658207924004,0.0237980341070551,22.84000015258789,0.1874388360023476,0.1804535154978204,0.1402825700678248,2,Bear
2022-08-02,-0.0059559901489022,-0.0066190442307526,-0.0213867832646915,23.93000030517578,0.1893812106734152,0.1955152276111974,0.1413336516870825,2,Bear
2022-08-03,0.0024352760679877,0.0155380543085029,0.0156218474917722,21.950000762939453,0.1940023239861053,0.2008512059185033,0.1210512112389497,2,Bear
2022-08-04,0.016404693683584,-0.0006756981676781,-0.0003348789286624,21.440000534057617,0.1946434754571237,0.1899632846894487,0.1194700107639368,2,Bear
2022-08-05,-0.0113097814507426,-0.0016916339254324,-0.0240916964104513,21.14999961853028,0.1910881690134984,0.2074090588410877,0.1274024987599988,2,Bear
2022-08-08,0.0084343482908361,-0.0011615892354823,0.0160129526396394,21.290000915527344,0.1911750583577983,0.2083694946498018,0.1300288825905285,2,Bear
2022-08-09,0.0030548677970775,-0.003978948760282,-0.0038944801812599,21.770000457763672,0.185750547135882,0.2024450770053365,0.1278611155751891,2,Bear
2022-08-10,-0.0025151110588634,0.0207864636210803,-0.0065526954371956,19.739999771118164,0.1897235033093605,0.2036203703041374,0.1272857258474095,2,Bear
2022-08-11,-0.0026417069148636,0.0,-0.0235854261295221,20.200000762939453,0.1871111216854157,0.2165581008457866,0.1276420917835423,2,Bear
2022-08-12,0.0091559768227203,0.0167873779672671,0.0100895979637023,19.530000686645508,0.189437607010744,0.2179077679085116,0.1170169374249679,2,Bear
2022-08-15,-0.0129505280899891,0.0041121271662536,-0.0008659128970202,19.950000762939453,0.1833858676798526,0.2170008535812266,0.1279409774524866,2,Bear
2022-08-16,-0.00175162996283,0.001956854538942,0.0041490283134293,19.690000534057617,0.1772760127822812,0.2141698395535661,0.1285513398733661,2,Bear
2022-08-17,-0.0064893459471051,-0.0071232561707745,-0.0104923574320107,19.89999961853028,0.1649272952639149,0.2166463566762578,0.1317116562419468,2,Bear
2022-08-18,-0.0026198444873023,0.0029021191469001,0.0014812322780598,19.559999465942383,0.1647402422631866,0.216525631577837,0.1266442516577107,2,Bear
2022-08-19,-0.0073475529581149,-0.0135291190880968,-0.01623369063359,20.600000381469727,0.1735042683635353,0.214499047452486,0.1220975759488367,2,Bear
2022-08-22,-0.006659303367833,-0.0210423777093806,-0.0033674283064531,23.799999237060547,0.1878987908171182,0.2042301066000878,0.1245176814102086,2,Bear
2022-08-23,0.0069665512175815,-0.0024220763222357,-0.0055182555195558,24.11000061035156,0.1885484324437274,0.2027772511358155,0.1260742981397511,2,Bear
2022-08-24,0.0029445805046794,0.0031958412878876,-0.007345651336524,22.81999969482422,0.1816727628998115,0.2032614490022709,0.1260873954623378,2,Bear
2022-08-25,0.0030581063588208,0.0140191160548482,0.0138400632155804,21.780000686645508,0.1670626465868216,0.2105669131206851,0.1219039940818392,2,Bear
2022-08-26,-0.0122271532019299,-0.0344353525820806,0.0075091204410744,25.559999465942383,0.2052014587337426,0.2103321003758198,0.1221226267274603,2,Bear
2022-08-29,0.0006180465249853,-0.0066340161277537,-0.008307509565957,26.209999084472656,0.1992684741361347,0.2115891599399259,0.1215986442179251,2,Bear
2022-08-30,-0.00837555613648,-0.0110384260435323,0.0024816828536085,26.209999084472656,0.2021648943248933,0.1908644100755581,0.1221405930015777,2,Bear
2022-08-31,-0.0077553096129762,-0.007638424320543,-0.0096068149530583,25.8700008392334,0.2025219991801239,0.1805685456801434,0.1231554864110709,2,Bear
2022-09-01,-0.0088290234746503,0.0031329477988358,-0.0184780280283948,25.559999465942383,0.1937189386852651,0.1764340298279749,0.1248955618256327,2,Bear
2022-09-02,0.008766173723188,-0.0106004215420848,0.0056411885074634,25.46999931335449,0.1958272297535453,0.179173405190575,0.1129912138617667,2,Bear
2022-09-06,-0.0058565782593561,-0.0037802272959487,-0.0250805415647139,26.90999984741211,0.1958400756071333,0.1806201867079373,0.109026905929248,2,Bear
2022-09-07,0.0101172860901148,0.0178054531723855,0.0156916068750565,24.63999938964844,0.2083287902572244,0.1801807252477116,0.1111999753726885,2,Bear
2022-09-08,-0.0060203788974946,0.0065150280420355,-0.0103103894661331,23.61000061035156,0.2101015875009932,0.1816170869554347,0.1104759986877033,2,Bear
2022-09-09,0.005269846503477,0.0154159029231992,0.0022183184131857,22.790000915527344,0.2037188973774977,0.1826274280472409,0.1136210604548136,2,Bear
2022-09-12,0.0050553861933215,0.010690075021822,-0.0082513596173201,23.8700008392334,0.2080585581797736,0.1687028814779574,0.11619816242307,2,Bear
2022-09-13,-0.0130967289066481,-0.0444559037880602,0.0023250366766949,27.270000457763672,0.2465627502605384,0.1632293754197377,0.1156593113301199,2,Bear
2022-09-14,-0.0038550345553118,0.003808547539135,0.0034306330288757,26.15999984741211,0.2464398857692659,0.1646963276353338,0.1096612811216636,2,Bear
2022-09-15,-0.0188558017376182,-0.0114182365354287,-0.00064817848077,26.270000457763672,0.2467457725819971,0.1628795524166113,0.1237102661341226,2,Bear
2022-09-16,0.0055337676270803,-0.0076582531547181,-0.0083707802325164,26.299999237060547,0.2468216121708077,0.1618595743962223,0.126543679275862,2,Bear
2022-09-19,0.000769790767981,0.0077250059415585,0.0023321356610133,25.76000022888184,0.2492290119146481,0.1621951979627716,0.1270577056598945,2,Bear
2022-09-20,-0.0057229320552936,-0.0115450148957321,-0.0100205191550064,27.15999984741211,0.2484064382279407,0.1572298681746402,0.126378666576012,2,Bear
2022-09-21,0.0046322283209624,-0.0175976187874225,0.0166146779359751,27.989999771118164,0.2457540136745675,0.171031436114863,0.1275113798250798,2,Bear
2022-09-22,-0.0005778441890031,-0.0084354560550227,-0.0258805422756912,27.350000381469727,0.2461073090629369,0.1899605052356745,0.1236283392296859,2,Bear
2022-09-23,-0.0174278164066748,-0.0168966362216733,0.0040763062458711,29.920000076293945,0.2481018513445822,0.1906870292192463,0.1329175069536872,2,Bear
2022-09-26,-0.0117014143217974,-0.0099419505943325,-0.0192955992012126,32.2599983215332,0.2381792678319099,0.1898428706142423,0.1341507194652275,2,Bear
2022-09-27,0.0020477436877313,-0.0025559901135483,-0.0266840563804712,32.599998474121094,0.2156414200641994,0.2005948859133965,0.1319308139652122,2,Bear
2022-09-28,0.0205735578321778,0.0194852976692328,0.0329337066736986,30.18000030517578,0.231550365870261,0.2403360089836271,0.1551066302836771,2,Bear
2022-09-29,-0.0001939471718055,-0.0211102684377417,-0.0051891934308237,31.84000015258789,0.2380754560365576,0.2393710356768229,0.1535556097815632,2,Bear
2022-09-30,6.462035224685361e-05,-0.0155841961130249,-0.0129948669571497,31.6200008392334,0.2410764827490275,0.2406674650050722,0.152096216992238,2,Bear
2022-10-03,0.0240190059453634,0.0260585693120497,0.0157644688410316,30.100000381469727,0.262494684472484,0.244085841705781,0.172997076346256,2,Bear
2022-10-04,0.0142264445961119,0.0305163027978546,-0.00279697898897,29.06999969482422,0.2861151392483535,0.2423000091640886,0.1773944108627358,2,Bear
2022-10-05,-0.0055536594329764,-0.0023311077425638,-0.00960735493928,28.549999237060547,0.2860180789258338,0.230042197453779,0.1772622341453287,2,Bear
2022-10-06,-0.0011269264553861,-0.0103691759130649,-0.0055738978209949,30.520000457763672,0.2786123121708339,0.2209012239509056,0.1737752956766723,2,Bear
2022-10-07,-0.0110233861426891,-0.0282903923412505,-0.0097552122933069,31.36000061035156,0.2897493432675124,0.2206824066763176,0.1767642237313942,2,Bear
2022-10-10,-0.0153182032171569,-0.0076646452537306,-0.0156682919956754,32.45000076293945,0.2806488955832628,0.2239125652340365,0.1828288125932968,2,Bear
2022-10-11,-0.0020602123309399,-0.0063531067372522,0.0044161288086133,33.630001068115234,0.2743239701067245,0.2251533860318273,0.181362559568713,2,Bear
2022-10-12,0.0053350716717094,-0.0033037711237704,0.0048948891828516,33.56999969482422,0.2368985852475356,0.2261450007810323,0.1779109017859036,2,Bear
2022-10-13,-0.0069476110871142,0.0260488554484455,-0.0096123373851042,31.940000534057617,0.2582351421046125,0.2258112953310077,0.178905886722663,2,Bear
2022-10-14,-0.0125371607930224,-0.0230527400046967,-0.0082849811592936,32.02000045776367,0.2658252798498691,0.2259921082780366,0.1721348631916982,2,Bear
2022-10-17,0.0028720806307473,0.0253726448624194,-0.0048809667462595,31.3700008392334,0.2840161564308944,0.2255080706329512,0.1711805026417125,2,Bear
2022-10-18,0.0021486600903921,0.0116809703060329,0.0023416208071986,30.5,0.2861111848892555,0.2255114594515988,0.1714007709162898,2,Bear
2022-10-19,-0.0134889259883384,-0.0071118304358344,-0.0183735135734951,30.76000022888184,0.2846922883276523,0.2301041548799144,0.1763205794182253,2,Bear
2022-10-20,-0.0015834633753089,-0.0084207602112707,-0.0172413004715587,29.979999542236328,0.2800839368238942,0.2207409749608218,0.1751074473293266,2,Bear
2022-10-21,0.0176705974145265,0.0240111523525417,-0.0181868293500843,29.690000534057617,0.2922997789838268,0.2135309391264275,0.1871140134564035,2,Bear
2022-10-24,-0.0032488658845126,0.0121622659471957,-0.0082991065901753,29.850000381469727,0.288431149118707,0.2106754805293087,0.177108079797545,2,Bear
2022-10-25,0.0022753535606352,0.0158423265674313,0.0286969270236259,28.459999084472656,0.2894920508982772,0.237264909283314,0.1718140189033963,2,Bear
2022-10-26,0.0063434463543533,-0.0075626276607533,0.0143045424672029,27.280000686645508,0.2911349301920782,0.230281882312419,0.1728282418623039,2,Bear
2022-10-27,-0.0015497241473593,-0.0053540489109739,0.0104164101325567,27.38999938964844,0.2854079227869863,0.1981448682673264,0.1576987243865023,2,Bear
2022-10-28,-0.0102631741011786,0.0235117974387459,-0.0068977215201361,25.75,0.2833102525936183,0.1984572532440614,0.1616746048702042,2,Bear
2022-10-31,-0.0081948861927748,-0.0072495010052578,-0.0071536191177177,25.8799991607666,0.2777173204074689,0.1958415033070163,0.1638513481386769,2,Bear
2022-11-01,0.0101517261727974,-0.0043852751061069,0.0093026192527135,25.809999465942383,0.2666679641126636,0.1892380353612658,0.1430443417772933,2,Bear
2022-11-02,-0.0069969702028922,-0.0254164705910158,-0.004349966108114,25.86000061035156,0.262377608029529,0.189269090197811,0.1320848725836332,2,Bear
2022-11-03,-0.0038132974339371,-0.0103503034091092,-0.0054116954129529,25.299999237060547,0.2645855782306511,0.1880643981283266,0.1317197037770024,2,Bear
2022-11-04,0.0302345832528433,0.0142905941797721,-0.0169431838210986,24.549999237060547,0.2670956839544119,0.1939721149101793,0.1737662445745088,2,Bear
2022-11-07,-0.0039702607393793,0.009519958175422,-0.0100270922298893,24.350000381469727,0.2473025256138516,0.1940821626827094,0.1702985936292881,2,Bear
2022-11-08,0.0228363289406868,0.0053809269984161,0.0108758867331382,25.540000915527344,0.2448623157634174,0.1951758318385954,0.1798193186440836,2,Bear
2022-11-09,-0.0050298947591616,-0.0208173725717721,0.0032818626420354,26.09000015258789,0.2565393516743771,0.1947156827132331,0.1807895023068655,2,Bear
2022-11-10,0.0299901530039926,0.053497473202388,0.0377521446557216,23.530000686645508,0.3110411703100952,0.2386520972161939,0.2064847254121907,0,Crisis
2022-11-11,0.0065845979471178,0.0096319471759926,-0.003670966522462,22.520000457763672,0.3020028622625557,0.2367963127618211,0.2042121495729818,2,Bear
2022-11-14,0.0021852662272774,-0.0085432254919088,-0.00245469958378,23.729999542236328,0.2895166978494367,0.2352707815926547,0.1964296858419446,2,Bear
2022-11-15,0.0035106980811025,0.008492988116286,0.0160505877911752,24.540000915527344,0.280117100416735,0.2412656072522543,0.1964131951910651,2,Bear
2022-11-16,-0.0022987420952167,-0.0076581384226485,0.0216329192500235,24.11000061035156,0.281394249150162,0.2519700541873387,0.1974314527381671,2,Bear
2022-11-17,-0.0072939599616732,-0.0030643397124687,-0.0106082622181647,23.93000030517578,0.279902918393904,0.2455743275408878,0.1918424840566192,2,Bear
2022-11-18,-0.0069175073823137,0.0045300109140643,-0.0069010956020837,23.1200008392334,0.2766962331376005,0.2378814164154397,0.1945613729238981,2,Bear
2022-11-21,-0.0056056352070885,-0.0036425621734833,0.0042062863906912,22.36000061035156,0.2677221696222314,0.2257444894938076,0.18975627798077,2,Bear
2022-11-22,0.0011730356909015,0.0133671571302599,0.0140917875913691,21.290000915527344,0.2683011398132922,0.2243011651846284,0.188733738153439,2,Bear
2022-11-23,0.0062125033172795,0.0062818988982156,0.0172916011248734,20.350000381469727,0.2643582907430086,0.2119920511127296,0.1891563582622031,2,Bear
2022-11-25,0.0008581023409725,-0.0002238115998908,-0.0033960611104985,20.5,0.2621858839279395,0.2100493187829371,0.188789385764075,2,Bear
2022-11-28,-0.0079348936653714,-0.0160857093788322,0.0028147461706277,22.209999084472656,0.2687721596516601,0.2084003991860235,0.1917732042664442,2,Bear
2022-11-29,0.0049282615630087,-0.0017188633736483,-0.0117951761151633,21.88999938964844,0.2572388366460223,0.2119420481282508,0.186519097875932,2,Bear
2022-11-30,0.0127009210150128,0.0310145493366393,0.0073271090840085,20.57999992370605,0.275724329658401,0.2094676388661228,0.1849161976791223,2,Bear
2022-12-01,0.0182178423963075,-0.0007362355985031,0.0314466302093062,19.84000015258789,0.2748518482011705,0.2304706997214995,0.1903925794145829,2,Bear
2022-12-02,-0.0034616677176241,-0.0011543328227895,0.0124967672165676,19.059999465942383,0.2557072450404088,0.2298516725088511,0.1881381512853968,2,Bear
2022-12-05,-0.0173078053027201,-0.0181529496133144,-0.01410581884704,20.75,0.2625258366581319,0.2367528010560564,0.2009618160780234,2,Bear
2022-12-06,0.0027336344458788,-0.0145197951772829,0.0127976395788421,22.170000076293945,0.2665907271088419,0.2245471663434,0.1764518996113617,2,Bear
2022-12-07,0.0089984935565378,-0.0017025706063341,0.023289241868933,22.68000030517578,0.2655203147071574,0.2239666651037965,0.1761959911538562,2,Bear
2022-12-08,0.000841342527782,0.0078033015909158,-0.002744184474493,22.290000915527344,0.2660837785816107,0.2265147143358813,0.1609674447051319,2,Bear
2022-12-09,0.0035378943750204,-0.0074980739367426,-0.026358753943551,22.82999992370605,0.255650489697216,0.2543483454683609,0.1589416157051718,2,Bear
2022-12-12,-0.0082948418335018,0.0143141638943817,0.0031922746688548,25.0,0.1824935278987476,0.2260285608313199,0.1276338188556897,2,Bear
2022-12-13,0.0169368897336953,0.0075414045022637,0.0096097175732786,22.549999237060547,0.1813169502052432,0.2250079084113627,0.1383045355802858,2,Bear
2022-12-14,-0.0024359858905979,-0.0064141764854647,0.0042622292900802,21.13999938964844,0.180138232426527,0.2235296309913249,0.138785691687527,2,Bear
2022-12-15,-0.0164946003829018,-0.024765877844904,0.0038940710735974,22.82999992370605,0.1975738604932105,0.2198812192570115,0.1508397778519754,2,Bear
2022-12-16,0.00867101949516,-0.0118763126179283,-0.0112333153327529,22.6200008392334,0.199872900780847,0.2168846236251845,0.1535354771645487,2,Bear
2022-12-19,-0.0028218082489996,-0.0085159784781621,-0.0169483214866276,22.420000076293945,0.2013755518070301,0.2228664223749769,0.1514500708661716,2,Bear
2022-12-20,0.01645829894144,0.0013676870586149,-0.0179165713780866,21.479999542236328,0.2004721844276731,0.2318295230851156,0.158150685294001,2,Bear
2022-12-21,-0.0016573862871153,0.0148416913497907,0.0025103193343706,20.06999969482422,0.2082684882250135,0.2317015363385332,0.1564012379833393,2,Bear
2022-12-22,-0.0121589801689325,-0.0143689025204783,-0.0001929231655029,21.96999931335449,0.2066495156716898,0.227499959941975,0.1639202238327373,2,Bear
2022-12-23,0.0029938350392547,0.0057358306517163,-0.0147687365333055,20.8700008392334,0.2063781740342755,0.2261193014776463,0.1630964207161677,2,Bear
2022-12-27,0.0083946773027696,-0.0039513182065897,-0.0199711493473781,21.64999961853028,0.20634414490072,0.2360709778400461,0.1649731079814455,2,Bear
2022-12-28,-0.0045159890327506,-0.0125057361160649,-0.0059092834014567,22.13999938964844,0.2036917985463752,0.2361981376560389,0.1629048744873128,2,Bear
2022-12-29,0.005582639597805,0.0178403287557769,0.0112874213461149,21.440000534057617,0.2151656031283287,0.2370319562604363,0.1630825828450083,2,Bear
2022-12-30,0.0046677580293306,-0.0026376841959118,-0.0111868657391077,21.670000076293945,0.1804064277342599,0.2381183549276261,0.1586035164999917,2,Bear
2023-01-03,0.0083358168719463,-0.0042186526436133,0.018903794105399,22.89999961853028,0.1803013443995272,0.2196565061386024,0.1487707196352467,2,Bear
2023-01-04,0.0093678899395659,0.0076905270669946,0.0136076248027617,22.01000022888184,0.1840027582357536,0.2206031045943698,0.1506524474569628,2,Bear
2023-01-05,-0.0125296308674875,-0.0114790370959055,0.0041717383182907,22.459999084472656,0.1782439686964625,0.2168191642507102,0.143887370568568,2,Bear
2023-01-06,0.0185346638111992,0.0226732683309529,0.018229655708302,21.1299991607666,0.1920256120543437,0.2219119166209952,0.1552222645058564,2,Bear
2023-01-09,0.0022426010679794,-0.0005672305578289,0.0053101231472532,21.96999931335449,0.191974967219973,0.2055826359342507,0.1534098570095243,2,Bear
2023-01-10,0.0036693044744913,0.0069884266406564,-0.0166887742975542,20.57999992370605,0.1915550183216076,0.2121845448507027,0.1534130833939173,2,Bear
2023-01-11,-0.0006870298860052,0.0125685411230047,0.0161211469969221,21.09000015258789,0.1948585557532602,0.2020266760049339,0.1536844524434905,2,Bear
2023-01-12,0.0115016032132319,0.0036341125595852,0.0194910425283337,18.82999992370605,0.1887263852939602,0.2130408680864247,0.1520928735065421,2,Bear
2023-01-13,0.0119303337025929,0.003871902531668,-0.0094173136033911,18.350000381469727,0.1872966134760728,0.2130970834030313,0.1472447642139155,2,Bear
2023-01-17,-0.0065665912906243,-0.0018334330479069,-0.0064845690091823,19.36000061035156,0.1860480468224169,0.2134452928533027,0.1497732223243102,2,Bear
2023-01-18,-0.0028758838411488,-0.0159140288689378,0.0239425573332133,20.34000015258789,0.1732757072204586,0.2297022985339187,0.1345337876258792,2,Bear
2023-01-19,0.0157439313774708,-0.0073065958364433,-0.0062794071094372,20.520000457763672,0.1698710693930179,0.2272406275109858,0.1402264033506669,2,Bear
2023-01-20,-0.0033409804213138,0.018457769480123,-0.0163442284582556,19.850000381469727,0.1770541527383763,0.2266693903792811,0.1405371920362948,2,Bear
2023-01-23,0.0018946378029897,0.0119272899733977,-0.004718974158582,19.809999465942383,0.1803664972416851,0.2176629713243921,0.1325441700110007,2,Bear
2023-01-24,0.0036119840879409,-0.0010739995730337,0.0142780388746792,19.200000762939453,0.1749334881092107,0.2224368238030599,0.131523163479024,2,Bear
2023-01-25,0.004593393795208,0.000374587868258,0.0024220067136392,19.07999992370605,0.165054474534049,0.2223572248884766,0.1192070261858906,2,Bear
2023-01-26,-0.009096515003608,0.0109305873744737,-0.004662886235864,18.729999542236328,0.1673447700021642,0.2155704883756689,0.1274752398513193,2,Bear
2023-01-27,-0.0013939615756237,0.0022951537180572,-0.0025272309145299,18.51000022888184,0.1656343090030743,0.2009428607692416,0.1271087440047528,2,Bear
2023-01-30,-0.0025700149312909,-0.0126263743365485,-0.0036615752537423,19.940000534057617,0.1657765116770836,0.1998312941355083,0.1258528601215219,2,Bear
2023-01-31,0.0036296165072691,0.0145965581964908,0.0079633106853355,19.39999961853028,0.1624486254840516,0.1984491565612285,0.1255257195182151,2,Bear
2023-02-01,0.0125181345283875,0.0105716742523334,0.0119491825652117,17.8700008392334,0.16334146552165,0.1937750731447226,0.1298005978267942,2,Bear
2023-02-02,-0.0209702840085377,0.0144519130324962,0.0012936266575997,18.729999542236328,0.1651524860436328,0.186252968487538,0.1529956855787816,2,Bear
2023-02-03,-0.0252744964012274,-0.0106860487221004,-0.0150688676441963,18.32999992370605,0.1724995647443632,0.1925216309043869,0.1768067857143114,2,Bear
2023-02-06,0.0020732591842408,-0.0061300139584578,-0.0074312988429937,19.43000030517578,0.1676033952816245,0.1949558935736234,0.1706715164462226,2,Bear
2023-02-07,0.0009200023760844,0.0129938505933995,-0.0080580188425818,18.65999984741211,0.1567847134251468,0.1873455932261368,0.1582084043914091,2,Bear
2023-02-08,0.0024685447555079,-0.0109949131821153,0.0047475175188471,19.6299991607666,0.1639521005582262,0.1871572827318968,0.1582493590036564,2,Bear
2023-02-09,-0.0079438874640135,-0.0087071253000244,-0.009518346419767,20.709999084472656,0.1677730004160137,0.1806150854940202,0.160038167741965,2,Bear
2023-02-10,0.001905377935128,0.0023309717973851,-0.0112527175654669,20.530000686645508,0.1633143480469966,0.1753767398935382,0.1602453507582065,2,Bear
2023-02-13,-0.0050890977989504,0.011670518852157,0.0083793733660491,20.34000015258789,0.1669790976031746,0.1628588659560062,0.1550121207086638,2,Bear
2023-02-14,0.0007534549847423,-0.0004601539969627,-0.0023041667511381,18.90999984741211,0.1669979450093923,0.1603184944364216,0.1478104034603245,2,Bear
2023-02-15,-0.0100146468474003,0.0032419398295928,-0.0093692123236226,18.229999542236328,0.1665850194537718,0.161840893897959,0.1497207566603259,2,Bear
2023-02-16,-0.000819572636313,-0.0138642304999877,-0.0142691246262352,20.170000076293945,0.163953345254661,0.139486924561741,0.1497094417631298,2,Bear
2023-02-17,0.0029823390721485,-0.0025014727007442,0.0077462563325655,20.020000457763672,0.1613408840564837,0.143813267021455,0.136918398860692,2,Bear
2023-02-21,-0.0037440046605545,-0.020264939185391,-0.0196286383365359,22.8700008392334,0.1678914469464775,0.1482086326581175,0.1369625944300369,2,Bear
2023-02-22,-0.0056423768979153,-0.0013790758882495,0.0091222223961514,22.290000915527344,0.1626091559287461,0.1533315479156647,0.1365001257637347,2,Bear
2023-02-23,-0.0005305918526508,0.0053053607475586,0.0097249367277376,21.13999938964844,0.1636993518693744,0.1479978513478107,0.1348231695091558,2,Bear
2023-02-24,-0.0072206822499255,-0.010739644174278,-0.0130866861768201,21.670000076293945,0.1678993710565678,0.1517124292086758,0.1327266607712475,2,Bear
2023-02-27,0.0039126704061281,0.0034000763793668,0.0027694413285869,20.950000762939453,0.1634208145252855,0.1527761343328834,0.1334377810679647,2,Bear
2023-02-28,0.0045456218517804,-0.0037031387534568,0.004532943004933,20.700000762939453,0.1632949880484972,0.1547051575014789,0.1358246975970799,2,Bear
2023-03-01,0.0057555556009345,-0.0038431051991963,-0.0108011330791098,20.57999992370605,0.1582527390525411,0.157527810856187,0.138857955740204,2,Bear
2023-03-02,-0.0005857351538961,0.0077472022064731,-0.0089067643811578,19.59000015258789,0.151547218800099,0.1542101734701174,0.1373957757858245,2,Bear
2023-03-03,0.0106660010558637,0.0159105869399209,0.0239371056514194,18.489999771118164,0.1576992625236232,0.1735335001208484,0.1349939502449158,2,Bear
2023-03-06,-0.0050565936951402,0.0006924542567001,-0.0077838261127219,18.61000061035156,0.1478582406505441,0.1737269421827,0.117655868957816,2,Bear
2023-03-07,-0.0176350683906361,-0.0154475349630965,0.0061139071688436,19.59000015258789,0.1524632057763234,0.1709169023484787,0.1000350572406835,2,Bear
2023-03-08,-0.0004745630282821,0.0016308545249255,0.0009826529675862,19.11000061035156,0.1519621292603919,0.1701299523226936,0.0993240821670758,2,Bear
2023-03-09,0.0098011277000977,-0.0186221880961844,0.0024524161733257,22.61000061035156,0.1539844219880172,0.1691190229172038,0.1065195590666833,2,Bear
2023-03-10,0.0213336672477239,-0.0145345633741197,0.0339046827954582,24.799999237060547,0.156822801810965,0.2078829703971615,0.1314836564065812,2,Bear
2023-03-13,0.0226888619465587,-0.0014263742598201,0.0022701887466642,26.520000457763672,0.1554826378162172,0.2049792736253787,0.1501002339445343,2,Bear
2023-03-14,-0.0058078979813613,0.0163951503157243,-0.016577860139034,23.729999542236328,0.1682272688339667,0.2096656976507484,0.152080540112563,2,Bear
2023-03-15,0.0077738384371423,-0.0062741321838448,0.0191259734201693,26.13999938964844,0.1612720273151799,0.2179359474399243,0.1521789509932757,2,Bear
2023-03-16,0.0020180543660701,0.0173931949507898,-0.007853616471367,22.989999771118164,0.1757410804589814,0.2198198169456028,0.1521579443692402,2,Bear
2023-03-17,0.0287042767313046,-0.0117618328312439,0.014897712662274,25.51000022888184,0.1778326030491097,0.2218971174543446,0.1726071184473416,2,Bear
2023-03-20,0.0003807952240648,0.0095698452118523,-0.0088363508874787,24.14999961853028,0.1777597899261365,0.2176852387162292,0.1722818820650657,2,Bear
2023-03-21,-0.0190555245693376,0.013045051208208,-0.0086293438869105,21.3799991607666,0.1847276659614472,0.2197154587182521,0.1892252669468868,2,Bear
2023-03-22,0.0168773822476493,-0.017193388534887,0.0132451778651707,22.26000022888184,0.1809178569164144,0.2094957487752912,0.1941159217088012,2,Bear
2023-03-23,0.0124602240636757,0.0026997713525286,0.0,22.61000061035156,0.1812646735914475,0.2084548894039664,0.1935604705287291,2,Bear
2023-03-24,-0.0113161368911652,0.0065404708335975,0.0042205169092184,21.739999771118164,0.1818097253073701,0.2069012240277979,0.2004439568485531,2,Bear
2023-03-27,-0.0092998317455166,0.0018680971062669,-0.0237710719131949,20.600000381469727,0.1779859864100873,0.2197521771745907,0.20200740809422,2,Bear
2023-03-28,0.0081557445730061,-0.0022473623621332,0.0018187832201735,19.96999931335449,0.1777794830667664,0.2197174996151356,0.202597740704346,2,Bear
2023-03-29,-0.0049731154716589,0.0144304380205248,-0.0020107240650931,19.1200008392334,0.1841011173860224,0.2197994501684326,0.2048867846525708,2,Bear
2023-03-30,0.0089989641395777,0.0058381493062683,0.0045907349863644,19.020000457763672,0.1840864356931614,0.2155267490606152,0.2056536518071733,2,Bear
2023-03-31,-0.0052258772770236,0.0139962294194831,0.0148697369820159,18.700000762939453,0.1880944996682338,0.2160247673738412,0.2074645595342327,2,Bear
2023-04-03,0.0071785825192108,0.0038033648588775,0.0046919651588493,18.549999237060547,0.1809873777994438,0.2026050077489531,0.2062700097832359,2,Bear
2023-04-04,0.0184693456951084,-0.0055635772737964,0.0049597812099664,19.0,0.1824007528096807,0.1994194545619405,0.2104394779711054,2,Bear
2023-04-05,-0.0007982432900847,-0.0026215941895364,0.0104003287545163,19.07999992370605,0.1733020810014278,0.2008432104813599,0.1958686324903289,2,Bear
2023-04-06,-0.0071596603748997,0.0038931995610094,0.0025830893068521,18.39999961853028,0.1735361632105598,0.2007087596199281,0.1996152751826474,2,Bear
2023-04-10,-0.0074274015300658,0.0010258301627529,-0.016256107478817,18.96999931335449,0.1576001419938342,0.2117015100903935,0.2030891547113886,2,Bear
2023-04-11,0.0063006652922904,0.0002685420709274,0.0020584036318381,19.100000381469727,0.1455239513572921,0.1777613103531747,0.1933652623920466,2,Bear
2023-04-12,0.0048732452945133,-0.0040842956185042,-0.0010287935320776,19.09000015258789,0.1468354103561906,0.1777737052558299,0.1802402553133044,2,Bear
2023-04-13,0.0134251505879818,0.0131952444282039,-0.0078893747024661,17.799999237060547,0.143512225257914,0.1695562974117997,0.1814677315837884,2,Bear
2023-04-14,-0.0178690172198992,-0.0024457928836644,-0.0091884890259977,17.06999969482422,0.1410698769848021,0.1595081997992732,0.1948405716281411,2,Bear
2023-04-17,-0.0044637027644765,0.003581834861245,-0.0119673514011169,16.950000762939453,0.1309880721316091,0.1625573992815125,0.1961764395001076,2,Bear
2023-04-18,0.0038732698004284,0.0006519128726335,0.0035572286002541,16.829999923706055,0.1208927393891051,0.1534852975020215,0.1704758362305618,1,Bull
2023-04-19,-0.004789973842758,-0.0001687580985303,-0.0009601772146203,16.459999084472656,0.1187800516699086,0.150869947608955,0.1715121283712694,1,Bull
2023-04-20,0.0039305245569869,-0.0054722496043429,0.008513133725603,17.170000076293945,0.1151457381877335,0.1512046024864154,0.1564982612501216,1,Bull
2023-04-21,-0.0099368769044517,0.0007768153985649,-0.0056354463098911,16.770000457763672,0.0930467494088287,0.1445469858774024,0.1507314171717292,1,Bull
2023-04-24,0.0030347260178608,0.0010425529047133,0.0096278626455129,16.889999389648438,0.0931518785997178,0.1489837667536336,0.1444862941874765,1,Bull
2023-04-25,0.0050734265105617,-0.0160011148622131,0.01459757726282,18.76000022888184,0.1112034332202361,0.157088867520689,0.1397307017758892,2,Bear
2023-04-26,-0.0054522226988371,-0.0042445761079321,-0.0107154940377909,18.84000015258789,0.1127644894170313,0.1372800172284466,0.1369237462938332,2,Bear
2023-04-27,5.409892927983666e-05,0.0197124007773451,-0.0099720221069916,17.030000686645508,0.1293870472114447,0.1421575778165639,0.1342334090840459,2,Bear
2023-04-28,0.0002706158931134,0.0084989309201372,0.0160019592553538,15.779999732971191,0.1237029941292999,0.1519382732409343,0.1328406356137469,2,Bear
2023-05-01,-0.0045014682483947,-0.0010102349790715,-0.0292588342407813,16.079999923706055,0.1230891425549863,0.1839742099187225,0.1302783999050883,2,Bear
2023-05-02,0.0191128216996457,-0.0113028857174941,0.0246148702927482,17.780000686645508,0.1215884270913061,0.196892246693685,0.1445995596109274,2,Bear
2023-05-03,0.0084433303940008,-0.0068876041609334,0.0055661494328961,18.34000015258789,0.1231908756255433,0.1971811768748154,0.1453334563246984,2,Bear
2023-05-04,0.0070083375794601,-0.0071081181641452,-0.0099279172086978,20.09000015258789,0.1241285819619031,0.1991792666096674,0.1330422546911954,2,Bear
2023-05-05,-0.0157716720128652,0.0183432022943073,-0.0033308916487982,17.190000534057617,0.1396997733893994,0.1951521953979801,0.1446564926534001,2,Bear
2023-05-08,0.0012261535425393,0.0002665769025018,-0.0141138647003199,16.979999542236328,0.1391812786621976,0.1994033669146071,0.1423945503449897,2,Bear
2023-05-09,0.0070611734943207,-0.0043949368803534,-0.0035841059568165,17.709999084472656,0.1401431553424627,0.1928537556423111,0.1413219138748145,2,Bear
2023-05-10,-0.0014294640409972,0.0046613659238011,0.0096573251402686,16.940000534057617,0.1410121759921319,0.1964202270461318,0.1401979779468249,2,Bear
2023-05-11,-0.0086197995462801,-0.0017452937883452,0.0105163531325613,16.93000030517578,0.1403138781500075,0.2005828497564186,0.1428162469547845,2,Bear
2023-05-12,-0.0017115440993107,-0.0013112226358032,-0.008404348751671,17.030000686645508,0.1325244779010728,0.2008244522492392,0.1342353875600376,2,Bear
2023-05-15,0.0021389727993926,0.0034441253393675,-0.0104113087102851,17.1200008392334,0.1328466092318135,0.2015202422683751,0.119098762319261,2,Bear
2023-05-16,-0.0125781683307229,-0.0067051801217324,-0.0030092657932589,17.989999771118164,0.134186498589853,0.1975849971671169,0.1262209175877801,2,Bear
2023-05-17,-0.0034678951337033,0.0120658881328037,-0.0029202192582422,16.8700008392334,0.1409947459130473,0.1972582360734271,0.1258192886791082,2,Bear
2023-05-18,-0.0130577944134068,0.0095870839054207,-0.0074363777785049,16.049999237060547,0.1447458170878449,0.1986671157459631,0.1324408191653638,2,Bear
2023-05-19,0.0098501566522876,-0.0014561814003142,-0.0070964138007577,16.809999465942383,0.1432906437056008,0.1966626168575199,0.1366879826928878,2,Bear
2023-05-22,-0.0023442435084917,0.0004059696682806,-0.0035672669577229,17.209999084472656,0.1432962756330704,0.1962683104755668,0.1326456431196449,2,Bear
2023-05-23,0.0012000108481294,-0.0112860805549881,0.0028747058763891,18.530000686645508,0.1492263807020255,0.1927725959351536,0.1322213612947564,2,Bear
2023-05-24,-0.0081011761113672,-0.0072711320448624,-0.0049614390922963,20.030000686645508,0.1400924237853195,0.1833576701869098,0.1332758702121218,2,Bear
2023-05-25,-0.0096645790468163,0.0086224749660422,-0.0024895080747748,19.13999938964844,0.1415873734787414,0.1811018854576803,0.1358295392764582,2,Bear
2023-05-26,0.0039876062500003,0.0128676629180433,0.0080445393675531,17.950000762939453,0.1319676166500004,0.1824106646916903,0.1369603770526192,2,Bear
2023-05-30,0.0061714717783212,0.000380766984343,0.0099414809565234,17.459999084472656,0.1290183625610676,0.1761499617887373,0.1391566199474248,1,Bull
2023-05-31,0.0015370188425894,-0.0055604832821507,0.0086791937209999,17.940000534057617,0.1306351621612363,0.1487170501860168,0.1386584863828866,1,Bull
2023-06-01,0.0078671033779432,0.0094559105839217,0.0039158409027074,15.649999618530272,0.1272163316012425,0.1199371548744334,0.1233116713038488,1,Bull
2023-06-02,-0.0148572754201647,0.0143577042827611,-0.0110188161564767,14.600000381469728,0.1313028792345118,0.1221488725653164,0.1272663653011828,1,Bull
2023-06-05,0.0060023657211361,-0.0019180152529158,-0.0018645841232994,14.729999542236328,0.1278179691561553,0.1185628317850426,0.1264065972752156,1,Bull
2023-06-06,0.0010974372841257,0.002174994219105,0.0058768355895893,13.960000038146973,0.1141282051752863,0.1209939041277157,0.1165801213456458,1,Bull
2023-06-07,-0.0120832527588809,-0.003463722602534,-0.0149552149452524,13.9399995803833,0.1154607829809519,0.1221707205738351,0.121914214069508,1,Bull
2023-06-08,0.0131247330730928,0.0060304039888237,0.0116293816632385,13.649999618530272,0.1143200540794752,0.1293620134874526,0.1291571784686968,1,Bull
2023-06-09,-0.0026881301198417,0.0017927726056598,-0.0013728014436615,13.829999923706056,0.1139299649540726,0.1241672715558911,0.1292020012117481,1,Bull
2023-06-12,-0.0008792504640156,0.009030821742362,0.0029391487014156,15.010000228881836,0.1156558387738091,0.1180444635379635,0.1267555829262119,1,Bull
2023-06-13,-0.0073948331208413,0.0065714127266106,-0.0099297323606039,14.609999656677246,0.1156577246407057,0.1193256288965445,0.1284742354266997,1,Bull
2023-06-14,0.0005537743402144,0.0011900710758249,0.0079714567975284,13.880000114440918,0.1157669024565429,0.118613802435657,0.1280054529625079,1,Bull
2023-06-15,0.0070059823830363,0.012321417634857,0.0095600111121743,14.5,0.1150332795481175,0.1230604149537381,0.1249793943387141,1,Bull
2023-06-16,-0.001540401760915,-0.0034119846629754,-0.0038913176061712,13.539999961853027,0.1131854314437863,0.123414328791523,0.1246327395114381,1,Bull
2023-06-20,-0.0104046810434885,-0.005201622720418,0.0068964540138452,13.880000114440918,0.1137313287783678,0.1223165095201833,0.1216142064856816,1,Bull
2023-06-21,-0.0014474699268161,-0.0051370680702633,0.0024171612167686,13.199999809265137,0.1159053054587387,0.1189536151856532,0.1155880065730357,1,Bull
2023-06-22,-0.0099664806970392,0.0036032333103342,-0.0121437350249646,12.90999984741211,0.1158812331386702,0.1268004689772966,0.1195783402089839,1,Bull
2023-06-23,0.0027534519339434,-0.0075886919792509,0.0099199853684908,13.4399995803833,0.1110883183813242,0.1305035790738619,0.1201321472022036,1,Bull
2023-06-26,0.0017380933759117,-0.0040941879146918,0.001064134965387,14.25,0.1081359788352507,0.1285750834166811,0.1180098467916355,1,Bull
2023-06-27,-0.0046041185904783,0.0109035978931018,-0.0026135598316484,13.739999771118164,0.1100412726485016,0.1286241120472651,0.1145297771026513,1,Bull
2023-06-28,-0.0023100760234936,0.000504336186527,0.0042556739621903,13.43000030517578,0.1036338596514335,0.1268447302898029,0.1133761702770924,1,Bull
2023-06-29,-0.0010723394318449,0.0039336126098112,-0.018213376749884,13.539999961853027,0.1036664140846109,0.1395349740807871,0.1103657177409366,1,Bull
2023-06-30,0.0066412216886671,0.0117316503132752,0.0117262893974152,13.59000015258789,0.1047275387819951,0.1423063034923918,0.1134009879914227,1,Bull
2023-07-03,0.0011212477777403,0.0011498895935602,-0.0056857153978563,13.56999969482422,0.1021876354637214,0.1429506294224309,0.1090258793775175,1,Bull
2023-07-05,-0.0035362776439635,-0.0014883693720549,-0.009547692957627,14.18000030517578,0.0935848310517967,0.1416526759945235,0.097891912402699,1,Bull
2023-07-06,-0.002984649764026,-0.0078613071636067,-0.0142440107594618,15.4399995803833,0.0987157328179949,0.1496582980231535,0.0948669007705327,1,Bull
2023-07-07,0.0074730048154887,-0.0025279804219109,-0.0060374347473839,14.829999923706056,0.0996841892846569,0.1485743153843425,0.0993450655324836,1,Bull
2023-07-10,0.0007833887164984,0.0025279804219109,0.0013112926624494,15.06999969482422,0.09820140537199,0.1403912619491993,0.0908554222629911,1,Bull
2023-07-11,0.0037406077556986,0.0063482256797006,0.0051271324504476,14.84000015258789,0.0983873304871888,0.1349161158784917,0.0782416076223903,1,Bull
2023-07-12,0.0134505552157077,0.0080138068606944,0.0110700327469935,13.539999961853027,0.100843907422928,0.141194004392333,0.0921062589508057,1,Bull
2023-07-13,0.0007144446386035,0.0079054684408583,0.0104574734498827,13.609999656677246,0.0999164857411887,0.1457515451140794,0.0920891477594986,1,Bull
2023-07-14,-0.0031917364290746,-0.0006229554533125,-0.0059057576354465,13.34000015258789,0.0987578875633027,0.1429456606494903,0.0889131808868282,1,Bull
2023-07-17,0.0007163001287566,0.003466210653215,0.0004931633385935,13.479999542236328,0.0989727407274082,0.1401202159527541,0.0889223239915795,1,Bull
2023-07-18,0.0113911519159545,0.0074030046613679,0.0045291153948645,13.300000190734863,0.093606641103057,0.136752838459009,0.0942624469014134,1,Bull
2023-07-19,0.0001633431137892,0.0022213761606953,0.0112333910794265,13.760000228881836,0.0919719920890887,0.1418692600436791,0.0939933724070427,1,Bull
2023-07-20,-0.0050762515407075,-0.0066566271372238,-0.0122162599254181,13.989999771118164,0.0934688041719166,0.1460443800781569,0.0877891842618285,1,Bull
2023-07-21,-0.003069238517008,0.0,0.0002950379994581,13.600000381469728,0.090443995466671,0.1456730108645569,0.0884859563836404,1,Bull
2023-07-24,-0.0042906650791519,0.0044573027523599,-0.0036438841551068,13.90999984741211,0.0907005003030047,0.1401453664105319,0.0817894500323742,1,Bull
2023-07-25,0.005552416740764,0.0027264959917042,-0.001876115698273,13.859999656677246,0.0838990524113494,0.1351587547354794,0.0831186438448146,1,Bull
2023-07-26,0.0048672507195615,0.0001536511380647,0.0009879304797401,13.1899995803833,0.081007617046284,0.1351452205239987,0.0841164955937225,1,Bull
2023-07-27,-0.0158367154149907,-0.0066521514206233,-0.0196446404832798,14.40999984741211,0.0811208343168314,0.1499619448006106,0.1012413422685902,1,Bull
2023-07-28,0.0079497075742812,0.0097428387525503,0.0051229278539504,13.329999923706056,0.0855275814029001,0.1504247049549396,0.1035760021413488,1,Bull
2023-07-31,0.0026907870721923,0.001902071584267,0.0024017788271821,13.630000114440918,0.0852946982453326,0.1382858493736984,0.1033491589243006,1,Bull
2023-08-01,-0.0104187669555819,-0.0028655056513499,-0.0165231323738249,13.93000030517578,0.0792863806167586,0.1409801820184983,0.1091679488828666,1,Bull
2023-08-02,-0.0047769939185,-0.0140086427770097,-0.0107563514310921,16.09000015258789,0.0955940125228662,0.14371190449223,0.1107017391482331,1,Bull
2023-08-03,-0.0003342029183236,-0.0028699204609922,-0.0233417375316961,15.920000076293944,0.0961064707883745,0.1595971483925996,0.109855867498606,1,Bull
2023-08-04,0.003613876354074,-0.0045329262406543,0.0175573377015379,17.100000381469727,0.0930531309300216,0.16889659815036,0.1096319757928804,1,Bull
2023-08-07,-0.0022779889325187,0.0086905350563137,-0.0098901504742561,15.770000457763672,0.0961108773100881,0.1707472228681363,0.1072957638591463,1,Bull
2023-08-08,-0.0063612702400246,-0.0043581811832678,0.0115463542964696,15.989999771118164,0.0979471976972236,0.1765157508100222,0.1097197710067156,1,Bull
2023-08-09,-0.0047695633496728,-0.0067075472187373,0.005157785747971,15.960000038146973,0.0993534106459479,0.1765293948365471,0.1099877594410874,1,Bull
2023-08-10,-0.0010691758408616,0.0003588106023477,-0.016599774643714,15.850000381469728,0.0953752053778747,0.1785196331092038,0.0976920136097454,1,Bull
2023-08-11,0.0,-0.0005832478336693,-0.0023042103210897,14.84000015258789,0.0909258660239695,0.1722944982353497,0.0975529389534854,1,Bull
2023-08-14,-0.0030452205303896,0.0055047813809033,-0.0022041554673428,14.81999969482422,0.0931994678964699,0.1719896558579353,0.0975159546633863,1,Bull
2023-08-15,-0.0026580037072091,-0.01171724482446,-0.0061136224770065,16.459999084472656,0.1003933479795581,0.1718982643340608,0.0973979476134969,1,Bull
2023-08-16,-0.0057927751891949,-0.0073651202777061,-0.0078549599015733,16.780000686645508,0.0981102769732961,0.1702672651538873,0.0867450441765849,1,Bull
2023-08-17,-0.0015390561619561,-0.0076490196517895,-0.0042717498191978,17.889999389648438,0.099280129167967,0.1613163202516415,0.0863751543444034,1,Bull
2023-08-18,0.000171113589552,0.0004810347929994,0.0035254138466456,17.299999237060547,0.0981529186175215,0.1610260554446491,0.0861018613923197,1,Bull
2023-08-21,0.0027339296425673,0.0064851592052055,-0.0134201351887022,17.1299991607666,0.1020457342842657,0.163688346003885,0.0875046839196616,1,Bull
2023-08-22,0.0016481975934526,-0.0027120334335209,0.0076448044611508,16.969999313354492,0.0998849575614283,0.1689222644354825,0.0877030159940489,1,Bull
2023-08-23,0.0101133281445836,0.0110761065695553,0.0244753356681822,15.979999542236328,0.1083870083312127,0.1953931743956768,0.0934981254541335,1,Bull
2023-08-24,-0.0002248455933195,-0.013956051203885,-0.0066157148003906,17.200000762939453,0.1166805561286568,0.1954115014090926,0.0909679113903451,1,Bull
2023-08-25,-0.0012941233726573,0.0070250291097934,0.0032608571454178,15.68000030517578,0.1193791149809833,0.1866802078719492,0.0744043617608858,1,Bull
2023-08-28,0.0028672388757646,0.0063213606320639,0.001049619393841,15.079999923706056,0.1159163806947762,0.1852865981348113,0.068792502670313,1,Bull
2023-08-29,0.0097206923776326,0.0143513203717561,0.0103324675367329,14.449999809265137,0.1279195991839005,0.1896779664196953,0.0773107180264483,1,Bull
2023-08-30,0.0024987503158226,0.0041102385926806,-0.0010387355398687,13.880000114440918,0.1288524011450625,0.1818358035045123,0.0692822279731118,1,Bull
2023-08-31,-0.0016651113471639,-0.0014643851015756,0.0044593614015098,13.56999969482422,0.1193497780039315,0.1791109920397834,0.0674130685446609,1,Bull
2023-09-01,0.0004997991755412,0.001863480090008,-0.0157010802133325,13.09000015258789,0.1190299359653812,0.1683139124434219,0.0674055410688091,1,Bull
2023-09-05,-0.0081951746224915,-0.0043313093840526,-0.0141213807654246,14.010000228881836,0.1189298926717484,0.1626955284427887,0.0720168266709848,1,Bull
2023-09-06,-0.0045445560630184,-0.006745026249105,0.0024564587829448,14.449999809265137,0.1171471250511734,0.1601465198739449,0.0731757234560509,1,Bull
2023-09-07,0.0010678794784509,-0.0030750659710668,0.002769513157855,14.399999618530272,0.1166949078590737,0.1544197420299505,0.0701662056716644,1,Bull
2023-09-08,0.0003369702787594,0.0015049583597345,0.0038219596707275,13.84000015258789,0.114563976920338,0.1537952760638672,0.0681450775018452,1,Bull
2023-09-11,0.0018513951035425,0.0065550940704132,-0.0072314928883727,13.800000190734863,0.1168139431877873,0.1452054515520336,0.0682766918466032,1,Bull
2023-09-12,-0.0051699926635786,-0.0055007376328303,0.0057469356445347,14.229999542236328,0.1184967183474483,0.1468332598234541,0.0707861805325876,1,Bull
2023-09-13,-0.002312682045193,0.0011653380308387,-0.0002125700615567,13.479999542236328,0.1169163920207524,0.1466920673639154,0.0704375798337413,1,Bull
2023-09-14,0.0005080950731221,0.0085853681746617,-0.0072438206686448,12.81999969482422,0.1127301841018201,0.1473039941045541,0.0697799609439526,1,Bull
2023-09-15,0.0065821068949775,-0.0121213956105111,-0.00611301319228,13.789999961853027,0.1181431019481859,0.1463118087159268,0.069654446626794,1,Bull
2023-09-18,0.0058703831363188,0.000586173416559,0.0056850099521873,14.0,0.114306392259097,0.1469753518050816,0.0713020736183693,1,Bull
2023-09-19,-0.0009480950413542,-0.0020760471893483,-0.0074073496993755,14.109999656677246,0.1147842155658109,0.1486979990974051,0.0715902677728292,1,Bull
2023-09-20,0.0007251297423292,-0.0092357714825877,0.0031199606817777,15.140000343322754,0.1179190512077748,0.1412348224297546,0.0713308573739046,1,Bull
2023-09-21,-0.0072748111459232,-0.0166664269944866,-0.0260097040560237,17.540000915527344,0.1312537790619452,0.1656027871409801,0.0767227421362274,1,Bull
2023-09-22,0.0031961900557462,-0.0022510211175563,0.0080163252141163,17.200000762939453,0.1242847874187068,0.1415601288349663,0.0692031536064406,1,Bull
2023-09-25,-0.0051638989324708,0.0041962666483277,-0.0249169422757523,16.899999618530273,0.1164862823656648,0.1618940855133828,0.0716523871227977,1,Bull
2023-09-26,-0.0080230849379646,-0.0148002195811555,-0.0034818377166755,18.940000534057617,0.1234211277802403,0.1603794298855779,0.0767466113343464,1,Bull
2023-09-27,-0.012443751217319,0.000398984877794,-0.0051894878655343,18.21999931335449,0.1204323402424805,0.1597791059849928,0.0863581878909492,1,Bull
2023-09-28,-0.0050097152043379,0.0057808350579343,0.0030489975471449,17.34000015258789,0.1092080358179122,0.1537463302021961,0.0777731887573241,1,Bull
2023-09-29,-0.0103285055180993,-0.0024299019214405,0.0001131108346958,17.520000457763672,0.1068676940791102,0.1540572932254453,0.081464309217145,1,Bull
2023-10-02,-0.0105542058560987,-0.0003977972398919,-0.0168821230775721,17.610000610351562,0.1070470396250176,0.1574589180336886,0.0861368962538616,1,Bull
2023-10-03,-0.0028924210000569,-0.0134765100476952,-0.0217461522063105,19.780000686645508,0.1125193578946174,0.1640127862568582,0.0852842971480241,2,Bear
2023-10-04,-0.0001182635075601,0.0072554857988542,0.0140088893652829,18.57999992370605,0.1179045270886027,0.1730785897861989,0.0836429658256419,2,Bear
2023-10-05,-0.0018344684108627,-0.0003767794037527,-0.0049974754011483,18.489999771118164,0.1170845079594188,0.171659485671598,0.0833764221478668,2,Bear
2023-10-06,0.0051398519222737,0.0118030445919753,-0.012190854535306,17.450000762939453,0.1266498790675321,0.1719908275971735,0.0866830748535909,2,Bear
2023-10-09,0.0182184785369434,0.0063817581322218,0.0231987491091441,17.700000762939453,0.1292087133316531,0.1956508533931768,0.1119367267411489,2,Bear
2023-10-10,-0.0016795054754092,0.0051912948966541,-0.0013838018001667,17.030000686645508,0.1282511405179383,0.1954229783493596,0.1112998917543906,2,Bear
2023-10-11,0.00727650782611,0.0040878701581288,0.0206710688985665,16.09000015258789,0.128625551040303,0.2106288383444772,0.1145670929520339,2,Bear
2023-10-12,-0.0030543103873241,-0.0061149648944742,-0.0275027618758546,16.690000534057617,0.1296380525477259,0.2269046146116985,0.1147026258175532,2,Bear
2023-10-13,0.0316423193817758,-0.0049933725501517,0.0177344362233039,19.31999969482422,0.1251494893862324,0.2388029461701862,0.161251961500111,2,Bear
2023-10-16,-0.0048768004743516,0.0104664909837017,-0.0162248480495782,17.209999084472656,0.1262908894997693,0.243015420558759,0.1606406958946481,2,Bear
2023-10-17,0.0018525567250013,-4.59960460089158e-05,-0.0110822727352091,17.8799991607666,0.1262228185187288,0.2420177834246073,0.1593564955213146,2,Bear
2023-10-18,0.0143671137834947,-0.0134145816780683,-0.0088364976982614,19.21999931335449,0.1335391841560727,0.2423036891727502,0.1672013463614459,2,Bear
2023-10-19,0.012199301049654,-0.0088251681721298,-0.0206860767992105,21.39999961853028,0.1332414526363452,0.2470907117133149,0.1721036181492709,2,Bear
2023-10-20,0.0027271753020748,-0.0123643478620613,0.0056624884495172,21.709999084472656,0.1277273383310068,0.2380706564389028,0.1695252296167145,2,Bear
2023-10-23,-0.0033827788768209,-0.0017346900373316,0.0119420562929673,20.3700008392334,0.12768323690302,0.2409254047429845,0.170206348409432,2,Bear
2023-10-24,-0.0001093368636913,0.0075112085253533,0.0130903118796769,18.96999931335449,0.1299174704512488,0.2347465410748969,0.1687397042228408,2,Bear
2023-10-25,0.004199991317574,-0.0144562392259371,-0.022512727204109,20.190000534057617,0.1294603101206953,0.2453397702375992,0.1654315002120124,2,Bear
2023-10-26,0.0015772080037926,-0.012046806235743,0.0152218242437796,20.68000030517578,0.1349021631612176,0.2529538086358223,0.1569533756121523,2,Bear
2023-10-27,0.0115626934248147,-0.0045431480072253,-0.0042575566941096,21.270000457763672,0.1325697304213164,0.2524278379476083,0.1572799287225732,2,Bear
2023-10-30,-0.0056565149769635,0.0118849872483059,-0.0045138458199114,19.75,0.1410235153929736,0.2523974162349054,0.1529039105811868,2,Bear
2023-10-31,-0.0054715039881712,0.0062605280877723,-0.0048938824909714,18.13999938964844,0.1434512769692626,0.247116836667496,0.1478869716657998,2,Bear
2023-11-01,-0.0031556165767174,0.0106084503167832,0.0214504072926236,16.8700008392334,0.1413601123729925,0.2486429015357311,0.1480417893614906,2,Bear
2023-11-02,0.0033185604405963,0.0189827893706555,0.0225407202775494,15.65999984741211,0.1540829709113243,0.2562593112772363,0.1473501326607756,2,Bear
2023-11-03,0.0036323164276059,0.0090821779589416,0.0067557908652364,14.90999984741211,0.156727550278815,0.2562636101708932,0.1458124443301884,2,Bear
2023-11-06,-0.0078230810507057,0.0022977311270342,-0.0097474604891967,14.890000343322754,0.1519574987828504,0.2547962725876608,0.1516700382172112,2,Bear
2023-11-07,-0.004153745714032,0.0028420611716656,0.0146423751792621,14.8100004196167,0.1507732205217909,0.2471253485017002,0.1442767106037424,2,Bear
2023-11-08,-0.0100176534706271,0.0007320631096917,0.0168903562464392,14.449999809265137,0.149816391188359,0.2530706855829966,0.1501772582899931,2,Bear
2023-11-09,0.0039750574137907,-0.0078292316738623,-0.0232697702903616,15.289999961853027,0.1516919035125531,0.2573741527002779,0.1492094369880143,2,Bear
2023-11-10,-0.0109696999532453,0.0154842469588453,0.0055843417747961,14.170000076293944,0.1594619356089391,0.2382194336429269,0.1550365118602387,2,Bear
2023-11-13,0.0055552613869158,-0.0009536158068763,-0.0022755933210179,14.760000228881836,0.1582356957370066,0.2307005563325024,0.1118508948753738,2,Bear
2023-11-14,0.0088796361866047,0.0192149056159344,0.0224143728260581,14.15999984741211,0.1674964924917577,0.2347046037821988,0.113738908695886,2,Bear
2023-11-15,-0.0026390807860946,0.0021148808133026,-0.0141333148251492,14.18000030517578,0.167434211731271,0.2370897802028109,0.1144268023901234,2,Bear
2023-11-16,0.0112228645793535,0.0012224223562811,0.0123496309132144,14.31999969482422,0.1584780287324494,0.2362963654534399,0.1101997582244395,2,Bear
2023-11-17,-0.0001089082776975,0.0012429306651736,0.0046759076216858,13.800000190734863,0.1534374737072964,0.220088920267927,0.1020126314982505,2,Bear
2023-11-20,-0.001634716238304,0.0076682053277729,0.0060895421861678,13.40999984741211,0.1441578053967566,0.2201303234951775,0.1017431822633602,2,Bear
2023-11-21,0.010740019593542,-0.0021817468867126,-0.0004414267981065,13.350000381469728,0.144374385930374,0.218813221812441,0.1075245302065504,2,Bear
2023-11-22,-0.0042713618891719,0.0038532038447115,0.0035279287062515,12.850000381469728,0.1436731321021298,0.2160793480836604,0.1088366132099461,2,Bear
2023-11-24,0.0051881153396815,0.0006151509594747,-0.0118453539166062,12.460000038146973,0.1287807705994609,0.2028740283123999,0.1093220868267752,1,Bull
2023-11-27,0.0067152202241083,-0.0018024595066575,0.0165658698623717,12.6899995803833,0.1169182107005194,0.2038904129751835,0.1114100914569497,1,Bull
2023-11-28,0.013243765854618,0.0009896024014654,0.0019695253456768,12.6899995803833,0.112965095619976,0.2019525764552941,0.1136042169838011,1,Bull
2023-11-29,0.0014783465644929,-0.0007036720630361,0.0124926705109563,12.979999542236328,0.1115271560481142,0.2014942013776088,0.1111660904826273,1,Bull
2023-11-30,-0.0041766604910127,0.0039296896029246,-0.0116186106251731,12.920000076293944,0.1112959112554058,0.2068567416613168,0.110284415851483,1,Bull
2023-12-01,0.0171240372669512,0.0058984775640193,0.018659162161387,12.630000114440918,0.1090316116169844,0.2041845195060513,0.1219704838610005,1,Bull
2023-12-04,-0.0218504175807456,-0.0052632626890461,-0.0039871726198291,13.079999923706056,0.0987422075797709,0.1949120104670787,0.1474490898925251,1,Bull
2023-12-05,-0.003786606077863,-0.0001971210066324,0.021258138182741,12.850000381469728,0.0964905113156645,0.2045656173630703,0.1479920942473349,1,Bull
2023-12-06,0.0036801154063575,-0.004037763034147,0.0132299237719004,12.970000267028809,0.0989903582306388,0.2008437104726074,0.1450744883233183,1,Bull
2023-12-07,0.0016489674559858,0.0076013097482859,-0.0057532404602094,13.0600004196167,0.1008320184076725,0.2007976898198529,0.1437873544492504,1,Bull
2023-12-08,-0.0134301735146682,0.0042901155213824,-0.0082168562594151,12.350000381469728,0.1009030393911977,0.1991976536536121,0.1476443550109973,1,Bull
2023-12-11,-0.0111043205602533,0.0038819116324737,-0.0021178804075541,12.630000114440918,0.0937963038322262,0.1766106385724242,0.1532906534110979,1,Bull
2023-12-12,-0.0005447904909059,0.004556935741528,0.0029635818428449,12.06999969482422,0.0824082303869823,0.1764980977463092,0.1475683759268981,1,Bull
2023-12-13,0.0223117644889142,0.0136957550953605,0.023191498495067,12.1899995803833,0.0900069815193173,0.1875029277594984,0.1644707457421146,1,Bull
2023-12-14,0.0058454350891878,0.0032043437881238,0.0256802085846195,12.479999542236328,0.0685865255055034,0.1916588773334414,0.1631655779014357,1,Bull
2023-12-15,-0.0092087827575076,-0.001647923760817,0.0011102975470833,12.279999732971191,0.0700132806516452,0.1793881384547994,0.1669099133086901,1,Bull
2023-12-18,0.0045351876568234,0.0056093698162523,-0.0079996743288928,12.5600004196167,0.0708624549216243,0.1836881128631201,0.1635164354931646,1,Bull
2023-12-19,0.0067908306061815,0.0060625190362923,0.0053738251594067,12.529999732971191,0.0717987045459074,0.1837011959402773,0.1646345890625685,1,Bull
2023-12-20,-0.0054608663623584,-0.0139542894733312,0.0067521971978472,13.670000076293944,0.089670263073782,0.1837755802398379,0.1660492049667845,1,Bull
2023-12-21,0.0070457557204403,0.0094371522692075,-0.006347836808316,13.649999618530272,0.0924245874620373,0.1870085448582923,0.1638571462790318,1,Bull
2023-12-22,0.0044246140313629,0.0020077232757589,-0.0045590647612089,13.029999732971191,0.0922273773444543,0.1896282079647303,0.163074747503425,1,Bull
2023-12-26,0.0075918421515084,0.0042136521750959,0.0028393601115245,12.989999771118164,0.092338034268297,0.1806475465175897,0.1639789133736429,1,Bull
2023-12-27,0.0045275772625212,0.0018064371122199,0.0175643909941248,12.43000030517578,0.0911690387367212,0.1814958405658623,0.1632868967919172,1,Bull
2023-12-28,-0.0058324131605246,0.0003776574480017,-0.0072892334654252,12.470000267028809,0.0913167972357602,0.1861412338474444,0.1592649237368527,1,Bull
2023-12-29,-0.0015680697977631,-0.0028991791588573,-0.0090608011876329,12.449999809265137,0.0925704535447102,0.1893383918945099,0.1593914432749639,1,Bull
2024-01-02,-0.0023566846852945,-0.005612170011558,-0.0057815429822358,13.199999809265137,0.0962970345345829,0.1845178234080208,0.1588556663178529,1,Bull
2024-01-03,-0.0083717551598921,-0.0082000570994771,0.0041620448396232,14.039999961853027,0.1011091523109886,0.1763533811981598,0.1495029252837043,1,Bull
2024-01-04,0.0010041086074332,-0.003226291527682,-0.0153111073290768,14.130000114440918,0.0997082442507975,0.1861003490978389,0.1282542481189025,1,Bull
2024-01-05,0.0001584428568193,0.0013687015220042,-0.0096121090138494,13.350000381469728,0.0995625481034383,0.1773313611402438,0.1273688224614354,1,Bull
2024-01-08,-0.0078469782930158,0.0141750160099744,0.0098178691732255,13.079999923706056,0.1068471947854379,0.1747392249892479,0.1300382678942407,1,Bull
2024-01-09,0.0003193058065587,-0.0015182135778739,-0.0063965915894436,12.760000228881836,0.1057309335630191,0.1750584914240748,0.1299083106923702,1,Bull
2024-01-10,-0.0022906686849215,0.0056394921047486,-0.0046682306360242,12.6899995803833,0.1062347935080396,0.1731774004950489,0.1208751972360324,1,Bull
2024-01-11,0.0019713628783626,-0.0004407563666352,0.0055993892544326,12.4399995803833,0.1062515175893946,0.1735082575153695,0.1133450981665796,1,Bull
2024-01-12,0.0097464174657847,0.0006924735680979,-0.0019666421546616,12.699999809265137,0.1057616694152609,0.1737654292905286,0.117013409242152,1,Bull
2024-01-16,-0.0095334814649171,-0.0036779036617505,-0.0177699902813534,13.84000015258789,0.0972285290761562,0.1659064922876629,0.0960744857464598,1,Bull
2024-01-17,-0.0110770755332536,-0.0055742456231038,-0.0015830552355381,14.789999961853027,0.099048628483457,0.1349696103121917,0.1010162105058458,1,Bull
2024-01-18,0.0081991767942437,0.0088534910058082,-0.0093391601186301,14.130000114440918,0.1031475963229872,0.1366340444456075,0.100614903798704,1,Bull
2024-01-19,0.0029842685447011,0.0123891021942339,0.0031937818010266,13.300000190734863,0.1096639487379726,0.136610319001566,0.0998932044976229,1,Bull
2024-01-22,-0.003785111631635,0.0021121814055945,0.0059341207431781,13.1899995803833,0.1082304952005245,0.1370104472927101,0.0975520988958613,1,Bull
2024-01-23,0.0038915513093621,0.00291226326738,-0.0079556704979072,12.550000190734863,0.0939830110335798,0.1345052375442239,0.0969170656571204,1,Bull
2024-01-24,-0.0082810842658064,0.0010925080329354,-0.005874318634384,13.140000343322754,0.0896256080681257,0.1343572144033593,0.0973440353962947,1,Bull
2024-01-25,0.0039621270789886,0.0054241471962239,0.0065131962538632,13.449999809265137,0.0907582323714931,0.1379213790519025,0.0970459252346305,1,Bull
2024-01-26,-0.0006949345993064,-0.001271283011846,-0.0019177688723853,13.260000228881836,0.090622913804832,0.1366940970414341,0.0921500677975351,1,Bull
2024-01-29,0.007033690942252,0.0078881595225178,0.0114506766473913,13.600000381469728,0.0935680007196072,0.1266812494391777,0.0944867261223738,1,Bull
2024-01-30,0.0013795741766668,-0.0007737825651068,0.0090251399015102,13.3100004196167,0.0938193586231486,0.1318253504723187,0.0931959185626401,1,Bull
2024-01-31,-0.0007426235867567,-0.0164518296784293,0.0097725645831914,14.350000381469728,0.1116856983271433,0.1351770335123838,0.0931453173569511,1,Bull
2024-02-01,0.0103469577000935,0.0130032757983202,0.0194258838531808,13.880000114440918,0.1168178969772761,0.1513673807933086,0.1003825100222226,1,Bull
2024-02-02,-0.0094982669201155,0.0104722052703912,-0.0223361937543415,13.850000381469728,0.1148940334687327,0.1692283380140373,0.1016235003342063,1,Bull
2024-02-05,-0.005529246178959,-0.0036477458820861,-0.0204004225815481,13.670000076293944,0.1151689415002196,0.175402803490514,0.1032116759601044,1,Bull
2024-02-06,0.0052110917695982,0.0028991631302139,0.0097264030742015,13.0600004196167,0.115100191830743,0.1767614709744027,0.1050498999998505,1,Bull
2024-02-07,-0.0002652330017039,0.0083058038535388,-0.0048513762191184,12.829999923706056,0.1093005023802094,0.1732798989847745,0.1013141310487082,1,Bull
2024-02-08,-0.0009022539588233,0.000441525133776,-0.0058316846421761,12.789999961853027,0.1086464708543618,0.1730758389136591,0.1013781919556,1,Bull
2024-02-09,-0.0038836838223868,0.0057626997043973,-0.0020223928056534,12.93000030517578,0.1086936630652838,0.1726375719295007,0.10200005533788,1,Bull
2024-02-12,-0.002615386638721,-0.0004389875172449,0.001171479687983,13.93000030517578,0.1086930806310057,0.171176877571424,0.1021349271109264,1,Bull
2024-02-13,-0.013884637194949,-0.0138687537261072,-0.0172832490453721,15.850000381469728,0.1224145972846348,0.1800128023237172,0.1058947620915642,1,Bull
2024-02-14,-0.0005962900909107,0.0090466267518455,0.0050761843232559,14.380000114440918,0.1232943961885863,0.1719304958219525,0.1015971651645217,1,Bull
2024-02-15,0.0067013085143281,0.0068760429723054,0.005157962061411,14.010000228881836,0.1207765287979961,0.1731558088146562,0.0977348152260444,1,Bull
2024-02-16,0.0036558786728406,-0.0049923609106903,-0.005804514119976,14.239999771118164,0.1217058058935762,0.1713160701369355,0.094105137757739,1,Bull
2024-02-20,0.0060458967511154,-0.0055206958365481,0.0008620066838003,15.420000076293944,0.118675608851356,0.1708943039316909,0.0960143586664352,1,Bull
2024-02-21,5.331114505738622e-05,0.0009055435820096,-0.0071344456805199,15.34000015258789,0.1186571944220295,0.1707064087269235,0.0950826996662842,1,Bull
2024-02-22,0.0004266309391015,0.0204841080461555,0.0048701706818398,14.539999961853027,0.1359506258931956,0.1700026001866759,0.0940784954624323,1,Bull
2024-02-23,0.0056356020239861,0.0006893782505781,0.0132976745112061,13.75,0.1359981656214059,0.1752511286769618,0.0911337570810313,1,Bull
2024-02-26,-0.0022291722929283,-0.0036692149492367,-0.0029872240576077,13.739999771118164,0.1368882772074055,0.1741742729150522,0.0907476516937394,1,Bull
2024-02-27,-0.001063248105826,0.0018560849550427,-0.0070772488431821,13.43000030517578,0.1364549338336573,0.1757865958519167,0.090805894952327,1,Bull
2024-02-28,0.0018068578078274,-0.0013225210341043,0.0063286874607816,13.84000015258789,0.1350595730459106,0.172341347989684,0.0876368276391263,1,Bull
2024-02-29,0.005137049487701,0.0035884511882892,0.0070325789759308,13.399999618530272,0.1350075559361615,0.1710838155920588,0.0893309989162587,1,Bull
2024-03-01,0.0187342049464241,0.0093446030939459,0.0062119179961644,13.109999656677246,0.1202173454203656,0.1687879089178204,0.1099028535354906,1,Bull
2024-03-04,0.016045575240364,-0.0010730313170312,-0.0040306602286509,13.489999771118164,0.1150412478568447,0.1521275396193341,0.1174519376841968,1,Bull
2024-03-05,0.0060020930123126,-0.0100444338319813,0.014141095584233,14.460000038146973,0.1183523763001188,0.1425827049292775,0.1114846645703451,1,Bull
2024-03-06,0.0081818391635687,0.0050544210013805,0.0058509842921809,14.5,0.1176797484556553,0.123351528528859,0.1097376319531641,1,Bull
2024-03-07,0.0056677512615818,0.0098774691416569,-0.0009379639929089,14.4399995803833,0.1210589932671166,0.1194026959933613,0.1098768716806239,1,Bull
2024-03-08,0.0084170251169512,-0.0060202207457946,-0.0017742108444257,14.739999771118164,0.1217769199585822,0.1181100100745944,0.110943116617581,1,Bull
2024-03-11,0.0018333385345244,-0.0008602904655958,-0.0005224366367184,15.220000267028809,0.1219738202895351,0.1158088086183779,0.1100678532485436,1,Bull
2024-03-12,-0.0110009160939685,0.0107000409679422,-0.008396320741591,13.84000015258789,0.1254393190330456,0.119917813773335,0.1183968303565096,1,Bull
2024-03-13,0.0069829660287375,-0.0015686753056634,-0.0048599824748153,13.75,0.1257152854795662,0.1214103631201602,0.1173270230007255,1,Bull
2024-03-14,-0.0041838797895551,-0.0019788035830676,-0.0154760802418357,14.399999618530272,0.1136867577525847,0.1182166728758935,0.1032282776802984,1,Bull
2024-03-15,-0.0031995196476152,-0.006890344283018,-0.0003227714956168,14.40999984741211,0.1145884626838996,0.1170384855467337,0.1050403118598543,1,Bull
2024-03-18,0.0016010012977577,0.0059255603423709,-0.0030170868999265,14.329999923706056,0.114042412939909,0.1161070065696263,0.1047464159798424,1,Bull
2024-03-19,-0.0011504677080451,0.0055416280891865,0.0028016379101074,13.81999969482422,0.1127053048618741,0.1146710846150901,0.1060009475257516,1,Bull
2024-03-20,0.0118414720111667,0.0092068241397502,-0.0003226750773299,13.039999961853027,0.1124165292719752,0.1146624371292093,0.109714227977034,1,Bull
2024-03-21,-0.0010391759354036,0.0032993200143651,0.0021507609820705,12.920000076293944,0.1123297141259171,0.1116769059488805,0.1102229449674546,1,Bull
2024-03-22,-0.0080533100178606,-0.0018977699295975,0.0095152058794371,13.0600004196167,0.0920664451795595,0.1150151316873811,0.1169547321215071,1,Bull
2024-03-25,0.0031893153617754,-0.002766455020185,-0.0050136445970058,13.1899995803833,0.0931821669912246,0.1072513360743466,0.1166038411019982,1,Bull
2024-03-26,0.0032287432792988,-0.0018486245885687,0.0027768317038662,13.239999771118164,0.0921785645898328,0.1071098208082485,0.1150273588903206,1,Bull
2024-03-27,0.007214572450621,0.008368605167951,0.0098689300410025,12.779999732971191,0.0953450123773791,0.1085975403136964,0.1146585114053782,1,Bull
2024-03-28,0.0128175282024099,-0.0001911638847705,-0.0008453386980047,13.010000228881836,0.0949805410894259,0.1070342305136382,0.1186674509866659,1,Bull
2024-04-01,0.0101563288270648,-0.0017412787581364,-0.018816701475603,13.649999618530272,0.095440915220174,0.1239094538232704,0.120425913339413,1,Bull
2024-04-02,0.0146643119619138,-0.0063783205372881,-0.0055259444577546,14.609999656677246,0.0945900250447327,0.1225325766135282,0.1150450507073775,1,Bull
2024-04-03,0.0087341210150368,0.0010978209049694,-0.0002171103830875,14.329999923706056,0.0943758011803992,0.1220882346169249,0.1081815149000941,1,Bull
2024-04-04,-0.0057512117823675,-0.0122811271694294,0.0071465292167267,16.350000381469727,0.0978687761352278,0.1133184688946372,0.1128644758775474,1,Bull
2024-04-05,0.0169693993046901,0.0103925696607998,-0.014016407933003,16.030000686645508,0.1025004343813263,0.1184479675219596,0.121396573675156,1,Bull
2024-04-08,0.0062091685195616,0.000559228047204,-0.000109868911169,15.1899995803833,0.0972232489615555,0.1185921301546126,0.1215182615662816,1,Bull
2024-04-09,0.0054820013282544,0.0011561042728221,0.0092590482736136,14.979999542236328,0.0942855543023758,0.1250083039498652,0.1205298672416482,1,Bull
2024-04-10,-0.0095089230354046,-0.0100636073410785,-0.0220342375460644,15.800000190734863,0.1015026011842715,0.1434822548718307,0.1287984491531902,1,Bull
2024-04-11,0.0192468328744955,0.007518652736311,-0.0045547558945723,14.90999984741211,0.0979764792781458,0.1421515545534102,0.129676791167118,1,Bull
2024-04-12,-0.01332774609336,-0.0138993139846112,0.0053303257610656,17.309999465942383,0.1095087052172064,0.1443478474599031,0.1432434968832018,1,Bull
2024-04-15,0.0185461080043557,-0.0126073015040756,-0.0156269432935901,19.229999542236328,0.1174312886842148,0.1445265070810311,0.1492396942491436,1,Bull
2024-04-16,0.0012212692273934,-0.0018254140594967,-0.0066596000692323,18.39999961853028,0.1154333121341329,0.1452762208459379,0.1470760683511418,1,Bull
2024-04-17,-0.0073955324112902,-0.0059358226991669,0.0110373355937602,18.209999084472656,0.1143021680613494,0.152364596610932,0.152787352347327,1,Bull
2024-04-18,0.0034096367107846,-0.0020598467928227,-0.0050531469662706,18.0,0.1116925181897435,0.1519264967936179,0.1514951590887785,1,Bull
2024-04-19,0.0031266420969041,-0.008766562247691,0.0035958118887301,18.709999084472656,0.1072088357148908,0.1530692222724201,0.14928147701943,1,Bull
2024-04-22,-0.0250127166271575,0.0091669356470604,-0.0016839387371494,16.940000534057617,0.1128976330183498,0.152397174838435,0.1799275741216955,1,Bull
2024-04-23,-0.0024616906480957,0.0117967528384333,0.0003370708760428,15.6899995803833,0.1227377117315185,0.1468894743192915,0.1765703268389394,1,Bull
2024-04-24,-0.0018618228395408,-0.000474781846108,-0.0071013263888727,15.970000267028809,0.1226831347151422,0.1475306913499376,0.1774997904784006,1,Bull
2024-04-25,0.0059457569557404,-0.0038060812728499,-0.0070384885822481,15.369999885559082,0.1229736178002175,0.1470086847459136,0.17776838113468,1,Bull
2024-04-26,0.0032366836371748,0.0094293511974797,0.0052267563589436,15.029999732971191,0.1240881383244748,0.1427106510918462,0.1771860362279075,1,Bull
2024-04-29,-0.0020332837588085,0.0035351734327956,0.0083515543206271,14.670000076293944,0.1252031572607159,0.1480834564184678,0.1743361874585316,1,Bull
2024-04-30,-0.0201385041179373,-0.0159680908223586,-0.0085780154971135,15.649999618530272,0.1352735666942664,0.1380079504143686,0.1882970098360444,1,Bull
2024-05-01,0.0090213374183556,-0.0032524345889176,0.0073439034757425,15.390000343322754,0.134393451721576,0.1413563261106495,0.1840740828760686,1,Bull
2024-05-02,-0.0030918623251211,0.0093099343974795,0.0042816320081174,14.68000030517578,0.1394835251539464,0.1427902466123382,0.1820780981411758,1,Bull
2024-05-03,-0.000797944909942,0.0123191046960471,0.010068193827977,13.489999771118164,0.1411847177177813,0.1453435752936982,0.1808814138758597,1,Bull
2024-05-06,0.0104634279333738,0.0102739592360301,0.0038883744699598,13.489999771118164,0.1410735108293602,0.1387121653079731,0.1746334642640868,1,Bull
2024-05-07,-0.0046109404994196,0.0011027634341477,0.0060796435870439,13.229999542236328,0.1411215243085775,0.1405554890984066,0.1738169457671598,1,Bull
2024-05-08,-0.0029453952906236,9.653142995600288e-05,-0.0060796435870438,13.0,0.1410461230994861,0.1376052873754206,0.1726087061768088,1,Bull
2024-05-09,0.0156554198611632,0.0057453925371308,0.0048666499013982,12.6899995803833,0.1377020919292566,0.11528735281371,0.1787050475027287,1,Bull
2024-05-10,0.0080797838943197,0.0012873350279925,-0.0056429501995349,12.550000190734863,0.1354054998274059,0.1159343527944333,0.1676266998049372,1,Bull
2024-05-13,-0.0112653199553875,0.0001344334714482,0.0025487828806367,13.600000381469728,0.1252614342627297,0.1148179635151072,0.1657388687662122,1,Bull
2024-05-14,0.0084264427207495,0.0045777601022259,0.0056287176682577,13.420000076293944,0.1156391903544877,0.1006389303936928,0.1547042107363137,1,Bull
2024-05-15,0.0127570324481879,0.012306805293928,0.0135550239029867,12.449999809265137,0.1204027301119089,0.1049892743758419,0.1614486211759013,1,Bull
2024-05-16,-0.0039009421414324,-0.0020596643455437,-0.0009775644386457,12.420000076293944,0.1177324471758389,0.1003549842534977,0.1598974225241821,1,Bull
2024-05-17,0.0163631628294419,0.0014364832035496,-0.0067610824781211,11.989999771118164,0.1166046991068816,0.1019436785334887,0.1693003251523728,1,Bull
2024-05-20,0.0040158632080744,0.0011512647981854,-0.002958768883404,12.149999618530272,0.1090570492524571,0.1027866971787167,0.1694880331454366,1,Bull
2024-05-21,-0.0014706294501547,0.002449767325216,0.0051446915491128,11.859999656677246,0.1069213343571123,0.1030879659895444,0.1417401771993175,1,Bull
2024-05-22,-0.0185448675645656,-0.0028835635878153,0.00120028728086,12.289999961853027,0.1036131022017564,0.1030051723496311,0.1579625519219046,1,Bull
2024-05-23,-0.0201461480391864,-0.0073309614478189,-0.0064546973810228,12.770000457763672,0.1084716855357249,0.1023412141483356,0.1741640992486412,1,Bull
2024-05-24,0.0009266841017383,0.0065945989929687,0.0029590021135616,11.93000030517578,0.1075602487587923,0.0974456431104859,0.1729555803229244,1,Bull
2024-05-28,0.0104582937944146,0.000698601361964,-0.0144396570335361,12.920000076293944,0.1045746039493157,0.1121499102282321,0.1764326474982257,1,Bull
2024-05-29,-0.0093473628703687,-0.0070270871166535,-0.012175217283597,14.279999732971191,0.1089033994458287,0.1179215815888183,0.1794674782020315,1,Bull
2024-05-30,0.0018949634848045,-0.0066558050403558,0.0096184079310883,14.470000267028809,0.0938474617346459,0.117766732426771,0.1638747503265656,1,Bull
2024-05-31,-0.0058814360935925,0.0090668483612123,0.006766904612004,12.920000076293944,0.0949917027739657,0.1173935092904401,0.162863321460898,1,Bull
2024-06-03,0.0088782519267913,0.0008150657972758,0.0160451226863319,13.109999656677246,0.0918288249924723,0.1281130425352707,0.1649548921607846,1,Bull
2024-06-04,-0.0090175964182102,0.001117235812041,0.0116134804636333,13.15999984741211,0.0839856486797476,0.12950947123976,0.1684447722616887,1,Bull
2024-06-05,0.0117759932192949,0.0118150928949357,0.0073111559072524,12.630000114440918,0.0861409066317066,0.1307947986634193,0.1694798433401502,1,Bull
2024-06-06,0.0073641743967564,-1.8709454566146043e-05,-0.0015008928933522,12.579999923706056,0.0863164505486892,0.1303063880620662,0.1699379424334321,1,Bull
2024-06-07,-0.0363355128406581,-0.0012165147718674,-0.0185159778583374,12.220000267028809,0.0867209397793186,0.1455772690122433,0.2137773275722391,1,Bull
2024-06-10,0.0091264084806259,0.0030850293585066,-0.0066890075894235,12.739999771118164,0.0855712917664222,0.1470551714765819,0.2087187268158494,1,Bull
2024-06-11,0.0028525382508942,0.0024054409931384,0.0102892056182218,12.850000381469728,0.0856408111968963,0.1492837999437842,0.2067067896864726,1,Bull
2024-06-12,0.0026581839081537,0.0081796513710359,0.0074856549613379,12.039999961853027,0.0885676046737241,0.1508762811143123,0.2036011240336701,1,Bull
2024-06-13,-0.0081835430171976,0.0020112774649625,0.014592517906137,11.9399995803833,0.088010160802177,0.1571856312805979,0.2027180389108498,1,Bull
2024-06-14,0.0128762895266324,0.000608135717575,0.0083799397606176,12.65999984741211,0.0791487285572367,0.1532488146992843,0.2028213799280477,1,Bull
2024-06-17,-0.0052051757004508,0.0079274899383204,-0.0099788183614422,12.75,0.0815630982813046,0.1581560652547634,0.2030963843422752,1,Bull
2024-06-18,0.0039992641040523,0.0025374830869674,0.0091333133218189,12.300000190734863,0.0816193427926223,0.1578560332989968,0.1939438321770708,1,Bull
2024-06-20,0.0124070609422334,-0.0027202276049832,-0.0066827142255124,13.279999732971191,0.083026481881123,0.1597862281703411,0.1992084024035789,1,Bull
2024-06-21,-0.0156145125771138,-0.0013416056626281,0.0,13.199999809265137,0.083516228025968,0.1593511861709173,0.2052267058811521,1,Bull
2024-06-24,0.0039497558204108,-0.0032559218692771,0.0040362121489271,13.329999923706056,0.0837618321316852,0.1596137267981061,0.1970785631272337,1,Bull
2024-06-25,-0.0049745904122726,0.0038434532800629,0.0016945083935901,12.84000015258789,0.0780005305201498,0.156961796301616,0.1851326772139475,1,Bull
2024-06-26,-0.009271011435783,0.0012473735559663,-0.014388764124456,12.550000190734863,0.0760619495495765,0.1666921899754941,0.1876643319426033,1,Bull
2024-06-27,0.0112731442499241,0.0015752820100936,0.0039643567293252,12.239999771118164,0.0759949440491699,0.1570188634357157,0.1882972811269544,1,Bull
2024-06-28,9.297215668029186e-05,-0.0039427531466398,-0.0187808066538419,12.4399995803833,0.0722313641597821,0.1659223203682311,0.1856582201222596,1,Bull
2024-07-01,0.002601203635874,0.0020556593102274,-0.0174095508193199,12.220000267028809,0.0654159283804211,0.1756721792099446,0.1857773020727088,1,Bull
2024-07-02,-4.643502198142268e-05,0.0067071967952986,0.0077552397650594,12.029999732971191,0.0627422253793033,0.1761596922089147,0.1846330435159129,1,Bull
2024-07-03,0.0112099336370616,0.0044527041638776,0.0130476980140222,12.09000015258789,0.0630911251507631,0.1730841733185353,0.1862065962864069,1,Bull
2024-07-05,0.0133966607346947,0.0057499085248455,0.0082448073720961,12.479999542236328,0.0640841049082469,0.170675381473891,0.1884489699843341,1,Bull
2024-07-08,-0.0124796220872563,0.0011533873169999,0.0021583181575353,12.369999885559082,0.0543869297517183,0.1688538869202163,0.1900801366992069,1,Bull
2024-07-09,0.0016943111880905,0.0009718951024171,-0.0044295546186629,12.510000228881836,0.0540412519143047,0.1694526687242064,0.1883496127528753,1,Bull
2024-07-10,0.0036536533844153,0.0098466683543024,0.0031350336910881,12.850000381469728,0.0590930615620686,0.1561899416169454,0.135053831814211,1,Bull
2024-07-11,0.0175780011601844,-0.0086598912478963,0.0096682165548629,12.920000076293944,0.0705873716756494,0.15666335193382,0.1437885885148662,1,Bull
2024-07-12,-0.0006272936376368,0.0062875121600372,0.0042672601690469,12.460000038146973,0.0721533241592289,0.1537783495883575,0.1440694783027315,1,Bull
2024-07-15,0.0032219172131206,0.0027463461663533,-0.0115633188273837,13.119999885559082,0.068813722197653,0.158115940920101,0.1441175310720449,1,Bull
2024-07-16,0.0197298778200488,0.0059127891512463,0.0140085056859902,13.1899995803833,0.070209630561551,0.1574635839062413,0.1515634809615851,1,Bull
2024-07-17,-0.004654019570798,-0.0141202878356787,0.0002125674904305,14.479999542236328,0.0898844028960162,0.15469926771418,0.1497740003210165,1,Bull
2024-07-18,-0.0064016331545466,-0.0077146054530216,-0.0076734444240506,15.93000030517578,0.0918384933240615,0.1530398435600631,0.1506019086601181,1,Bull
2024-07-19,-0.0181006622306461,-0.006662978110872,-0.0059016924008541,16.520000457763672,0.0949155826095382,0.150600596841432,0.1663133707127509,1,Bull
2024-07-22,0.0003156824791686,0.0102574789586108,-0.0029100049683305,14.90999984741211,0.1003795432323838,0.1492724518590368,0.1613989679298244,1,Bull
2024-07-23,0.0035105070964616,-0.0015698651252373,-0.0014040204757831,14.720000267028809,0.1004444201861646,0.1492903732213125,0.1501120901530017,1,Bull
2024-07-24,-0.0035105070964615,-0.0229233342640557,-0.0108676462921062,18.040000915527344,0.129394273251861,0.1523738485278737,0.1509248401594941,2,Bear
2024-07-25,-0.0157684006136557,-0.0052240135654185,0.0081616752241685,18.459999084472656,0.129695646387605,0.1555850648808818,0.1609189583355154,2,Bear
2024-07-26,0.0104794243898432,0.0111374594375539,0.0077729435919468,16.389999389648438,0.135817113336971,0.150383760587003,0.1598397984818301,2,Bear
2024-07-29,-0.0014060442276131,0.000587606912586,0.0053623746900071,16.600000381469727,0.1357072561294773,0.1509170295230776,0.1563377149816114,2,Bear
2024-07-30,0.0099359361835447,-0.005079226648964,0.0038435267620916,17.690000534057617,0.1361647921475202,0.1346596219483907,0.159178798955373,2,Bear
2024-07-31,0.0179486801762798,0.0161237791373595,0.0101772119138752,16.360000610351562,0.1473552360840685,0.1196629709544426,0.168932418801611,2,Bear
2024-08-01,-0.0034488837098834,-0.0142621367501381,0.0085878071465392,18.59000015258789,0.1539382922099431,0.1201550584052098,0.1699526512729157,2,Bear
2024-08-02,-0.0019064443892985,-0.0187937739146978,0.0306857988449767,23.38999938964844,0.1651266101058281,0.1510930716344498,0.1672468784188968,2,Bear
2024-08-05,-0.0127731657626244,-0.0295562704052599,0.005276954432725,38.56999969482422,0.1888355588739796,0.1502429936241749,0.1685123049055752,2,Bear
2024-08-06,-0.0080328912868502,0.0091772244967585,-0.0226225195915598,27.709999084472656,0.1932207411236391,0.1750235358302344,0.1649179644177785,2,Bear
2024-08-07,-0.0006798590470787,-0.0067064340838278,-0.00706489379639,27.850000381469727,0.1930980497670251,0.1764914214379004,0.1649145025256768,2,Bear
2024-08-08,0.0155662288057782,0.0228542747843477,-0.0061703685560663,23.790000915527344,0.2088659262987969,0.1786412089233415,0.1728205806242134,2,Bear
2024-08-09,0.0024522519879112,0.0043998243648269,0.0098131289825548,20.3700008392334,0.2090507157392028,0.1787252131863583,0.1621510622231649,2,Bear
2024-08-12,0.0169993545119223,0.0005253201136751,0.0036290278634344,20.709999084472656,0.2070976224154722,0.1786153954910039,0.1721015957237157,2,Bear
2024-08-13,-0.001533534169487,0.0163118921339587,0.0069113774031981,18.1200008392334,0.2164080261155545,0.1729759761039603,0.1721574844074263,2,Bear
2024-08-14,-0.0081891913335011,0.0031496410806414,0.0062509494227774,16.190000534057617,0.215395467615985,0.1684285335893447,0.1604305660552137,2,Bear
2024-08-15,0.0031339290416113,0.0169950105039489,-0.008103051001566,15.229999542236328,0.2199170584277216,0.171968700578323,0.1601198428588707,2,Bear
2024-08-16,0.0221408117352879,0.0022395823466458,0.003495604958725,14.800000190734863,0.2184048138271595,0.1686950580743413,0.1756649794120528,2,Bear
2024-08-19,-0.0016393656726291,0.0095159503005719,0.004607446042841,14.649999618530272,0.2192426117952906,0.1662944444079144,0.1614475068907967,2,Bear
2024-08-20,0.0036632708025022,-0.0016274376002698,0.0079364386307061,15.880000114440918,0.2167105943139675,0.1659779752178621,0.1614040909582328,2,Bear
2024-08-21,-0.0013345079227065,0.003430772700339,0.0006082276479409,16.270000457763672,0.2168457377619341,0.1654268308909955,0.1617939421022055,2,Bear
2024-08-22,-0.0120472892564779,-0.0078795394016881,-0.0099758746405027,17.549999237060547,0.2020542896681778,0.1644939927050472,0.1680424127753224,2,Bear
2024-08-23,0.0114871943432589,0.0105694792658812,0.0065260221352648,15.859999656677246,0.2030326275589264,0.1639809717928096,0.1588226387122873,2,Bear
2024-08-26,0.0031842629268953,-0.0023869587657395,-0.0025442460895184,16.149999618530273,0.200801004395183,0.1642634101146068,0.1564261493857655,2,Bear
2024-08-27,0.0027030152296242,0.0013722679580304,-0.001733641067789,15.43000030517578,0.2007789587942962,0.1646667711054821,0.1557634593161936,2,Bear
2024-08-28,-0.007051666972008,-0.0058221662477602,-0.0012256823682917,17.110000610351562,0.201099443219421,0.165037855194089,0.1569921615620014,2,Bear
2024-08-29,0.0051646207163568,8.951821015109205e-05,-0.0032756530885698,15.649999618530272,0.1938588345052494,0.1633602314425064,0.1464544140868398,2,Bear
2024-08-30,-0.0071515197828322,0.0095008221682043,-0.0107206949788665,15.0,0.1882263035799267,0.1664759881521927,0.1485226947735581,2,Bear
2024-09-03,-0.0043329502735323,-0.0207938049176284,0.0162230587873078,20.71999931335449,0.1910864378385001,0.138759042732154,0.1493872730990774,2,Bear
2024-09-04,0.0006077417877377,-0.0020489746168683,0.0128076964105735,21.31999969482422,0.1547215486490565,0.1447603343233167,0.1407449468913855,2,Bear
2024-09-05,0.0082977849059201,-0.0024351148581778,0.0056399669560933,19.89999961853028,0.1541019275088907,0.119358614070848,0.1378970250297845,2,Bear
2024-09-06,-0.0074301658514057,-0.0169731657159521,-0.000100246972545,22.3799991607666,0.1654654808876787,0.1153581186174675,0.1417558681377868,2,Bear
2024-09-09,0.0041970561043253,0.011133871189323,0.00430944500674,19.450000762939453,0.1511740654393402,0.1117376512882151,0.1334007471522764,2,Bear
2024-09-10,0.0043944278678479,0.0043462129415687,0.0069766846659212,19.07999992370605,0.1511607462123714,0.1097919910241177,0.1337287760107911,2,Bear
2024-09-11,-0.0015918222264343,0.0102067941110595,-0.0007952046946538,17.690000534057617,0.1541528932708057,0.1101847980441361,0.1218749895399807,1,Bull
2024-09-12,0.0174147634461192,0.0083877835742453,-0.0046824199018288,17.06999969482422,0.1470686148018201,0.1111038203398435,0.1343526002966857,1,Bull
2024-09-13,0.0098945708274604,0.00520925883835,0.0026926582120989,16.559999465942383,0.1475364721444742,0.1098775614414736,0.1321741527860777,1,Bull
2024-09-16,-8.375168155570817e-05,0.001475923113059,0.0091207038960491,17.139999389648438,0.1364763983899472,0.1073472857574373,0.1324669594187142,1,Bull
2024-09-17,-0.0055462634787816,0.0004082642119479,-0.0048472544214628,17.610000610351562,0.1363861396083859,0.1099235674760781,0.1139114203364999,1,Bull
2024-09-18,-0.0077403447317754,-0.0029700262221898,-0.0124734902308164,18.229999542236328,0.1330892384518948,0.119877764428193,0.1176496375007156,1,Bull
2024-09-19,0.0154212364194876,0.0169204170686115,-0.003318915382009,16.329999923706055,0.1449457175244442,0.1179671663969754,0.1278681221489032,1,Bull
2024-09-20,0.0126305576825315,-0.0017302409759477,-0.0038358736209142,16.149999618530273,0.1449736063885198,0.1188875890507677,0.1332066789643273,1,Bull
2024-09-23,0.001938526716101,0.0024958171240923,-0.0021261763283138,15.890000343322754,0.1415715742357181,0.1133817292865317,0.1230175595555091,1,Bull
2024-09-24,0.0138724051716508,0.0028571377996975,-0.0002024162017347,15.390000343322754,0.1376646530100984,0.1113284232510924,0.1254217015630555,1,Bull
2024-09-25,-0.0013827232563758,-0.0022078885428664,-0.0083470312973613,15.40999984741211,0.1376118999574645,0.1149396947880708,0.1262403513887338,1,Bull
2024-09-26,0.0050739895820529,0.0039568006453575,0.0023482550864119,15.369999885559082,0.1380084435701761,0.1150318573513908,0.126535785776537,1,Bull
2024-09-27,-0.0079674870876457,-0.0014511985253252,0.0051873701735048,16.959999084472656,0.1360840220849942,0.1161710072790186,0.127461019528479,1,Bull
2024-09-30,-0.0080315409050219,0.0039991125885928,-0.0047793076553414,16.729999542236328,0.1363354172346748,0.1169018701618071,0.1322884759710549,1,Bull
2024-10-01,0.0104365981433151,-0.0089988006666876,0.0071937908004425,19.26000022888184,0.1376130844551325,0.1117240379604906,0.1309426447103365,1,Bull
2024-10-02,0.0002035664766649,0.0004219927196508,-0.0084629264549584,18.89999961853028,0.1136723658611365,0.1024814709347609,0.1287267171163989,1,Bull
2024-10-03,-0.0006922454344502,-0.0018299590972014,-0.0094651218873684,20.489999771118164,0.1135869694643196,0.0965834762246163,0.1291190424429094,1,Bull
2024-10-04,-0.0019980250389979,0.0090463381243774,-0.0123771019457009,19.209999084472656,0.1154191872163816,0.1011500023026208,0.1287363868141444,1,Bull
2024-10-07,-0.0033935140367649,-0.0090815709019812,-0.0075639652202132,22.63999938964844,0.1013417289983003,0.1028516194957697,0.1255227985453057,1,Bull
2024-10-08,-0.0073992324943445,0.0094132071907571,0.0016856412199928,21.420000076293945,0.0996569193353952,0.1011584450752321,0.1301424243347191,1,Bull
2024-10-09,-0.0054610705017173,0.0069025836206275,-0.0057010047443977,20.86000061035156,0.1006669744891671,0.0959243933141345,0.132471844408455,1,Bull
2024-10-10,0.0073160647670896,-0.0017514863986942,-0.0039250142002011,20.93000030517578,0.0976769357243995,0.0956744174000211,0.1332784269086849,1,Bull
2024-10-11,0.0108542868688607,0.0059703011426085,-0.0040472643215436,20.459999084472656,0.0960220788516296,0.0955624243950591,0.1255026538032755,1,Bull
2024-10-14,-0.0016308312397319,0.0081450809678119,0.0007466359974996,19.700000762939453,0.0978338881434039,0.0943285935494629,0.1224579943437876,1,Bull
2024-10-15,0.0034623584364339,-0.0078001821232875,0.0120841818318948,20.63999938964844,0.1035685235749986,0.0995802666713495,0.1225844533052778,1,Bull
2024-10-16,0.0049891427128232,0.0043370790357083,0.0042056764533637,19.57999992370605,0.1039126847707076,0.1023224183703006,0.12044727883814,1,Bull
2024-10-17,0.0059704521617617,8.577972710240778e-05,-0.0159696933901948,19.11000061035156,0.1026976945492856,0.1072027897881622,0.1158560433304085,1,Bull
2024-10-18,0.0105622079795934,0.0038392071411912,0.0007456660306344,18.030000686645508,0.0874395269724216,0.1078292586744047,0.1101533328792556,1,Bull
2024-10-21,-0.0001990210805239,-0.0016434483217905,-0.0176251831980343,18.3700008392334,0.0874025429905766,0.1198805428657572,0.103851951647427,1,Bull
2024-10-22,0.0107295555236377,-0.0005312332301049,0.0009752379133334,18.200000762939453,0.0874973369222858,0.1206967239419688,0.1084286137172753,1,Bull
2024-10-23,-0.0121237524316151,-0.009179748378525,-0.0027115433679117,19.239999771118164,0.0941795775776456,0.1202724932107018,0.1104179661719272,1,Bull
2024-10-24,0.0076638171342995,0.0021606065832253,0.0063877649568514,19.07999992370605,0.0937801183105427,0.1230242133238582,0.1124689331058558,1,Bull
2024-10-25,0.0020548662166116,-0.0003453277083204,-0.005627826879815,20.32999992370605,0.0931154875733071,0.122219444651763,0.1116931933951775,1,Bull
2024-10-28,3.945329776617785e-05,0.0030866572965085,-0.0027170255290791,19.799999237060547,0.093208864752921,0.1187182445419795,0.1067404755124584,1,Bull
2024-10-29,0.0108359370369524,0.0016169774900277,0.0015223619645682,19.34000015258789,0.0925330323430095,0.1196572355150926,0.1053161066104893,1,Bull
2024-10-30,0.0054907892079315,-0.0030298165972406,0.0029296511792453,20.350000381469727,0.0868159948212962,0.1159857883938887,0.1019518682966255,1,Bull
2024-10-31,-0.0156164717872706,-0.0197979655740463,0.0016237552501304,23.15999984741211,0.1127358946878048,0.1153608916455135,0.1192215544043828,2,Bear
2024-11-01,-0.0041108137059422,0.0042117876352084,-0.0141985899532054,21.8799991607666,0.1134530944332547,0.119977604891257,0.120593076795065,2,Bear
2024-11-04,0.0014248987496042,-0.0021562296731947,0.0154026670989826,21.979999542236328,0.1090860641332344,0.1302920451477566,0.1199824284116209,2,Bear
2024-11-05,0.0022519104403696,0.0120191873584558,0.0052976511256734,20.489999771118164,0.1120451731130798,0.1303838618778328,0.1186690168911017,2,Bear
2024-11-06,-0.0308579766940855,0.0245614680676124,-0.0277705190212937,16.270000457763672,0.1364492536218788,0.1596623068564707,0.161569588483727,2,Bear
2024-11-07,0.0159486453918611,0.0077023217162883,0.0124500391586235,15.199999809265137,0.1368784889493605,0.1670075244863568,0.1682506363322265,2,Bear
2024-11-08,-0.0067924425881973,0.0043223876269364,0.0126209002879067,14.9399995803833,0.1366774995582792,0.173609350581992,0.1693790454882594,2,Bear
2024-11-11,-0.0237514011511919,0.0009524761854902,-0.0048771004450685,14.970000267028809,0.1358462182840581,0.1738375331933059,0.1856452047060428,2,Bear
2024-11-12,-0.0086688210689802,-0.0031111784923821,-0.0151070427952834,14.710000038146973,0.1345510506396595,0.1807244096852336,0.1877030260450732,2,Bear
2024-11-13,-0.0101323849976972,0.0004856515154109,-0.0095314296259112,14.020000457763672,0.1307185919823811,0.1757789492765538,0.1895426883156149,2,Bear
2024-11-14,-0.0026125515313782,-0.0064507787567021,0.0057741713559172,14.3100004196167,0.1329956547929693,0.1766120642370302,0.1880194637830484,2,Bear
2024-11-15,-0.0017736414154014,-0.0128914477105367,-0.0026608458970685,16.139999389648438,0.141327422825657,0.1696065435884905,0.185786223900101,2,Bear
2024-11-18,0.0188416228259249,0.0040889046627615,0.0017745332320523,15.579999923706056,0.1414093420407264,0.1698358543495794,0.1950281471282573,2,Bear
2024-11-19,0.0089194284947082,0.0036490285620782,0.0050845478299537,16.350000381469727,0.1416862026285919,0.1610257489034078,0.1985964305463571,2,Bear
2024-11-20,0.0056162450322957,0.0003386364307291,-0.0032023080509082,17.15999984741211,0.1416352820673098,0.1611492461442414,0.195381453729833,2,Bear
2024-11-21,0.0083049188862222,0.0053538781919065,-0.0007747647425161,16.8700008392334,0.1379124780541878,0.1610046816543373,0.194566747896116,2,Bear
2024-11-22,0.012809813332372,0.0030946948639429,0.0005535933987151,15.239999771118164,0.1380260007553337,0.1590050636654893,0.1981725018413393,2,Bear
2024-11-25,-0.0299014831873057,0.0033864118995236,0.0255582483898577,14.600000381469728,0.1380643472589195,0.1825725420294529,0.2223069917425965,2,Bear
2024-11-26,0.0019364331609544,0.0052076888411089,-0.0038897505760995,14.100000381469728,0.1385666861227454,0.1828749744133082,0.2226320344237874,2,Bear
2024-11-27,0.0022202481870022,-0.0030346600384759,0.0069045889853431,14.100000381469728,0.1394924114795522,0.1842333952969988,0.218335948624667,2,Bear
2024-11-29,0.0085875674425342,0.0061929533161371,0.0102685707134395,13.510000228881836,0.1394804744239377,0.1871018803045902,0.2200037540173392,2,Bear
2024-12-02,-0.0087929483026939,0.0017907573893533,0.0024000017755136,13.34000015258789,0.1152787324658576,0.1871530538075792,0.2160158451689254,1,Bull
2024-12-03,0.0020107532444556,0.0004637779193025,-0.0086664520469273,13.300000190734863,0.1154492291146655,0.1823939028750603,0.2162778964530597,1,Bull
2024-12-04,0.0030290874860776,0.0061903007044189,0.0106883909380844,13.449999809265137,0.1146753173778735,0.1784953357879069,0.2166353024832606,1,Bull
2024-12-05,-0.0074252082091734,-0.0016469558453838,0.0020180311950467,13.539999961853027,0.1109370291132715,0.1778817816450652,0.2170817423495411,1,Bull
2024-12-06,0.0003705001517975,0.0018938421023573,0.0014843189658938,12.770000457763672,0.0762916341406128,0.144050077928026,0.1900926947108033,1,Bull
2024-12-09,0.0098708740029185,-0.0051630340612521,-0.0092599735528014,14.1899995803833,0.0757721757478129,0.1444581886014707,0.1845365042179411,1,Bull
2024-12-10,0.0130784159809939,-0.0031139625452146,-0.0047158989997136,14.18000030517578,0.0756959818718738,0.1397357424603989,0.189219351185872,1,Bull
2024-12-11,0.0094886523605948,0.0077009361060259,-0.009499222252058,13.579999923706056,0.0798510616641711,0.1428460859377965,0.1704881707085578,1,Bull
2024-12-12,-0.0147722977478215,-0.0051660168359618,-0.0122217946145982,13.920000076293944,0.0813850940942492,0.1392425400776952,0.1763763501067899,1,Bull
2024-12-13,-0.0121652762233744,-0.0001984359347872,-0.0102632898849486,13.8100004196167,0.0814305359940257,0.1399206963764569,0.1781843654375689,1,Bull
2024-12-16,0.0024122979128055,0.0042608930445313,0.0029905201448192,14.6899995803833,0.0782068232792133,0.1388895485660849,0.1776377459231099,1,Bull
2024-12-17,-0.0038460111534536,-0.004128563775186,0.002430138340488,15.869999885559082,0.0628926686845648,0.1386795998974025,0.1782710485889205,1,Bull
2024-12-18,-0.0193714996395324,-0.0302566235799409,-0.012583027502048,27.6200008392334,0.1259213520919952,0.1457056245499647,0.1804506663099707,2,Bear
2024-12-19,0.0014200879312812,-0.0003070464534953,-0.0152572971289983,24.09000015258789,0.1251602684945766,0.1532141803621829,0.1774348645124065,2,Bear
2024-12-20,0.0103799974396683,0.0119393312611692,0.0056780422311278,18.36000061035156,0.1322059170166623,0.1548260099993586,0.1803221808878922,2,Bear
2024-12-23,-0.0047199166802107,0.0059704650135172,-0.0092144443531847,16.780000686645508,0.1325249223527142,0.1575657844648029,0.1779441150936911,1,Bull
2024-12-24,0.0019900326568706,0.0110535411061875,0.0042195050563373,14.270000457763672,0.1374596987554444,0.1585799106173814,0.1710925397826349,1,Bull
2024-12-26,0.0067284927019149,6.662442316862978e-05,-0.0005692660833637,14.729999542236328,0.1370986817011057,0.1259174981082608,0.1388368689162432,1,Bull
2024-12-27,-0.0068942144537038,-0.0105823097952763,-0.0082322497188002,15.949999809265137,0.1410668335501065,0.1275223209042202,0.1407347662042713,1,Bull
2024-12-30,-0.0031947790408758,-0.0114771165822757,0.0080046551733998,17.399999618530273,0.1460795631357047,0.1285913058808853,0.1407607286365489,1,Bull
